# Blender 4.2.3 LTS
# www.blender.org
mtllib GGoat.mtl
o Cylinder.001
v 0.000000 0.667640 -0.512587
v 0.228306 0.774995 -0.205229
v 0.320644 1.965042 -0.248902
v 0.573805 1.956440 0.016778
v 0.177168 0.667640 0.508378
v 0.345686 1.954460 0.381358
v 0.000000 0.667640 0.642353
v 0.000000 0.783153 -0.617033
v 0.210738 1.764698 -0.356457
v 0.224060 1.567334 -0.369117
v 0.260875 1.369970 -0.435583
v 0.348419 1.172606 -0.498883
v 0.334757 0.975242 -0.502048
v 0.316429 0.777878 -0.483058
v 0.540267 1.764698 -0.177168
v 0.587695 1.567334 -0.205653
v 0.644962 1.369970 -0.224643
v 0.715087 1.172606 -0.237303
v 0.700806 0.975242 -0.240469
v 0.559019 0.777878 -0.208818
v 0.721669 1.567334 0.000000
v 0.778937 1.369970 0.000000
v 0.849061 1.172606 0.000000
v 0.834781 0.975242 0.000000
v 0.721478 0.784208 0.000000
v 0.540267 1.764698 0.183498
v 0.587695 1.567334 0.205653
v 0.644962 1.369970 0.278449
v 0.715087 1.172606 0.332254
v 0.700806 0.975242 0.370234
v 0.559019 0.777878 0.297439
v 0.210738 1.764698 0.549524
v 0.224060 1.567334 0.571679
v 0.260875 1.369970 0.644474
v 0.348419 1.172606 0.698279
v 0.334757 0.975242 0.736260
v 0.316429 0.777878 0.663464
v 0.000000 0.975242 0.870234
v 0.000000 0.777878 0.797439
v 0.000000 1.958251 -0.463601
v 0.000000 1.942767 0.703284
v 0.000000 1.172606 0.830353
v 0.000000 1.369970 0.772393
v 0.000000 1.567334 0.700250
v 0.000000 1.764698 0.675829
v 0.000000 1.172606 -0.630957
v 0.000000 1.369970 -0.563502
v 0.000000 1.567334 -0.497689
v 0.000000 1.764698 -0.482763
v 0.414492 -0.004117 -0.316283
v 0.573508 -0.004117 -0.219676
v 0.692424 0.004674 0.038224
v 0.573508 -0.004117 0.311299
v 0.414492 -0.004117 0.407906
v 0.217316 0.000278 0.311299
v 0.130088 0.013466 0.038224
v 0.125926 0.604524 0.064883
v 0.217316 0.000278 -0.219676
v 0.414492 0.150087 -0.331290
v 0.414492 0.306314 -0.331290
v 0.414492 0.401878 -0.305970
v 0.414492 0.618768 -0.305970
v 0.573508 0.618768 -0.205229
v 0.562958 0.401878 -0.205229
v 0.573508 0.306314 -0.230550
v 0.573508 0.150087 -0.230550
v 0.703626 0.618768 0.037980
v 0.682789 0.401878 0.037980
v 0.715319 0.306314 0.037980
v 0.715319 0.150087 0.037980
v 0.573508 0.618768 0.281190
v 0.562958 0.401878 0.281190
v 0.573508 0.306314 0.322335
v 0.573508 0.150087 0.322335
v 0.414492 0.618768 0.381931
v 0.414492 0.401878 0.381931
v 0.414492 0.306314 0.423076
v 0.414492 0.150087 0.423076
v 0.228306 0.618768 0.281190
v 0.233141 0.401878 0.281190
v 0.217316 0.306314 0.322335
v 0.217316 0.150087 0.322335
v 0.146633 0.570829 0.037980
v 0.151469 0.401878 0.037980
v 0.122456 0.306314 0.037980
v 0.122456 0.150087 0.037980
v 0.228306 0.618768 -0.205229
v 0.233141 0.401878 -0.205229
v 0.217316 0.306314 -0.230550
v 0.217316 0.150087 -0.230550
v 0.000000 0.604524 0.064883
v 0.413510 -0.004096 -0.315802
v 0.414492 -0.003222 -0.316370
v 0.491059 0.072476 0.365403
v 0.573508 -0.001722 -0.219845
v 0.492596 0.074121 -0.273074
v 0.662072 1.899600 0.000000
v 0.606496 1.857641 -0.078499
v 0.626345 1.629900 0.116221
v 0.621291 1.649604 -0.123208
v 0.598745 1.861837 0.092959
v 0.752811 1.743663 -0.123943
v 0.843667 1.743663 -0.123943
v 0.921249 1.743663 -0.123943
v 0.988997 1.743663 -0.123943
v 1.060240 1.743663 -0.117627
v 1.060240 1.633427 -0.071965
v 0.988997 1.628960 -0.076432
v 0.921249 1.628960 -0.076432
v 0.843667 1.628960 -0.076432
v 0.752810 1.628960 -0.076432
v 1.060240 1.587765 0.038271
v 0.988997 1.581449 0.038271
v 0.921249 1.581449 0.038271
v 0.843667 1.581449 0.038271
v 0.752810 1.581449 0.038271
v 1.060240 1.633427 0.148507
v 0.988997 1.628960 0.152973
v 0.921249 1.628960 0.152973
v 0.843667 1.628960 0.152973
v 0.752810 1.628960 0.152973
v 1.060240 1.743663 0.194168
v 0.988997 1.743663 0.200485
v 0.921249 1.743663 0.200485
v 0.843667 1.743663 0.200485
v 0.752810 1.743663 0.200485
v 1.060240 1.853899 0.148507
v 0.988997 1.858366 0.152973
v 0.921249 1.858366 0.152973
v 0.843667 1.858366 0.152973
v 0.752810 1.858366 0.152973
v 1.060240 1.899560 0.038271
v 0.988997 1.905877 0.038271
v 0.921249 1.905877 0.038271
v 0.843667 1.905877 0.038271
v 0.752810 1.905877 0.038271
v 1.060240 1.853899 -0.071965
v 0.988997 1.858366 -0.076432
v 0.921249 1.858366 -0.076432
v 0.843667 1.858366 -0.076432
v 0.752810 1.858366 -0.076432
v 1.188410 1.743663 -0.111355
v 1.111448 1.743663 -0.117627
v 1.188410 1.637862 -0.067530
v 1.111448 1.633427 -0.071965
v 1.188410 1.594038 0.038271
v 1.111448 1.587765 0.038271
v 1.188410 1.637862 0.144072
v 1.111448 1.633427 0.148507
v 1.188410 1.743663 0.187896
v 1.111448 1.743663 0.194168
v 1.188410 1.849464 0.144072
v 1.111448 1.853899 0.148507
v 1.188410 1.893288 0.038271
v 1.111448 1.899560 0.038271
v 1.188410 1.849464 -0.067530
v 1.111448 1.853899 -0.071965
v 1.380063 1.848389 0.185641
v 1.364490 1.601733 0.155104
v 1.397176 1.840547 -0.089541
v 1.423869 1.623405 -0.054493
v 1.337731 1.731052 0.124487
v 1.297908 1.866775 0.190694
v 1.277541 1.602086 0.185979
v 1.424622 1.599178 0.095431
v 1.313974 1.602086 -0.054725
v 1.421803 1.731855 -0.109793
v 1.319724 1.865834 -0.053855
v 1.409619 1.864612 0.108334
v 1.274155 1.733960 0.227780
v 1.293149 1.569313 0.075531
v 1.324296 1.733960 -0.103486
v 1.313721 1.904817 0.094174
v 1.432530 1.729955 0.072870
v 1.469439 1.643058 -0.028565
v 1.476166 1.618831 0.081881
v 1.371269 1.885487 -0.067404
v 1.352613 1.935232 0.063180
v 1.397237 1.814473 0.153338
v 1.281429 1.865834 0.199155
v 1.430372 1.862926 0.096301
v 1.301069 1.915579 0.076730
v 1.402541 1.891019 0.203051
v 1.320386 1.909406 0.208104
v 1.432096 1.907242 0.125744
v 1.336199 1.947447 0.111584
v 1.407685 1.907669 0.209591
v 1.400434 1.932463 0.199105
v 1.351730 1.945400 0.202840
v 1.325530 1.926055 0.214645
v 1.437240 1.923892 0.132284
v 1.418712 1.944103 0.153456
v 1.360776 1.966773 0.144413
v 1.341343 1.964097 0.118125
v 1.435657 1.869160 -0.042651
v 1.483370 1.818727 -0.035430
v 1.443798 1.851964 -0.052179
v 1.490107 1.788996 -0.040969
v 1.488445 1.712782 -0.041221
v 1.468424 1.743271 -0.072432
v 1.495025 1.844940 0.084736
v 1.407161 1.863915 0.058465
v 1.445977 1.868876 0.092199
v 1.513486 1.712579 0.087530
v 1.515114 1.787258 0.087777
v 1.448134 1.735905 0.068768
v 0.646383 3.654564 -0.646383
v 0.794490 2.209168 -0.609922
v 0.646383 3.754832 0.765251
v 0.794490 2.224206 0.939581
v 0.479432 2.219429 -0.704207
v 0.000000 2.179133 -0.751568
v 0.740668 3.533406 -0.740668
v 0.787287 2.964159 -0.788029
v 0.809067 2.453912 -0.723824
v 0.740668 3.399646 0.889013
v 0.787287 2.964159 0.793541
v 0.809067 2.503899 0.943300
v 0.383499 3.849117 0.842405
v 0.000000 3.896477 0.888297
v 0.746952 3.748849 -0.383499
v 0.845007 3.797071 0.017974
v 0.746952 3.849117 0.483767
v 0.000000 2.169672 1.124144
v 0.479432 2.206055 1.084464
v 0.000000 3.796210 -0.788029
v 0.383499 3.748849 -0.740668
v 0.891264 2.118316 0.770115
v 0.938553 2.081707 0.015591
v 0.891265 2.131989 -0.369667
v 0.408717 3.944563 -0.408717
v 0.000000 4.011672 -0.430673
v 0.403797 4.075109 0.075145
v 0.000000 4.139043 0.007339
v 0.387246 4.060512 0.287110
v 0.000000 4.110055 0.530941
v 0.415743 2.488859 1.166226
v 0.430673 2.954117 1.040618
v 0.408717 3.397516 1.061454
v 0.000000 2.476740 1.225626
v 0.000000 2.955742 1.109049
v 0.000000 3.411032 1.124025
v 0.566907 2.024749 -0.403201
v 0.566907 2.011076 0.748959
v 1.006957 2.362148 -0.401170
v 1.001410 2.958273 -0.430673
v 0.946539 3.548804 -0.408717
v 1.124465 2.305299 0.000000
v 1.114250 3.106860 -0.199867
v 1.111983 3.478317 -0.199802
v 1.006957 2.359244 0.610167
v 1.001410 2.958273 0.430673
v 0.946539 3.385282 0.429075
v 0.000000 2.535990 -1.008258
v 0.000000 2.967162 -1.085285
v 0.000000 3.400579 -1.010722
v 0.415742 2.548109 -0.937962
v 0.430673 2.966608 -1.010722
v 0.408717 3.381024 -0.942414
v 1.489175 3.383164 -0.576437
v 1.508660 3.330145 -0.583815
v 1.585404 3.347244 -0.538272
v 1.572241 3.374022 -0.533005
v 1.604552 3.348099 -0.471356
v 1.603628 3.378611 -0.434953
v 0.989336 3.455392 -0.639729
v 1.219552 3.392178 -0.613167
v 1.398352 3.402129 -0.615974
v 1.418258 3.261072 -0.636786
v 1.244096 3.157152 -0.581445
v 1.018574 3.182046 -0.669432
v 1.152862 3.077047 -0.445313
v 1.356830 3.154053 -0.490902
v 1.509688 3.258559 -0.524553
v 1.491006 3.292421 -0.464419
v 1.386383 3.217158 -0.465057
v 1.191527 3.162327 -0.332423
v 1.490315 3.355270 -0.464479
v 1.389789 3.306907 -0.378414
v 1.185902 3.377035 -0.279425
v 1.486258 3.439378 -0.515178
v 1.327941 3.430958 -0.479343
v 1.118450 3.465050 -0.431544
v 1.081225 2.961834 -0.151331
v 1.077374 3.567933 -0.000000
v 1.202919 3.126414 -0.367562
v 1.200504 3.477047 -0.175214
v 1.543769 3.260079 -0.491989
v 1.398852 3.184130 -0.456505
v 1.542124 3.416873 -0.340657
v 1.396824 3.443837 -0.271759
v 0.434416 4.064479 0.012911
v 0.408717 4.041750 0.508985
v 0.147217 4.119208 0.071857
v 0.147208 4.096763 0.300001
v 0.277068 4.142042 0.077055
v 0.363821 4.126061 0.127985
v 0.363821 4.126061 0.229844
v 0.277068 4.142042 0.280774
v 0.190314 4.158021 0.229844
v 0.188073 4.158021 0.115803
v 0.299266 4.274501 0.178915
v 0.251881 4.219927 0.208725
v 0.254686 4.101516 0.063734
v 0.268318 4.079580 0.302974
v 0.229750 4.207224 0.143870
v 0.000000 4.109997 0.529326
v 0.000000 4.110111 0.529938
v 0.102946 1.836703 0.708791
v 0.080642 1.981450 0.744284
v 0.080642 1.825868 0.588701
v 0.080642 1.981450 0.588701
v 0.000000 1.808821 0.571655
v 0.000000 1.998497 0.571655
v 0.097689 1.903659 0.571655
v 0.098807 1.825295 0.679674
v 0.097689 1.998497 0.666493
v 0.114654 1.890478 0.700033
v 0.000000 1.808821 0.761331
v 0.000000 1.998497 0.761331
v 0.000000 1.903659 0.535880
v 0.124303 1.890170 0.679982
v 0.000000 1.903659 0.797106
v 0.000000 1.773046 0.666493
v 0.000000 2.034272 0.666493
v 0.080642 1.825868 0.744284
v 0.123847 1.762709 0.657866
v 0.097689 1.903659 0.761331
v 0.133463 1.903659 0.666493
v 0.250266 1.738231 0.703733
v 0.247832 1.733063 0.685149
v 0.267664 1.767766 0.701556
v 0.274677 1.766271 0.689864
v 0.195866 1.872496 0.689449
v 0.235501 1.828257 0.698708
v 0.254518 1.824205 0.667001
v 0.219952 1.867364 0.649293
v 0.127753 1.753308 0.633098
v 0.181721 1.734151 0.654214
v 0.188322 1.748168 0.704610
v 0.136113 1.771061 0.696924
v 0.698973 1.873426 0.035364
v 0.685365 1.926982 0.035364
v 0.648186 1.966187 0.035364
v 0.597399 1.980538 0.035364
v 0.546613 1.966187 0.035364
v 0.546613 1.780665 0.035364
v 0.597399 1.766315 0.035364
v 0.648186 1.780665 0.035364
v 0.685365 1.819870 0.035364
v 0.630932 1.873426 -0.298724
v 0.619146 1.926982 -0.289772
v 0.586949 1.966187 -0.265315
v 0.542966 1.980538 -0.231906
v 0.498984 1.966187 -0.198498
v 0.498984 1.780665 -0.198498
v 0.542966 1.766315 -0.231906
v 0.586949 1.780665 -0.265315
v 0.619146 1.819870 -0.289772
v 0.475059 1.873426 -0.543293
v 0.463468 1.926982 -0.527788
v 0.431801 1.966187 -0.485427
v 0.388542 1.980538 -0.427562
v 0.411783 1.966187 -0.369696
v 0.411783 1.780665 -0.369696
v 0.388542 1.766315 -0.427562
v 0.431801 1.780665 -0.485427
v 0.463468 1.819870 -0.527788
v 0.000000 1.873426 -0.632811
v 0.000000 1.926982 -0.614908
v 0.000000 1.966187 -0.565994
v 0.000000 1.980538 -0.499176
v 0.000000 1.966187 -0.432359
v 0.000000 1.780665 -0.432359
v 0.000000 1.766315 -0.499176
v 0.000000 1.780665 -0.565994
v 0.000000 1.819870 -0.614908
v 0.000000 1.873426 0.703539
v 0.000000 1.926982 0.685635
v 0.000000 1.966187 0.636721
v 0.000000 1.980538 0.569904
v 0.000000 1.966187 0.503086
v 0.000000 1.780665 0.503086
v 0.000000 1.766315 0.569904
v 0.000000 1.780665 0.636721
v 0.000000 1.819870 0.685635
v 0.475059 1.873426 0.614020
v 0.463468 1.926982 0.598515
v 0.431801 1.966187 0.556155
v 0.388542 1.980538 0.498289
v 0.411783 1.966187 0.440423
v 0.411783 1.780665 0.440423
v 0.388542 1.766315 0.498289
v 0.431801 1.780665 0.556155
v 0.463468 1.819870 0.598515
v 0.630932 1.873426 0.369451
v 0.619146 1.926982 0.360500
v 0.586949 1.966187 0.336043
v 0.542966 1.980538 0.302634
v 0.498984 1.966187 0.269225
v 0.498984 1.780665 0.269225
v 0.542966 1.766315 0.302634
v 0.586949 1.780665 0.336043
v 0.619146 1.819870 0.360500
v 0.000000 4.115156 0.359534
v 0.000000 4.129206 0.104561
v 0.063525 0.941464 -0.592498
v 0.000000 1.014674 -0.625628
v 0.073008 0.859093 -0.597722
v -0.228306 0.774995 -0.205229
v -0.320644 1.965042 -0.248902
v -0.573805 1.956440 0.016778
v -0.177168 0.667640 0.508378
v -0.345686 1.954460 0.381358
v -0.210738 1.764698 -0.356457
v -0.224060 1.567334 -0.369117
v -0.260875 1.369970 -0.435583
v -0.348419 1.172606 -0.498883
v -0.334757 0.975242 -0.502048
v -0.316429 0.777878 -0.483058
v -0.540267 1.764698 -0.177168
v -0.587695 1.567334 -0.205653
v -0.644962 1.369970 -0.224643
v -0.715087 1.172606 -0.237303
v -0.700806 0.975242 -0.240469
v -0.559019 0.777878 -0.208818
v -0.721669 1.567334 0.000000
v -0.778937 1.369970 0.000000
v -0.849061 1.172606 0.000000
v -0.834781 0.975242 0.000000
v -0.721478 0.784208 0.000000
v -0.540267 1.764698 0.183498
v -0.587695 1.567334 0.205653
v -0.644962 1.369970 0.278449
v -0.715087 1.172606 0.332254
v -0.700806 0.975242 0.370234
v -0.559019 0.777878 0.297439
v -0.210738 1.764698 0.549524
v -0.224060 1.567334 0.571679
v -0.260875 1.369970 0.644474
v -0.348419 1.172606 0.698279
v -0.334757 0.975242 0.736260
v -0.316429 0.777878 0.663464
v -0.414492 -0.004117 -0.316283
v -0.573508 -0.004117 -0.219676
v -0.692424 0.004674 0.038224
v -0.573508 -0.004117 0.311299
v -0.414492 -0.004117 0.407906
v -0.217316 0.000278 0.311299
v -0.130088 0.013466 0.038224
v -0.125926 0.604524 0.064883
v -0.217316 0.000278 -0.219676
v -0.414492 0.150087 -0.331290
v -0.414492 0.306314 -0.331290
v -0.414492 0.401878 -0.305970
v -0.414492 0.618768 -0.305970
v -0.573508 0.618768 -0.205229
v -0.562958 0.401878 -0.205229
v -0.573508 0.306314 -0.230550
v -0.573508 0.150087 -0.230550
v -0.703626 0.618768 0.037980
v -0.682789 0.401878 0.037980
v -0.715319 0.306314 0.037980
v -0.715319 0.150087 0.037980
v -0.573508 0.618768 0.281190
v -0.562958 0.401878 0.281190
v -0.573508 0.306314 0.322335
v -0.573508 0.150087 0.322335
v -0.414492 0.618768 0.381931
v -0.414492 0.401878 0.381931
v -0.414492 0.306314 0.423076
v -0.414492 0.150087 0.423076
v -0.228306 0.618768 0.281190
v -0.233141 0.401878 0.281190
v -0.217316 0.306314 0.322335
v -0.217316 0.150087 0.322335
v -0.146633 0.570829 0.037980
v -0.151469 0.401878 0.037980
v -0.122456 0.306314 0.037980
v -0.122456 0.150087 0.037980
v -0.228306 0.618768 -0.205229
v -0.233141 0.401878 -0.205229
v -0.217316 0.306314 -0.230550
v -0.217316 0.150087 -0.230550
v -0.413510 -0.004096 -0.315802
v -0.414492 -0.003222 -0.316370
v -0.491059 0.072476 0.365403
v -0.573508 -0.001722 -0.219845
v -0.492596 0.074121 -0.273074
v -0.662072 1.899600 0.000000
v -0.606496 1.857641 -0.078499
v -0.626345 1.629900 0.116221
v -0.621291 1.649604 -0.123208
v -0.598745 1.861837 0.092959
v -0.752811 1.743663 -0.123943
v -0.843667 1.743663 -0.123943
v -0.921249 1.743663 -0.123943
v -0.988997 1.743663 -0.123943
v -1.060240 1.743663 -0.117627
v -1.060240 1.633427 -0.071965
v -0.988997 1.628960 -0.076432
v -0.921249 1.628960 -0.076432
v -0.843667 1.628960 -0.076432
v -0.752810 1.628960 -0.076432
v -1.060240 1.587765 0.038271
v -0.988997 1.581449 0.038271
v -0.921249 1.581449 0.038271
v -0.843667 1.581449 0.038271
v -0.752810 1.581449 0.038271
v -1.060240 1.633427 0.148507
v -0.988997 1.628960 0.152973
v -0.921249 1.628960 0.152973
v -0.843667 1.628960 0.152973
v -0.752810 1.628960 0.152973
v -1.060240 1.743663 0.194168
v -0.988997 1.743663 0.200485
v -0.921249 1.743663 0.200485
v -0.843667 1.743663 0.200485
v -0.752810 1.743663 0.200485
v -1.060240 1.853899 0.148507
v -0.988997 1.858366 0.152973
v -0.921249 1.858366 0.152973
v -0.843667 1.858366 0.152973
v -0.752810 1.858366 0.152973
v -1.060240 1.899560 0.038271
v -0.988997 1.905877 0.038271
v -0.921249 1.905877 0.038271
v -0.843667 1.905877 0.038271
v -0.752810 1.905877 0.038271
v -1.060240 1.853899 -0.071965
v -0.988997 1.858366 -0.076432
v -0.921249 1.858366 -0.076432
v -0.843667 1.858366 -0.076432
v -0.752810 1.858366 -0.076432
v -1.188410 1.743663 -0.111355
v -1.111448 1.743663 -0.117627
v -1.188410 1.637862 -0.067530
v -1.111448 1.633427 -0.071965
v -1.188410 1.594038 0.038271
v -1.111448 1.587765 0.038271
v -1.188410 1.637862 0.144072
v -1.111448 1.633427 0.148507
v -1.188410 1.743663 0.187896
v -1.111448 1.743663 0.194168
v -1.188410 1.849464 0.144072
v -1.111448 1.853899 0.148507
v -1.188410 1.893288 0.038271
v -1.111448 1.899560 0.038271
v -1.188410 1.849464 -0.067530
v -1.111448 1.853899 -0.071965
v -1.380063 1.848389 0.185641
v -1.364490 1.601733 0.155104
v -1.397176 1.840547 -0.089541
v -1.423869 1.623405 -0.054493
v -1.337731 1.731052 0.124487
v -1.297908 1.866775 0.190694
v -1.277541 1.602086 0.185979
v -1.424622 1.599178 0.095431
v -1.313974 1.602086 -0.054725
v -1.421803 1.731855 -0.109793
v -1.319724 1.865834 -0.053855
v -1.409619 1.864612 0.108334
v -1.274155 1.733960 0.227780
v -1.293149 1.569313 0.075531
v -1.324296 1.733960 -0.103486
v -1.313721 1.904817 0.094174
v -1.432530 1.729955 0.072870
v -1.469439 1.643058 -0.028565
v -1.476166 1.618831 0.081881
v -1.371269 1.885487 -0.067404
v -1.352613 1.935232 0.063180
v -1.397237 1.814473 0.153338
v -1.281429 1.865834 0.199155
v -1.430372 1.862926 0.096301
v -1.301069 1.915579 0.076730
v -1.402541 1.891019 0.203051
v -1.320386 1.909406 0.208104
v -1.432096 1.907242 0.125744
v -1.336199 1.947447 0.111584
v -1.407685 1.907669 0.209591
v -1.400434 1.932463 0.199105
v -1.351730 1.945400 0.202840
v -1.325530 1.926055 0.214645
v -1.437240 1.923892 0.132284
v -1.418712 1.944103 0.153456
v -1.360776 1.966773 0.144413
v -1.341343 1.964097 0.118125
v -1.435657 1.869160 -0.042651
v -1.483370 1.818727 -0.035430
v -1.443798 1.851964 -0.052179
v -1.490107 1.788996 -0.040969
v -1.488445 1.712782 -0.041221
v -1.468424 1.743271 -0.072432
v -1.495025 1.844940 0.084736
v -1.407161 1.863915 0.058465
v -1.445977 1.868876 0.092199
v -1.513486 1.712579 0.087530
v -1.515114 1.787258 0.087777
v -1.448134 1.735905 0.068768
v -0.646383 3.654564 -0.646383
v -0.794490 2.209168 -0.609922
v -0.646383 3.754832 0.765251
v -0.794490 2.224206 0.939581
v -0.479432 2.219429 -0.704207
v -0.740668 3.533406 -0.740668
v -0.787287 2.964159 -0.788029
v -0.809067 2.453912 -0.723824
v -0.740668 3.399646 0.889013
v -0.787287 2.964159 0.793541
v -0.809067 2.503899 0.943300
v -0.383499 3.849117 0.842405
v -0.746952 3.748849 -0.383499
v -0.845007 3.797071 0.017974
v -0.746952 3.849117 0.483767
v -0.479432 2.206055 1.084464
v -0.383499 3.748849 -0.740668
v -0.891264 2.118316 0.770115
v -0.938553 2.081707 0.015591
v -0.891265 2.131989 -0.369667
v -0.408717 3.944563 -0.408717
v -0.403797 4.075109 0.075145
v -0.387246 4.060512 0.287110
v -0.415743 2.488859 1.166226
v -0.430673 2.954117 1.040618
v -0.408717 3.397516 1.061454
v -0.566907 2.024749 -0.403201
v -0.566907 2.011076 0.748959
v -1.006957 2.362148 -0.401170
v -1.001410 2.958273 -0.430673
v -0.946539 3.548804 -0.408717
v -1.124465 2.305299 0.000000
v -1.114250 3.106860 -0.199867
v -1.111983 3.478317 -0.199802
v -1.006957 2.359244 0.610167
v -1.001410 2.958273 0.430673
v -0.946539 3.385282 0.429075
v -0.415742 2.548109 -0.937962
v -0.430673 2.966608 -1.010722
v -0.408717 3.381024 -0.942414
v -1.489175 3.383164 -0.576437
v -1.508660 3.330145 -0.583815
v -1.585404 3.347244 -0.538272
v -1.572241 3.374022 -0.533005
v -1.604552 3.348099 -0.471356
v -1.603628 3.378611 -0.434953
v -0.989336 3.455392 -0.639729
v -1.219552 3.392178 -0.613167
v -1.398352 3.402129 -0.615974
v -1.418258 3.261072 -0.636786
v -1.244096 3.157152 -0.581445
v -1.018574 3.182046 -0.669432
v -1.152862 3.077047 -0.445313
v -1.356830 3.154053 -0.490902
v -1.509688 3.258559 -0.524553
v -1.491006 3.292421 -0.464419
v -1.386383 3.217158 -0.465057
v -1.191527 3.162327 -0.332423
v -1.490315 3.355270 -0.464479
v -1.389789 3.306907 -0.378414
v -1.185902 3.377035 -0.279425
v -1.486258 3.439378 -0.515178
v -1.327941 3.430958 -0.479343
v -1.118450 3.465050 -0.431544
v -1.081225 2.961834 -0.151331
v -1.077374 3.567933 -0.000000
v -1.202919 3.126414 -0.367562
v -1.200504 3.477047 -0.175214
v -1.543769 3.260079 -0.491989
v -1.398852 3.184130 -0.456505
v -1.542124 3.416873 -0.340657
v -1.396824 3.443837 -0.271759
v -0.434416 4.064479 0.012911
v -0.408717 4.041750 0.508985
v -0.147217 4.119208 0.071857
v -0.147208 4.100567 0.300001
v -0.277068 4.142042 0.077055
v -0.363821 4.126061 0.127985
v -0.363821 4.126061 0.229844
v -0.277068 4.142042 0.280774
v -0.190314 4.158021 0.229844
v -0.188073 4.158021 0.115803
v -0.299266 4.274501 0.178915
v -0.251881 4.219927 0.208725
v -0.254686 4.101516 0.063734
v -0.268318 4.079580 0.302974
v -0.229750 4.207224 0.143870
v -0.102946 1.836703 0.708791
v -0.080642 1.981450 0.744284
v -0.080642 1.825868 0.588701
v -0.080642 1.981450 0.588701
v -0.097689 1.903659 0.571655
v -0.098807 1.825295 0.679674
v -0.097689 1.998497 0.666493
v -0.114654 1.890478 0.700033
v -0.124303 1.890170 0.679982
v -0.080642 1.825868 0.744284
v -0.123847 1.762709 0.657866
v -0.097689 1.903659 0.761331
v -0.133463 1.903659 0.666493
v -0.250266 1.738231 0.703733
v -0.247832 1.733063 0.685149
v -0.267664 1.767766 0.701556
v -0.274677 1.766271 0.689864
v -0.195866 1.872496 0.689449
v -0.235501 1.828257 0.698708
v -0.254518 1.824205 0.667001
v -0.219952 1.867364 0.649293
v -0.127753 1.753308 0.633098
v -0.181721 1.734151 0.654214
v -0.188322 1.748168 0.704610
v -0.136113 1.771061 0.696924
v -0.698973 1.873426 0.035364
v -0.685365 1.926982 0.035364
v -0.648186 1.966187 0.035364
v -0.597399 1.980538 0.035364
v -0.546613 1.966187 0.035364
v -0.546613 1.780665 0.035364
v -0.597399 1.766315 0.035364
v -0.648186 1.780665 0.035364
v -0.685365 1.819870 0.035364
v -0.630932 1.873426 -0.298724
v -0.619146 1.926982 -0.289772
v -0.586949 1.966187 -0.265315
v -0.542966 1.980538 -0.231906
v -0.498984 1.966187 -0.198498
v -0.498984 1.780665 -0.198498
v -0.542966 1.766315 -0.231906
v -0.586949 1.780665 -0.265315
v -0.619146 1.819870 -0.289772
v -0.475059 1.873426 -0.543293
v -0.463468 1.926982 -0.527788
v -0.431801 1.966187 -0.485427
v -0.388542 1.980538 -0.427562
v -0.411783 1.966187 -0.369696
v -0.411783 1.780665 -0.369696
v -0.388542 1.766315 -0.427562
v -0.431801 1.780665 -0.485427
v -0.463468 1.819870 -0.527788
v -0.475059 1.873426 0.614020
v -0.463468 1.926982 0.598515
v -0.431801 1.966187 0.556155
v -0.388542 1.980538 0.498289
v -0.411783 1.966187 0.440423
v -0.411783 1.780665 0.440423
v -0.388542 1.766315 0.498289
v -0.431801 1.780665 0.556155
v -0.463468 1.819870 0.598515
v -0.630932 1.873426 0.369451
v -0.619146 1.926982 0.360500
v -0.586949 1.966187 0.336043
v -0.542966 1.980538 0.302634
v -0.498984 1.966187 0.269225
v -0.498984 1.780665 0.269225
v -0.542966 1.766315 0.302634
v -0.586949 1.780665 0.336043
v -0.619146 1.819870 0.360500
v -0.063525 0.941464 -0.592498
v -0.073008 0.859093 -0.597722
v -0.022676 1.052051 -0.704762
v -0.063362 0.815971 -0.796817
v -0.022676 1.052051 -0.797027
v 0.059790 1.075176 -0.704762
v 0.090612 0.815971 -0.796817
v 0.059790 1.075176 -0.797027
v -0.080233 0.799101 -0.719830
v -0.032785 1.078644 -0.743568
v -0.080233 0.876474 -0.813688
v 0.013625 0.799101 -0.813688
v 0.000115 1.102957 -0.807136
v 0.107483 0.876474 -0.813688
v 0.107483 0.799101 -0.719830
v 0.069899 1.101770 -0.743568
v 0.000115 1.102957 -0.694653
v -0.115637 0.876474 -0.719830
v 0.013625 0.876474 -0.849092
v 0.142887 0.876474 -0.719830
v 0.013625 0.763696 -0.719830
v -0.034278 1.175458 -0.743568
v -0.071797 1.000687 -0.817121
v 0.099048 1.000687 -0.817121
v -0.097935 1.009123 -0.731699
v 0.013625 1.009123 -0.843259
v 0.125185 1.009123 -0.731699
v 0.068717 4.273838 0.248461
v 0.080546 4.186170 0.306980
v 0.103230 4.188180 0.190947
v 0.050240 4.213280 0.248461
v 0.137083 4.190134 0.248461
v -0.008306 4.178074 0.307023
v -0.045248 4.175860 0.248504
v 0.014378 4.180084 0.190990
v -0.004239 4.277861 0.249606
vn 0.5122 0.0846 -0.8547
vn 0.4678 0.2049 -0.8598
vn 0.7416 0.0643 0.6677
vn 0.2828 -0.8833 0.3739
vn 0.3650 -0.3518 0.8620
vn 0.6501 -0.6259 0.4308
vn 0.7044 0.0868 0.7045
vn 0.6457 0.4058 0.6468
vn 0.6415 0.3679 0.6731
vn 0.6883 0.2422 0.6838
vn 0.6883 -0.6283 0.3626
vn 0.9403 -0.0026 0.3403
vn 0.8808 0.3130 0.3552
vn 0.8304 0.3883 0.3995
vn 0.8104 0.2540 0.5279
vn 0.6637 -0.5569 -0.4994
vn 0.8722 -0.0553 -0.4860
vn 0.8319 0.2956 -0.4697
vn 0.8334 0.2418 -0.4970
vn 0.8208 0.2007 -0.5347
vn 0.7424 -0.1321 -0.6568
vn 0.5812 -0.0272 -0.8133
vn 0.5623 0.2503 -0.7882
vn 0.4697 0.2186 -0.8553
vn 0.3996 0.2243 -0.8888
vn 0.3200 -0.9430 0.0917
vn 0.3843 -0.1373 -0.9130
vn 0.3224 0.4158 -0.8504
vn 0.4218 0.2868 -0.8601
vn 0.4966 0.0655 -0.8655
vn 0.4949 0.1067 0.8624
vn 0.4183 0.3118 0.8531
vn 0.3277 0.3811 0.8645
vn 0.3652 0.1844 0.9125
vn 0.3171 -0.0067 -0.9484
vn 0.5096 -0.1311 0.8503
vn 0.5349 0.0297 -0.8444
vn 0.8640 -0.1994 -0.4623
vn 0.8813 0.0321 0.4715
vn 0.5348 -0.0375 0.8442
vn -0.1014 -0.9770 0.1874
vn -0.6467 -0.6774 0.3507
vn -0.9480 -0.0000 -0.3183
vn -0.4759 -0.0000 -0.8795
vn -0.4474 -0.0767 -0.8910
vn -0.4550 -0.0000 -0.8905
vn -0.4428 0.2296 -0.8667
vn -0.4856 -0.0000 -0.8742
vn -0.9468 -0.0535 -0.3175
vn -0.9429 -0.0000 -0.3331
vn -0.9159 0.2374 -0.3236
vn -0.9476 -0.0271 -0.3182
vn -0.9520 -0.0526 0.3016
vn -0.9486 -0.0000 0.3165
vn -0.9103 0.2815 0.3037
vn -0.9476 -0.0271 0.3182
vn -0.4402 -0.0660 0.8955
vn -0.4550 -0.0000 0.8905
vn -0.4248 0.3580 0.8315
vn -0.4856 -0.0000 0.8742
vn 0.5352 -0.0000 0.8447
vn 0.5029 0.3418 0.7939
vn 0.5615 -0.0000 0.8275
vn 0.9168 -0.0285 0.3983
vn 0.8949 -0.0000 0.4463
vn 0.8593 0.2794 0.4285
vn 0.8962 -0.0436 0.4416
vn 0.9003 -0.1424 -0.4113
vn 0.8843 -0.0000 -0.4670
vn 0.8634 0.2161 -0.4559
vn 0.8962 -0.0436 -0.4416
vn 0.5352 -0.0000 -0.8447
vn 0.5222 0.2184 -0.8244
vn 0.5615 -0.0000 -0.8275
vn -0.1495 -0.9888 -0.0000
vn -0.0223 -0.9998 -0.0000
vn -1.0000 -0.0000 -0.0000
vn -0.6826 -0.7307 -0.0035
vn 0.7037 -0.7105 -0.0001
vn -0.0000 -0.8457 -0.5337
vn -0.0000 -0.9900 0.1409
vn 0.5452 -0.0821 0.8343
vn -0.4399 -0.0870 -0.8938
vn 0.5327 -0.0967 -0.8408
vn 0.5070 -0.0615 0.8597
vn 0.5325 -0.0993 0.8406
vn 0.5083 -0.0606 -0.8590
vn 0.5436 -0.0813 -0.8354
vn 0.3388 0.7088 -0.6187
vn 0.1112 0.6409 0.7595
vn 0.5110 0.6168 0.5987
vn 0.0659 0.7039 -0.7073
vn 0.7683 0.2685 -0.5810
vn -0.0000 0.3827 -0.9239
vn -0.0000 -0.9239 0.3827
vn -0.0000 -0.3827 0.9239
vn -0.0000 0.3827 0.9239
vn -0.0000 0.9239 0.3827
vn -0.0000 0.9239 -0.3827
vn -0.0000 -0.3827 -0.9239
vn -0.0000 -0.9239 -0.3827
vn -0.9916 -0.1222 -0.0418
vn 0.2481 0.6165 -0.7473
vn 0.0816 0.3814 -0.9208
vn 0.0023 0.8812 -0.4727
vn 0.0816 0.9208 -0.3814
vn -0.1771 0.9480 0.2644
vn 0.0816 0.9208 0.3814
vn 0.0085 0.6790 0.7341
vn 0.0816 0.3814 0.9208
vn -0.1182 -0.5028 0.8563
vn 0.0816 -0.3814 0.9208
vn -0.0941 -0.9068 0.4110
vn 0.0816 -0.9208 0.3814
vn 0.0899 -0.7929 -0.6027
vn 0.0816 -0.9208 -0.3814
vn 0.2048 -0.2936 -0.9337
vn 0.0816 -0.3814 -0.9208
vn 0.0751 -0.3816 -0.9213
vn 0.0751 -0.9213 -0.3816
vn 0.0751 -0.9213 0.3816
vn 0.0751 -0.3816 0.9213
vn 0.0751 0.3816 0.9213
vn 0.0751 0.9213 0.3816
vn 0.0751 0.9213 -0.3816
vn 0.0751 0.3816 -0.9213
vn 0.1638 -0.4248 0.8903
vn -0.3916 0.2158 0.8945
vn -0.4970 -0.2738 0.8234
vn 0.3222 0.2807 0.9041
vn 0.1832 -0.9568 0.2256
vn -0.4435 -0.8744 0.1968
vn -0.1326 -0.9560 -0.2617
vn 0.1884 -0.9694 -0.1576
vn -0.0673 -0.4543 -0.8883
vn -0.0031 -0.3466 -0.9380
vn 0.0532 0.3534 -0.9340
vn -0.0600 0.1697 -0.9837
vn 0.2959 -0.9291 -0.2218
vn -0.0601 0.9299 -0.3628
vn -0.3384 0.8895 0.3071
vn -0.0249 -0.3667 0.9300
vn 0.6785 0.2992 0.6709
vn 0.2050 0.9727 0.1082
vn -0.4147 0.8291 -0.3751
vn 0.3976 -0.5401 0.7417
vn 0.6400 -0.3027 -0.7062
vn 0.7076 0.5689 -0.4192
vn 0.0684 0.5081 -0.8586
vn 0.5601 0.2727 -0.7823
vn -0.0889 -0.1288 0.9877
vn 0.9233 -0.3594 -0.1351
vn -0.1958 0.2200 0.9556
vn -0.1178 -0.7155 0.6886
vn 0.4575 0.5287 0.7149
vn 0.1446 0.9123 0.3832
vn 0.3147 0.8927 0.3225
vn 0.2444 0.2534 -0.9360
vn 0.8279 -0.5211 0.2072
vn -0.8897 0.4553 0.0337
vn 0.8888 -0.3770 0.2607
vn -0.9509 0.3074 -0.0346
vn 0.2555 0.2841 -0.9241
vn 0.2948 0.8910 0.3452
vn 0.1815 0.4276 0.8856
vn 0.8029 0.4156 0.4274
vn -0.5115 0.8295 0.2243
vn 0.3861 0.8121 -0.4375
vn -0.0230 -0.3593 0.9329
vn 0.6952 0.6807 0.2312
vn 0.9348 0.3171 -0.1599
vn -0.8870 -0.4570 0.0669
vn 0.3978 0.8876 -0.2322
vn 0.8706 -0.4816 0.1000
vn 0.3524 0.9334 -0.0671
vn 0.1659 0.9458 -0.2791
vn 0.4718 0.7571 -0.4520
vn 0.1660 0.8439 -0.5102
vn 0.1687 0.8479 0.5026
vn 0.4714 0.7717 0.4269
vn 0.5454 0.8379 0.0212
vn 0.5333 0.8146 -0.2281
vn 0.1308 0.2344 0.9633
vn 0.1567 -0.0386 0.9869
vn 0.4192 -0.0339 0.9073
vn 0.4753 0.2151 0.8531
vn 0.5678 -0.1178 0.8147
vn 0.4213 0.3961 0.8159
vn 0.1502 0.4382 0.8862
vn 0.0990 -0.2557 0.9617
vn 0.1258 -0.7872 -0.6038
vn 0.1431 -0.8116 -0.5665
vn 0.3246 -0.9327 -0.1570
vn 0.3241 -0.9432 0.0734
vn 0.2923 -0.7918 0.5363
vn 0.1055 -0.8753 0.4719
vn 0.9596 -0.0016 -0.2813
vn 0.9810 0.0640 0.1833
vn 0.7695 -0.4490 -0.4542
vn 0.8500 -0.0181 -0.5265
vn 0.8252 -0.5161 -0.2295
vn 0.5613 0.7341 -0.3821
vn 0.6705 0.6994 -0.2474
vn 0.6420 0.6152 0.4576
vn 0.8567 0.3571 0.3723
vn 0.8566 0.1120 0.5037
vn 0.8781 0.1851 0.4412
vn 0.8500 -0.0607 0.5233
vn 0.9177 -0.3899 0.0764
vn 0.7510 -0.6366 -0.1753
vn 0.1691 -0.1733 -0.9702
vn 0.1684 0.1690 -0.9711
vn 0.1668 0.4829 -0.8596
vn 0.1345 0.6716 -0.7286
vn 0.5232 0.1655 -0.8360
vn 0.4591 -0.0916 -0.8836
vn 0.2475 -0.4209 -0.8727
vn 0.1279 -0.5582 -0.8198
vn 0.9617 -0.0607 0.2674
vn 0.3858 0.1877 -0.9033
vn 0.4129 0.3669 -0.8336
vn 0.8489 0.4663 -0.2489
vn 0.5148 -0.5423 -0.6640
vn 0.5617 -0.5715 0.5982
vn 0.5618 0.7983 -0.2172
vn 0.4068 0.6826 -0.6070
vn 0.3896 0.8766 -0.2823
vn 0.2817 0.9344 -0.2181
vn -0.0577 0.9704 -0.2345
vn 0.4126 0.8942 -0.1739
vn 0.1360 0.9850 -0.1063
vn -0.0222 0.9906 0.1348
vn 0.7356 0.0044 0.6774
vn 0.3661 -0.2140 0.9056
vn 0.6481 0.0079 0.7615
vn 0.4631 -0.6630 -0.5881
vn 0.2599 -0.8983 -0.3544
vn 0.4590 -0.7974 -0.3917
vn 0.3719 0.1072 -0.9221
vn 0.3535 -0.0888 -0.9312
vn -0.2154 -0.1527 -0.9645
vn 0.7546 -0.6522 -0.0717
vn 0.3890 -0.8746 0.2895
vn 0.3681 -0.8635 -0.3449
vn 0.9248 -0.0866 0.3705
vn 0.8804 -0.1581 0.4471
vn -0.1211 -0.9134 0.3887
vn 0.3405 -0.2231 0.9134
vn 0.3021 0.3442 0.8889
vn 0.2476 -0.6033 0.7582
vn 0.2041 -0.7204 0.6628
vn -0.9207 -0.0097 0.3901
vn 0.1579 0.9858 -0.0574
vn 0.4987 0.8612 0.0982
vn 0.1667 0.9837 0.0671
vn 0.5098 0.4691 -0.7211
vn 0.9170 0.3988 -0.0000
vn 0.5098 0.4691 0.7211
vn -0.3296 0.5815 0.7438
vn -0.1678 -0.9825 -0.0805
vn -0.7672 0.6412 0.0151
vn -0.2186 0.6166 -0.7563
vn 0.1179 0.2507 -0.9609
vn 0.7868 0.6173 -0.0000
vn 0.2031 0.6844 0.7003
vn -0.4236 0.3555 0.8332
vn -0.7821 0.6202 0.0610
vn 0.0656 0.7169 -0.6941
vn -0.7195 0.6855 0.1113
vn -0.2384 0.6168 0.7501
vn 0.1695 0.9789 -0.1140
vn 0.1797 0.9805 -0.0791
vn 1.0000 -0.0000 -0.0000
vn 0.1629 0.9860 -0.0358
vn 0.1396 0.9897 0.0325
vn 0.1360 -0.9775 -0.1612
vn 0.1125 -0.9900 0.0848
vn 0.1284 -0.9889 0.0750
vn 0.1324 -0.9771 -0.1668
vn 0.3310 0.2706 -0.9040
vn 0.2628 -0.3405 -0.9028
vn 0.8380 -0.0238 -0.5452
vn 0.9004 0.2717 -0.3397
vn 0.9004 0.2717 0.3397
vn 0.7932 0.4415 0.4194
vn 0.2628 -0.3405 0.9028
vn 0.3310 0.2706 0.9040
vn 0.2628 -0.9028 -0.3405
vn 0.2628 -0.9028 0.3405
vn 0.3310 0.9040 -0.2706
vn 0.3310 0.9040 0.2706
vn 0.9247 0.2803 0.2575
vn 0.8485 -0.2838 0.4466
vn 0.8573 -0.4005 0.3234
vn 0.8993 -0.3546 0.2560
vn 0.7702 -0.6333 0.0753
vn -0.1480 -0.9476 0.2830
vn 0.4118 -0.2069 -0.8875
vn 0.0237 0.0596 0.9979
vn 0.1555 0.1257 0.9798
vn -0.0902 0.1259 0.9879
vn -0.3521 0.4045 -0.8440
vn 0.3220 -0.1271 -0.9382
vn -0.8274 -0.4729 0.3029
vn -0.4198 -0.8587 0.2938
vn 0.2374 0.9712 0.0183
vn 0.6722 0.6687 0.3177
vn 0.9509 0.2416 -0.1937
vn 0.7178 0.6807 -0.1462
vn 0.2715 0.9608 -0.0553
vn -0.2715 0.9608 0.0553
vn -0.2715 -0.9609 0.0553
vn 0.2715 -0.9609 -0.0553
vn 0.7178 -0.6807 -0.1462
vn 0.9509 -0.2416 -0.1937
vn 0.8068 0.2657 -0.5277
vn 0.5692 0.7177 -0.4012
vn 0.1974 0.9679 -0.1558
vn -0.2275 0.9669 0.1159
vn -0.2275 -0.9669 0.1159
vn 0.1974 -0.9679 -0.1558
vn 0.5692 -0.7177 -0.4012
vn 0.8068 -0.2657 -0.5277
vn 0.1761 0.3087 -0.9347
vn 0.1176 0.7711 -0.6257
vn 0.0396 0.9764 -0.2125
vn -0.0388 0.9661 0.2552
vn -0.0388 -0.9661 0.2552
vn 0.0396 -0.9764 -0.2125
vn 0.1176 -0.7711 -0.6257
vn 0.1761 -0.3087 -0.9347
vn 0.1755 0.3121 0.9337
vn 0.1159 0.7750 0.6212
vn 0.0387 0.9770 0.2098
vn -0.0387 0.9770 -0.2098
vn -0.0387 -0.9770 -0.2098
vn 0.0387 -0.9770 0.2098
vn 0.1159 -0.7750 0.6212
vn 0.1755 -0.3121 0.9337
vn 0.7989 0.3203 0.5091
vn 0.5184 0.7851 0.3391
vn 0.1671 0.9789 0.1178
vn -0.4959 0.7752 -0.3914
vn -0.4959 -0.7752 -0.3914
vn 0.1671 -0.9789 0.1178
vn 0.5184 -0.7851 0.3391
vn 0.7989 -0.3203 0.5091
vn 0.9509 0.2416 0.1937
vn 0.7178 0.6807 0.1462
vn 0.2715 0.9608 0.0553
vn -0.2715 0.9608 -0.0553
vn -0.2715 -0.9609 -0.0553
vn 0.2715 -0.9609 0.0553
vn 0.7178 -0.6807 0.1462
vn 0.9509 -0.2416 0.1937
vn 0.1359 0.9903 0.0301
vn 0.0896 0.9909 0.1003
vn 0.0890 0.9912 0.0975
vn 0.3765 -0.0906 -0.9220
vn 0.3543 -0.0315 -0.9346
vn 0.3887 -0.1239 -0.9130
vn 0.3042 0.0951 -0.9478
vn -0.5122 0.0846 -0.8547
vn -0.4678 0.2049 -0.8598
vn -0.8080 0.2997 0.5072
vn -0.2828 -0.8833 0.3739
vn -0.3650 -0.3518 0.8620
vn -0.6501 -0.6259 0.4308
vn -0.7039 0.0848 0.7052
vn -0.6457 0.4058 0.6468
vn -0.6431 0.4222 0.6389
vn -0.6883 0.2422 0.6838
vn -0.8212 -0.4871 0.2972
vn -0.9254 -0.0670 0.3731
vn -0.8808 0.3130 0.3552
vn -0.8142 0.2362 0.5304
vn -0.8104 0.2540 0.5279
vn -0.6637 -0.5569 -0.4994
vn -0.8722 -0.0553 -0.4860
vn -0.8136 0.3202 -0.4852
vn -0.8035 0.2835 -0.5235
vn -0.8208 0.2007 -0.5347
vn -0.7424 -0.1321 -0.6568
vn -0.5812 -0.0272 -0.8133
vn -0.4315 0.4434 -0.7857
vn -0.3828 0.3582 -0.8516
vn -0.4761 0.0883 -0.8750
vn -0.2899 -0.6419 -0.7099
vn -0.3843 -0.1373 -0.9130
vn -0.4209 0.2934 -0.8584
vn -0.4218 0.2868 -0.8601
vn -0.4966 0.0655 -0.8655
vn -0.5097 0.1299 0.8505
vn -0.4601 0.3815 0.8017
vn -0.3277 0.3811 0.8645
vn -0.3503 0.1536 0.9240
vn -0.3171 -0.0067 -0.9484
vn -0.6690 0.1662 0.7244
vn -0.7220 -0.2659 -0.6387
vn -0.7871 0.0578 -0.6141
vn -0.8774 0.0154 0.4795
vn -0.5348 -0.0375 0.8442
vn -0.0995 -0.8510 0.5156
vn 0.2063 -0.9651 0.1612
vn 0.8760 -0.1817 -0.4467
vn 0.4759 -0.0000 -0.8795
vn 0.4533 -0.0862 -0.8872
vn 0.4550 -0.0000 -0.8905
vn 0.4636 0.2979 -0.8345
vn 0.4759 -0.0106 -0.8795
vn 0.9468 -0.0535 -0.3175
vn 0.9429 -0.0000 -0.3331
vn 0.9110 0.2766 -0.3059
vn 0.9476 -0.0271 -0.3182
vn 0.9484 -0.0233 0.3164
vn 0.9486 -0.0000 0.3165
vn 0.9103 0.2815 0.3037
vn 0.9465 -0.0211 0.3220
vn 0.4532 -0.0873 0.8871
vn 0.4550 -0.0000 0.8905
vn 0.4248 0.3580 0.8315
vn 0.4856 -0.0000 0.8742
vn -0.5352 -0.0000 0.8447
vn -0.5180 0.3859 0.7634
vn -0.5350 -0.0260 0.8445
vn -0.8862 -0.1388 0.4420
vn -0.8949 -0.0000 0.4463
vn -0.8579 0.2920 0.4227
vn -0.8786 -0.0844 0.4700
vn -0.9081 -0.0295 -0.4177
vn -0.8843 -0.0000 -0.4670
vn -0.8634 0.2161 -0.4559
vn -0.8962 -0.0436 -0.4416
vn -0.5352 -0.0000 -0.8447
vn -0.5222 0.2184 -0.8244
vn -0.5615 -0.0000 -0.8275
vn 0.1495 -0.9888 -0.0000
vn 0.0223 -0.9998 -0.0000
vn -0.0737 -0.9973 -0.0000
vn 0.6826 -0.7307 -0.0035
vn -0.7070 -0.7072 -0.0009
vn -0.0819 -0.9907 0.1083
vn -0.5452 -0.0821 0.8343
vn 0.4399 -0.0870 -0.8938
vn -0.5327 -0.0967 -0.8408
vn -0.5070 -0.0615 0.8597
vn -0.5325 -0.0993 0.8406
vn -0.5083 -0.0606 -0.8590
vn -0.5436 -0.0813 -0.8354
vn -0.3388 0.7088 -0.6187
vn -0.1112 0.6409 0.7595
vn -0.5110 0.6168 0.5987
vn -0.0659 0.7039 -0.7073
vn -0.7683 0.2685 -0.5810
vn 0.9931 -0.1170 0.0113
vn -0.0112 0.3827 -0.9238
vn -0.0816 0.3814 -0.9208
vn -0.0970 0.9195 -0.3809
vn -0.0816 0.9208 -0.3814
vn 0.1272 0.9164 0.3796
vn -0.0816 0.9208 0.3814
vn -0.0085 0.6790 0.7341
vn -0.0816 0.3814 0.9208
vn 0.2619 -0.3693 0.8916
vn -0.0816 -0.3814 0.9208
vn 0.0941 -0.9068 0.4110
vn -0.0816 -0.9208 0.3814
vn -0.0899 -0.7929 -0.6027
vn -0.0816 -0.9208 -0.3814
vn -0.2048 -0.2936 -0.9337
vn -0.0816 -0.3814 -0.9208
vn -0.0751 -0.3816 -0.9213
vn -0.0751 -0.9213 -0.3816
vn -0.0751 -0.9213 0.3816
vn -0.0751 -0.3816 0.9213
vn -0.0751 0.3816 0.9213
vn -0.0751 0.9213 0.3816
vn -0.0751 0.9213 -0.3816
vn -0.0751 0.3816 -0.9213
vn -0.1638 -0.4248 0.8903
vn 0.5235 0.3261 0.7872
vn 0.4276 -0.3459 0.8352
vn -0.8410 -0.1438 0.5216
vn -0.1013 -0.9498 0.2961
vn 0.4435 -0.8744 0.1968
vn 0.1326 -0.9560 -0.2617
vn -0.2457 -0.9486 -0.1994
vn -0.0700 -0.3508 -0.9338
vn 0.0031 -0.3466 -0.9380
vn -0.0806 0.3814 -0.9209
vn 0.0600 0.1697 -0.9837
vn -0.4598 -0.8763 -0.1439
vn 0.2991 0.8816 0.3652
vn 0.0249 -0.3667 0.9300
vn -0.6785 0.2992 0.6709
vn -0.2051 0.9727 0.1082
vn 0.4147 0.8291 -0.3751
vn -0.3976 -0.5401 0.7417
vn -0.6401 -0.3027 -0.7062
vn -0.0553 0.4644 0.8839
vn 0.0428 -0.4885 -0.8715
vn -0.5601 0.2727 -0.7823
vn 0.0889 -0.1288 0.9877
vn -0.9233 -0.3594 -0.1351
vn -0.1954 0.1552 0.9684
vn 0.1178 -0.7155 0.6886
vn -0.9206 0.1091 0.3749
vn -0.1446 0.9123 0.3832
vn -0.3030 0.8642 0.4016
vn -0.2444 0.2534 -0.9360
vn -0.8279 -0.5211 0.2072
vn 0.8897 0.4553 0.0337
vn -0.8888 -0.3770 0.2607
vn 0.9509 0.3074 -0.0346
vn -0.2555 0.2841 -0.9241
vn -0.2948 0.8910 0.3452
vn -0.1815 0.4276 0.8856
vn -0.8448 0.3575 0.3980
vn 0.5115 0.8295 0.2243
vn -0.4047 0.8301 -0.3836
vn 0.0230 -0.3593 0.9329
vn -0.8641 0.4433 0.2382
vn -0.9513 0.2493 -0.1814
vn 0.8870 -0.4570 0.0669
vn -0.6638 0.7416 -0.0969
vn -0.8706 -0.4816 0.1000
vn -0.7546 0.6407 0.1419
vn -0.1701 0.9462 -0.2752
vn -0.4436 0.7569 -0.4799
vn -0.1671 0.8443 -0.5091
vn -0.1687 0.8479 0.5026
vn -0.4714 0.7717 0.4269
vn -0.5454 0.8379 0.0212
vn -0.4976 0.8258 -0.2652
vn -0.1527 0.2530 0.9553
vn -0.1567 -0.0386 0.9869
vn -0.4192 -0.0339 0.9073
vn -0.5408 0.2833 0.7920
vn -0.5678 -0.1178 0.8147
vn -0.4213 0.3961 0.8159
vn -0.1502 0.4382 0.8862
vn -0.0990 -0.2557 0.9617
vn -0.1258 -0.7872 -0.6038
vn -0.1431 -0.8116 -0.5665
vn -0.3246 -0.9327 -0.1570
vn -0.3242 -0.9432 0.0734
vn -0.2148 -0.7685 0.6028
vn -0.0618 -0.8559 0.5135
vn -0.9615 -0.0046 -0.2747
vn -0.9860 0.0962 0.1358
vn -0.7702 -0.3062 -0.5595
vn -0.8573 -0.0281 -0.5141
vn -0.5758 -0.5807 -0.5755
vn -0.5613 0.7341 -0.3821
vn -0.6701 0.6998 -0.2477
vn -0.6420 0.6152 0.4576
vn -0.8537 0.3188 0.4118
vn -0.8566 0.1120 0.5037
vn -0.8516 0.1577 0.4999
vn -0.8500 -0.0607 0.5233
vn -0.7601 -0.6180 0.2010
vn -0.8321 -0.4606 -0.3090
vn -0.1691 -0.1733 -0.9702
vn -0.1703 0.1671 -0.9711
vn -0.1659 0.4837 -0.8594
vn -0.4407 0.4547 -0.7740
vn -0.5232 0.1655 -0.8360
vn -0.5217 -0.1642 -0.8372
vn -0.3144 -0.5090 -0.8013
vn -0.1525 -0.5771 -0.8023
vn -0.9617 -0.0607 0.2674
vn -0.3858 0.1877 -0.9033
vn -0.4684 0.2883 -0.8351
vn -0.8749 0.3819 -0.2979
vn -0.6835 -0.4596 -0.5671
vn -0.5617 -0.5715 0.5982
vn -0.4815 0.8755 -0.0412
vn -0.4068 0.6826 -0.6070
vn -0.3896 0.8766 -0.2823
vn -0.2817 0.9344 -0.2181
vn 0.0577 0.9704 -0.2345
vn -0.4126 0.8942 -0.1739
vn -0.1248 0.9884 -0.0862
vn -0.1330 0.9855 -0.1053
vn -0.7356 0.0044 0.6774
vn -0.3661 -0.2140 0.9056
vn -0.4489 -0.6294 0.6343
vn -0.7246 -0.5281 -0.4429
vn -0.0834 -0.8823 -0.4633
vn -0.3443 -0.8203 -0.4568
vn -0.3719 0.1072 -0.9221
vn -0.1469 0.1224 -0.9816
vn 0.2154 -0.1527 -0.9645
vn -0.5993 -0.7841 -0.1612
vn -0.3947 -0.8692 0.2978
vn -0.5680 -0.8226 0.0254
vn -0.9858 0.0060 0.1681
vn -0.8804 -0.1581 0.4471
vn 0.2023 -0.6923 0.6927
vn 0.1467 0.1957 0.9696
vn -0.5838 -0.4656 0.6651
vn -0.5464 -0.8183 0.1785
vn -0.1655 -0.6113 0.7739
vn 0.9207 -0.0097 0.3901
vn -0.1579 0.9858 -0.0574
vn -0.4987 0.8612 0.0982
vn -0.1667 0.9837 0.0671
vn -0.5098 0.4691 -0.7211
vn -0.9170 0.3988 -0.0000
vn -0.5098 0.4691 0.7211
vn 0.3296 0.5815 0.7438
vn 0.1678 -0.9825 -0.0805
vn 0.6895 0.7180 0.0947
vn 0.2186 0.6166 -0.7563
vn -0.4112 0.7915 -0.4521
vn -0.7868 0.6173 -0.0000
vn -0.5237 0.2192 0.8232
vn 0.1770 0.8120 0.5562
vn 0.6964 0.7175 0.0137
vn 0.2909 0.4399 -0.8496
vn 0.7195 0.6855 0.1113
vn 0.2384 0.6168 0.7501
vn -0.1695 0.9789 -0.1140
vn -0.1797 0.9805 -0.0791
vn -0.1675 0.9836 0.0664
vn -0.1687 0.9833 0.0679
vn -0.1360 -0.9775 -0.1612
vn -0.1125 -0.9900 0.0848
vn -0.1284 -0.9889 0.0750
vn -0.1324 -0.9771 -0.1668
vn -0.2628 0.3405 -0.9028
vn -0.2628 -0.3405 -0.9028
vn -0.9004 -0.2718 -0.3397
vn -0.9004 0.2717 -0.3397
vn -0.9004 0.3397 0.2717
vn -0.7932 0.4415 0.4194
vn -0.3310 -0.2706 0.9040
vn -0.3310 0.2706 0.9040
vn -0.2628 -0.9028 -0.3405
vn 0.0274 -0.8135 0.5809
vn -0.2628 0.9028 -0.3405
vn -0.3310 0.9040 0.2706
vn -0.6584 -0.7279 0.1916
vn -0.9426 -0.1572 0.2947
vn -0.8865 -0.1727 0.4293
vn -0.8993 -0.3546 0.2560
vn -0.7702 -0.6333 0.0753
vn 0.1480 -0.9476 0.2830
vn -0.4118 -0.2069 -0.8875
vn -0.0237 0.0596 0.9979
vn -0.1555 0.1257 0.9798
vn 0.0902 0.1259 0.9879
vn 0.2788 0.1141 -0.9536
vn -0.3220 -0.1271 -0.9382
vn 0.8274 -0.4729 0.3029
vn 0.4198 -0.8587 0.2938
vn -0.2269 0.9693 0.0943
vn -0.6722 0.6687 0.3177
vn -0.9509 0.2416 -0.1937
vn -0.7178 0.6807 -0.1462
vn -0.7178 -0.6807 -0.1462
vn -0.9509 -0.2416 -0.1937
vn -0.7989 0.3203 -0.5091
vn -0.5184 0.7851 -0.3391
vn -0.1671 0.9789 -0.1178
vn 0.4959 0.7752 0.3914
vn 0.2275 -0.9669 0.1159
vn -0.1974 -0.9679 -0.1558
vn -0.5692 -0.7177 -0.4012
vn -0.8068 -0.2657 -0.5277
vn -0.1761 0.3087 -0.9347
vn -0.1176 0.7711 -0.6257
vn -0.0396 0.9764 -0.2125
vn 0.0388 -0.9661 0.2552
vn -0.1159 -0.7750 -0.6212
vn -0.1755 -0.3121 -0.9337
vn -0.1761 0.3087 0.9347
vn -0.1176 0.7711 0.6257
vn -0.0396 0.9764 0.2125
vn 0.0387 0.9770 -0.2098
vn 0.0388 -0.9661 -0.2552
vn -0.0387 -0.9770 0.2098
vn -0.1159 -0.7750 0.6212
vn -0.1755 -0.3121 0.9337
vn -0.7989 0.3203 0.5091
vn -0.5184 0.7851 0.3391
vn -0.1671 0.9789 0.1178
vn 0.4959 0.7752 -0.3914
vn 0.2275 -0.9669 -0.1159
vn -0.1974 -0.9679 0.1558
vn -0.5692 -0.7177 0.4012
vn -0.8068 -0.2657 0.5277
vn -0.9509 0.2416 0.1937
vn -0.7178 0.6807 0.1462
vn -0.2715 0.9609 0.0553
vn -0.7178 -0.6807 0.1462
vn -0.9509 -0.2416 0.1937
vn -0.0896 0.9909 0.1003
vn -0.0855 0.9930 0.0811
vn -0.3765 -0.0906 -0.9220
vn -0.3543 -0.0315 -0.9346
vn -0.3887 -0.1239 -0.9130
vn -0.3042 0.0951 -0.9478
vn -0.6185 -0.6902 0.3757
vn -0.5582 0.6836 0.4702
vn -0.6420 0.7186 -0.2674
vn -0.8732 -0.3996 -0.2789
vn -0.2789 -0.3996 -0.8732
vn -0.2906 0.5766 -0.7636
vn 0.3043 0.3943 -0.8672
vn 0.2789 -0.3996 -0.8732
vn 0.8732 -0.3996 -0.2789
vn 0.8091 0.5067 -0.2976
vn 0.6982 0.4717 0.5385
vn 0.8257 -0.3778 0.4188
vn 0.3310 0.6122 0.7181
vn -0.5428 0.6886 0.4808
vn -0.3397 -0.9004 -0.2717
vn 0.2717 -0.9004 -0.3397
vn 0.3444 -0.9130 0.2185
vn -0.3500 -0.9278 0.1292
vn 0.4371 0.7696 -0.4655
vn -0.8859 -0.0137 -0.4637
vn -0.8268 -0.0127 0.5624
vn 0.4217 0.6930 0.5848
vn 0.8618 0.0673 0.5028
vn 0.9316 0.0929 -0.3514
vn 0.3529 -0.0019 -0.9356
vn -0.3529 -0.0019 -0.9356
vn -0.9316 0.0929 -0.3514
vn -0.9367 0.0863 0.3393
vn 0.7114 -0.3703 -0.5973
vn 0.3892 0.2204 0.8944
vn -0.0790 0.8648 -0.4959
vn -0.3558 0.5707 0.7401
vn 0.6074 0.4961 0.6204
vn -0.6734 0.2055 -0.7101
vn 0.6989 0.5709 -0.4308
vn -0.8091 0.2469 0.5334
vn -0.6667 0.6217 -0.4111
vn -0.0466 0.5071 -0.8606
vn -0.0575 0.6352 0.7702
vn -0.0451 0.4996 0.8651
vn -0.6768 0.2794 -0.6811
vn 0.7600 0.6428 -0.0958
vn 0.7061 0.5887 0.3936
vn -0.8068 0.3190 0.4973
vn 0.5487 0.1413 -0.8240
vn 0.6395 0.4885 -0.5936
vn 0.8080 0.2997 0.5072
vn 0.2382 -0.7916 0.5627
vn 0.3515 -0.3240 0.8783
vn 0.6722 -0.3104 0.6722
vn 0.7039 0.0848 0.7052
vn 0.6162 0.4496 0.6466
vn 0.6431 0.4222 0.6389
vn 0.7374 0.1243 0.6639
vn 0.8212 -0.4871 0.2972
vn 0.9254 -0.0670 0.3731
vn 0.8253 0.4015 0.3971
vn 0.8142 0.2362 0.5304
vn 0.7756 -0.4600 -0.4321
vn 0.8691 -0.0629 -0.4907
vn 0.8136 0.3202 -0.4852
vn 0.8035 0.2835 -0.5235
vn 0.5098 -0.4807 -0.7135
vn 0.5805 -0.0290 -0.8137
vn 0.4315 0.4434 -0.7857
vn 0.3828 0.3582 -0.8516
vn 0.4761 0.0883 -0.8750
vn 0.2899 -0.6419 -0.7099
vn 0.4209 0.2934 -0.8584
vn 0.4645 0.3592 -0.8094
vn 0.5120 0.0894 -0.8543
vn 0.5097 0.1299 0.8505
vn 0.4601 0.3815 0.8017
vn 0.4257 0.2550 0.8682
vn 0.3503 0.1536 0.9240
vn 0.6690 0.1662 0.7244
vn 0.7220 -0.2659 -0.6387
vn 0.7871 0.0578 -0.6141
vn 0.8774 0.0154 0.4795
vn 0.7562 -0.4207 0.5012
vn 0.0995 -0.8510 0.5156
vn -0.2063 -0.9651 0.1612
vn -0.8760 -0.1817 -0.4467
vn -0.6952 -0.6818 -0.2276
vn -0.4402 -0.0650 -0.8955
vn -0.4533 -0.0863 -0.8872
vn -0.4636 0.2979 -0.8345
vn -0.4759 -0.0106 -0.8795
vn -0.9426 -0.0242 -0.3330
vn -0.9110 0.2766 -0.3059
vn -0.9465 -0.0211 -0.3220
vn -0.9484 -0.0233 0.3164
vn -0.9110 0.2766 0.3059
vn -0.9465 -0.0211 0.3220
vn -0.4532 -0.0873 0.8871
vn -0.4417 0.4155 0.7951
vn -0.4759 -0.0106 0.8795
vn 0.5180 0.3859 0.7634
vn 0.5350 -0.0260 0.8445
vn 0.8862 -0.1388 0.4420
vn 0.8579 0.2920 0.4227
vn 0.8786 -0.0844 0.4700
vn 0.9081 -0.0295 -0.4177
vn 0.8838 -0.0329 -0.4667
vn 0.8579 0.2920 -0.4227
vn 0.8786 -0.0844 -0.4700
vn 0.5405 0.2707 -0.7966
vn 0.5350 -0.0260 -0.8445
vn 0.0737 -0.9973 -0.0000
vn -0.6818 -0.7316 -0.0033
vn 0.7070 -0.7072 -0.0009
vn 0.5231 -0.8472 -0.0926
vn 0.0819 -0.9907 0.1083
vn -0.7199 -0.1944 0.6663
vn -0.5928 -0.8036 -0.0536
vn -0.7466 -0.1538 -0.6472
vn -0.5601 0.8272 -0.0456
vn -0.9971 -0.0741 0.0149
vn 0.0112 0.3827 -0.9238
vn 0.0970 0.9195 -0.3809
vn -0.1272 0.9164 0.3796
vn -0.3314 0.3611 0.8717
vn -0.2619 -0.3693 0.8916
vn -0.1173 -0.9175 0.3800
vn 0.6644 -0.6905 -0.2860
vn 0.2593 -0.3696 -0.8923
vn 0.8506 0.0663 0.5217
vn -0.5235 0.3261 0.7872
vn -0.4276 -0.3459 0.8352
vn 0.8410 -0.1438 0.5216
vn 0.1013 -0.9498 0.2961
vn -0.3339 -0.8709 0.3607
vn -0.2188 -0.9015 -0.3734
vn 0.2457 -0.9486 -0.1994
vn 0.0700 -0.3508 -0.9338
vn 0.0262 -0.3826 -0.9236
vn 0.0806 0.3814 -0.9209
vn -0.3057 0.3261 -0.8945
vn 0.4598 -0.8763 -0.1439
vn -0.2991 0.8816 0.3652
vn 0.4757 0.1215 0.8712
vn 0.7848 0.6081 -0.1196
vn 0.8862 -0.0664 0.4584
vn 0.5741 -0.3632 -0.7338
vn 0.6401 -0.3026 -0.7062
vn 0.0553 0.4644 0.8839
vn -0.3001 0.9309 0.2084
vn 0.1068 0.9058 -0.4100
vn 0.0878 -0.7112 -0.6975
vn 0.3077 -0.1603 0.9379
vn 0.4202 -0.7416 0.5229
vn 0.2079 0.1236 0.9703
vn 0.9395 -0.2894 -0.1832
vn 0.1954 0.1552 0.9684
vn 0.3141 -0.1812 0.9320
vn 0.4376 0.2059 0.8753
vn 0.9206 0.1091 0.3749
vn 0.2123 0.8930 0.3969
vn 0.3030 0.8642 0.4016
vn 0.8279 -0.5212 0.2072
vn 0.2650 0.8916 0.3672
vn 0.1395 0.3712 0.9180
vn 0.8448 0.3575 0.3980
vn -0.4651 0.8469 0.2576
vn 0.4047 0.8301 -0.3836
vn 0.9213 0.2968 0.2514
vn 0.8567 -0.5013 0.1213
vn 0.9513 0.2493 -0.1814
vn 0.1375 -0.9904 -0.0126
vn 0.6638 0.7416 -0.0969
vn 0.6265 -0.7682 -0.1321
vn 0.7546 0.6407 0.1419
vn 0.1701 0.9462 -0.2752
vn 0.4436 0.7569 -0.4799
vn 0.1671 0.8443 -0.5091
vn 0.1651 0.8466 0.5060
vn 0.4175 0.7728 0.4781
vn 0.4975 0.8650 0.0654
vn 0.4976 0.8258 -0.2652
vn 0.1527 0.2530 0.9553
vn 0.1502 -0.0325 0.9881
vn 0.4924 -0.1376 0.8594
vn 0.5408 0.2833 0.7920
vn 0.4610 -0.0189 0.8872
vn 0.3909 0.4193 0.8194
vn 0.1595 0.4312 0.8880
vn 0.1433 -0.3106 0.9397
vn 0.1553 -0.8083 -0.5679
vn 0.3245 -0.8547 -0.4053
vn 0.3201 -0.9336 -0.1611
vn 0.3094 -0.9487 0.0654
vn 0.2148 -0.7685 0.6028
vn 0.0618 -0.8559 0.5135
vn 0.9615 -0.0046 -0.2747
vn 0.9860 0.0962 0.1358
vn 0.7702 -0.3062 -0.5595
vn 0.8573 -0.0281 -0.5141
vn 0.5758 -0.5807 -0.5755
vn 0.5975 0.6545 -0.4633
vn 0.6701 0.6998 -0.2477
vn 0.9144 0.3757 0.1505
vn 0.8537 0.3188 0.4118
vn 0.9128 0.0082 0.4083
vn 0.8516 0.1577 0.4999
vn 0.8487 -0.0512 0.5264
vn 0.7601 -0.6180 0.2010
vn 0.8321 -0.4606 -0.3090
vn 0.1678 -0.1747 -0.9702
vn 0.1703 0.1671 -0.9711
vn 0.1659 0.4837 -0.8594
vn 0.4407 0.4547 -0.7740
vn 0.4782 0.1116 -0.8711
vn 0.5217 -0.1642 -0.8372
vn 0.3144 -0.5090 -0.8013
vn 0.1525 -0.5771 -0.8023
vn 0.9826 0.1268 0.1355
vn 0.4316 0.2780 -0.8581
vn 0.4684 0.2883 -0.8351
vn 0.8749 0.3819 -0.2979
vn 0.6835 -0.4596 -0.5671
vn 0.6570 -0.5695 0.4940
vn 0.4815 0.8755 -0.0412
vn 0.3949 0.6862 -0.6109
vn 0.0766 0.9394 -0.3343
vn -0.1097 0.9596 -0.2590
vn 0.1248 0.9884 -0.0862
vn 0.1330 0.9855 -0.1053
vn 0.8767 -0.0935 0.4719
vn 0.5623 -0.5853 0.5842
vn 0.4489 -0.6294 0.6343
vn 0.7246 -0.5281 -0.4429
vn 0.0834 -0.8823 -0.4633
vn 0.3443 -0.8203 -0.4568
vn 0.4102 0.1418 -0.9009
vn 0.1469 0.1224 -0.9816
vn -0.0235 0.1427 -0.9895
vn 0.5993 -0.7841 -0.1612
vn 0.3947 -0.8692 0.2978
vn 0.5680 -0.8226 0.0254
vn 0.9858 0.0060 0.1681
vn 0.8853 -0.0468 0.4627
vn -0.2023 -0.6923 0.6927
vn -0.1467 0.1957 0.9696
vn 0.5838 -0.4656 0.6651
vn 0.5464 -0.8183 0.1785
vn 0.1655 -0.6113 0.7739
vn -0.0499 -0.6939 0.7184
vn 0.2519 0.9661 0.0573
vn -0.1683 -0.9824 -0.0808
vn -0.1375 -0.9857 -0.0970
vn -0.6895 0.7180 0.0947
vn -0.2167 0.6177 -0.7560
vn 0.4112 0.7915 -0.4521
vn 0.9065 0.4105 0.0990
vn 0.5237 0.2192 0.8232
vn 0.0859 0.7237 0.6847
vn -0.6964 0.7175 0.0137
vn -0.2909 0.4399 -0.8496
vn 0.1675 0.9836 0.0664
vn 0.2628 0.3405 -0.9028
vn 0.3310 -0.2706 -0.9040
vn 0.9004 -0.2718 -0.3397
vn 0.9004 0.3397 -0.2717
vn 0.9004 0.3397 0.2717
vn 0.3310 -0.2706 0.9040
vn 0.2628 0.3405 0.9028
vn -0.1081 -0.7668 -0.6327
vn -0.0274 -0.8135 0.5809
vn 0.2628 0.9028 -0.3405
vn 0.2628 0.9028 0.3405
vn 0.6584 -0.7279 0.1916
vn 0.9426 -0.1572 0.2947
vn 0.8865 -0.1727 0.4293
vn 0.5208 -0.0875 0.8492
vn 0.7584 -0.4094 0.5072
vn 0.4118 -0.2069 -0.8874
vn 0.2261 -0.0615 0.9722
vn -0.2788 0.1141 -0.9536
vn -0.8333 -0.4947 0.2468
vn 0.2269 0.9693 0.0943
vn 0.7989 0.3203 -0.5091
vn 0.5184 0.7851 -0.3391
vn 0.1671 0.9789 -0.1178
vn -0.4959 0.7752 0.3914
vn -0.4959 -0.7752 0.3914
vn 0.1671 -0.9789 -0.1178
vn 0.5184 -0.7851 -0.3391
vn 0.7989 -0.3203 -0.5091
vn 0.1755 0.3121 -0.9337
vn 0.1159 0.7750 -0.6212
vn -0.0387 0.9770 0.2098
vn 0.0387 -0.9770 -0.2098
vn 0.1159 -0.7750 -0.6212
vn 0.1755 -0.3121 -0.9337
vn 0.1761 0.3087 0.9347
vn 0.1176 0.7711 0.6257
vn 0.0396 0.9764 0.2125
vn -0.0388 0.9661 -0.2552
vn -0.0388 -0.9661 -0.2552
vn 0.0396 -0.9764 0.2125
vn 0.1176 -0.7711 0.6257
vn 0.1761 -0.3087 0.9347
vn 0.8068 0.2657 0.5277
vn 0.5692 0.7177 0.4012
vn 0.1974 0.9679 0.1558
vn -0.2275 0.9669 -0.1159
vn -0.2275 -0.9669 -0.1159
vn 0.1974 -0.9679 0.1558
vn 0.5692 -0.7177 0.4012
vn 0.8068 -0.2657 0.5277
vn -0.5487 0.1413 -0.8240
vn -0.6395 0.4885 -0.5936
vn -0.7417 0.0643 0.6677
vn -0.2382 -0.7916 0.5627
vn -0.3515 -0.3240 0.8783
vn -0.6722 -0.3104 0.6722
vn -0.7044 0.0868 0.7045
vn -0.6162 0.4496 0.6466
vn -0.6415 0.3679 0.6731
vn -0.7374 0.1243 0.6639
vn -0.6883 -0.6283 0.3626
vn -0.9403 -0.0026 0.3403
vn -0.8253 0.4015 0.3971
vn -0.8304 0.3883 0.3995
vn -0.7756 -0.4600 -0.4321
vn -0.8691 -0.0629 -0.4907
vn -0.8319 0.2956 -0.4697
vn -0.8334 0.2418 -0.4970
vn -0.5098 -0.4807 -0.7135
vn -0.5805 -0.0290 -0.8137
vn -0.5623 0.2503 -0.7882
vn -0.4697 0.2186 -0.8553
vn -0.3996 0.2243 -0.8888
vn -0.3200 -0.9430 0.0917
vn -0.3224 0.4158 -0.8504
vn -0.4645 0.3592 -0.8094
vn -0.5120 0.0894 -0.8543
vn -0.4949 0.1067 0.8624
vn -0.4183 0.3118 0.8531
vn -0.4257 0.2550 0.8682
vn -0.3652 0.1844 0.9125
vn -0.5096 -0.1311 0.8503
vn -0.5349 0.0297 -0.8444
vn -0.8640 -0.1994 -0.4623
vn -0.8813 0.0321 0.4715
vn -0.7562 -0.4207 0.5012
vn 0.1014 -0.9770 0.1874
vn 0.6467 -0.6774 0.3507
vn 0.9480 -0.0000 -0.3183
vn 0.6952 -0.6818 -0.2276
vn 0.4402 -0.0650 -0.8955
vn 0.4428 0.2296 -0.8667
vn 0.4856 -0.0000 -0.8742
vn 0.9426 -0.0242 -0.3330
vn 0.9159 0.2374 -0.3236
vn 0.9465 -0.0211 -0.3220
vn 0.9520 -0.0526 0.3016
vn 0.9110 0.2766 0.3059
vn 0.9476 -0.0271 0.3182
vn 0.4402 -0.0660 0.8955
vn 0.4417 0.4155 0.7951
vn 0.4759 -0.0106 0.8795
vn -0.5029 0.3418 0.7939
vn -0.5615 -0.0000 0.8275
vn -0.9168 -0.0285 0.3983
vn -0.8593 0.2794 0.4285
vn -0.8962 -0.0436 0.4416
vn -0.8757 -0.1387 -0.4625
vn -0.8579 0.2920 -0.4227
vn -0.8786 -0.0844 -0.4700
vn -0.5405 0.2707 -0.7966
vn -0.5350 -0.0260 -0.8445
vn 0.6818 -0.7316 -0.0033
vn -0.7037 -0.7105 -0.0001
vn -0.5231 -0.8472 -0.0926
vn 0.7199 -0.1944 0.6663
vn 0.5601 0.8272 -0.0456
vn 0.7466 -0.1538 -0.6472
vn 0.5928 -0.8036 -0.0536
vn 0.9972 -0.0616 -0.0436
vn -0.2481 0.6165 -0.7473
vn -0.0023 0.8812 -0.4727
vn 0.1771 0.9480 0.2644
vn 0.3314 0.3611 0.8717
vn 0.1182 -0.5028 0.8563
vn 0.1173 -0.9175 0.3800
vn -0.6644 -0.6905 -0.2860
vn -0.2593 -0.3696 -0.8923
vn -0.8506 0.0663 0.5217
vn 0.3916 0.2158 0.8945
vn 0.4970 -0.2738 0.8234
vn -0.3222 0.2807 0.9041
vn -0.1832 -0.9568 0.2256
vn 0.3339 -0.8709 0.3607
vn 0.2188 -0.9015 -0.3734
vn -0.1884 -0.9694 -0.1576
vn 0.0673 -0.4543 -0.8883
vn -0.0262 -0.3826 -0.9236
vn -0.0532 0.3534 -0.9340
vn 0.3057 0.3261 -0.8945
vn -0.2959 -0.9291 -0.2218
vn 0.0601 0.9299 -0.3628
vn 0.3384 0.8895 0.3071
vn -0.4757 0.1215 0.8712
vn -0.7848 0.6081 -0.1196
vn -0.8862 -0.0664 0.4584
vn -0.5741 -0.3632 -0.7338
vn -0.6400 -0.3027 -0.7062
vn -0.5465 0.4641 -0.6971
vn -0.1068 0.9058 -0.4100
vn -0.4161 0.5834 -0.6975
vn -0.3077 -0.1603 0.9379
vn -0.2080 0.1236 0.9703
vn -0.4202 -0.7416 0.5229
vn -0.9395 -0.2894 -0.1832
vn 0.2606 0.0456 0.9644
vn -0.4376 0.2059 0.8753
vn -0.4575 0.5287 0.7149
vn -0.2123 0.8930 0.3969
vn -0.3147 0.8927 0.3225
vn -0.8279 -0.5212 0.2072
vn -0.2650 0.8916 0.3672
vn -0.1395 0.3712 0.9180
vn -0.8029 0.4156 0.4274
vn 0.4651 0.8469 0.2576
vn -0.3861 0.8121 -0.4375
vn -0.8567 -0.5013 0.1213
vn -0.9191 0.2834 0.2737
vn -0.9348 0.3171 -0.1599
vn -0.1375 -0.9904 -0.0126
vn -0.3978 0.8876 -0.2322
vn -0.6265 -0.7682 -0.1321
vn -0.3524 0.9334 -0.0671
vn -0.1659 0.9458 -0.2791
vn -0.4718 0.7571 -0.4520
vn -0.1660 0.8439 -0.5102
vn -0.1651 0.8466 0.5060
vn -0.4175 0.7728 0.4781
vn -0.4975 0.8650 0.0654
vn -0.5333 0.8146 -0.2281
vn -0.1308 0.2344 0.9633
vn -0.1502 -0.0325 0.9881
vn -0.4924 -0.1376 0.8594
vn -0.4753 0.2151 0.8531
vn -0.4610 -0.0189 0.8872
vn -0.3909 0.4193 0.8194
vn -0.1595 0.4312 0.8880
vn -0.1433 -0.3106 0.9397
vn -0.1553 -0.8083 -0.5679
vn -0.3245 -0.8547 -0.4053
vn -0.3201 -0.9336 -0.1611
vn -0.3094 -0.9487 0.0654
vn -0.2923 -0.7918 0.5363
vn -0.1055 -0.8753 0.4719
vn -0.9596 -0.0016 -0.2813
vn -0.9810 0.0640 0.1833
vn -0.7695 -0.4490 -0.4542
vn -0.8500 -0.0181 -0.5265
vn -0.8252 -0.5161 -0.2295
vn -0.5975 0.6545 -0.4633
vn -0.6705 0.6994 -0.2474
vn -0.9144 0.3757 0.1505
vn -0.8567 0.3571 0.3723
vn -0.9128 0.0082 0.4083
vn -0.8781 0.1851 0.4412
vn -0.8487 -0.0512 0.5264
vn -0.9177 -0.3899 0.0764
vn -0.7510 -0.6366 -0.1753
vn -0.1678 -0.1747 -0.9702
vn -0.1684 0.1690 -0.9711
vn -0.1668 0.4829 -0.8596
vn -0.1345 0.6716 -0.7286
vn -0.4782 0.1116 -0.8711
vn -0.4591 -0.0916 -0.8836
vn -0.2475 -0.4209 -0.8727
vn -0.1279 -0.5582 -0.8198
vn -0.9826 0.1268 0.1355
vn -0.4316 0.2780 -0.8581
vn -0.4129 0.3669 -0.8336
vn -0.8489 0.4663 -0.2489
vn -0.5148 -0.5423 -0.6640
vn -0.6570 -0.5695 0.4940
vn -0.5618 0.7983 -0.2172
vn -0.3949 0.6862 -0.6109
vn -0.0766 0.9394 -0.3343
vn 0.1097 0.9596 -0.2590
vn -0.1360 0.9850 -0.1063
vn 0.0222 0.9906 0.1348
vn -0.8767 -0.0935 0.4719
vn -0.5623 -0.5853 0.5842
vn -0.6481 0.0079 0.7615
vn -0.4631 -0.6630 -0.5881
vn -0.2599 -0.8983 -0.3544
vn -0.4590 -0.7974 -0.3917
vn -0.4102 0.1418 -0.9009
vn -0.3535 -0.0888 -0.9312
vn 0.0235 0.1427 -0.9895
vn -0.7546 -0.6522 -0.0717
vn -0.3890 -0.8746 0.2895
vn -0.3681 -0.8635 -0.3449
vn -0.9248 -0.0866 0.3705
vn -0.8853 -0.0468 0.4627
vn 0.1211 -0.9134 0.3887
vn -0.3405 -0.2231 0.9134
vn -0.3021 0.3442 0.8889
vn -0.2476 -0.6033 0.7582
vn -0.2041 -0.7204 0.6628
vn 0.0499 -0.6939 0.7184
vn -0.2519 0.9661 0.0573
vn 0.1683 -0.9825 -0.0803
vn 0.1683 -0.9824 -0.0808
vn 0.7672 0.6412 0.0151
vn 0.2167 0.6177 -0.7560
vn -0.1179 0.2507 -0.9609
vn -0.9065 0.4105 0.0990
vn -0.2031 0.6844 0.7003
vn -0.0341 0.3304 0.9432
vn 0.7672 0.6393 0.0522
vn -0.0656 0.7169 -0.6941
vn -0.1629 0.9860 -0.0358
vn -0.3310 0.2706 -0.9040
vn -0.3310 -0.2706 -0.9040
vn -0.8380 -0.0238 -0.5452
vn -0.9004 0.3397 -0.2717
vn -0.9004 0.2717 0.3397
vn -0.2628 -0.3405 0.9028
vn -0.2628 0.3405 0.9028
vn 0.1081 -0.7668 -0.6327
vn -0.2628 -0.9028 0.3405
vn -0.3310 0.9040 -0.2706
vn -0.2628 0.9028 0.3405
vn -0.9247 0.2803 0.2575
vn -0.8485 -0.2838 0.4466
vn -0.8573 -0.4005 0.3234
vn -0.5208 -0.0875 0.8492
vn -0.7584 -0.4094 0.5072
vn -0.2261 -0.0615 0.9722
vn 0.3521 0.4045 -0.8440
vn 0.8333 -0.4947 0.2468
vn -0.2374 0.9712 0.0183
vn 0.2715 -0.9608 0.0553
vn -0.2715 -0.9608 -0.0553
vn -0.8068 0.2657 -0.5277
vn -0.5692 0.7177 -0.4012
vn -0.1974 0.9679 -0.1558
vn 0.2275 0.9669 0.1159
vn 0.4959 -0.7752 0.3914
vn -0.1671 -0.9789 -0.1178
vn -0.5184 -0.7851 -0.3391
vn -0.7989 -0.3203 -0.5091
vn -0.1755 0.3121 -0.9337
vn -0.1159 0.7750 -0.6212
vn 0.0388 0.9661 0.2552
vn -0.0396 -0.9764 -0.2125
vn -0.1176 -0.7711 -0.6257
vn -0.1761 -0.3087 -0.9347
vn -0.1755 0.3121 0.9337
vn -0.1159 0.7750 0.6212
vn 0.0388 0.9661 -0.2552
vn -0.0396 -0.9764 0.2125
vn -0.1176 -0.7711 0.6257
vn -0.1761 -0.3087 0.9347
vn -0.8068 0.2657 0.5277
vn -0.5692 0.7177 0.4012
vn -0.1974 0.9679 0.1558
vn 0.2275 0.9669 -0.1159
vn 0.4959 -0.7752 -0.3914
vn -0.1671 -0.9789 0.1178
vn -0.5184 -0.7851 0.3391
vn -0.7989 -0.3203 0.5091
vn -0.1107 0.9934 0.0302
vn -0.8804 -0.4029 0.2500
vn -0.5521 0.6137 0.5644
vn -0.6967 0.5810 -0.4208
vn -0.8805 -0.3381 -0.3321
vn -0.3321 -0.3381 -0.8805
vn -0.6919 0.1705 -0.7016
vn 0.3238 0.3802 -0.8664
vn 0.3321 -0.3381 -0.8805
vn 0.8805 -0.3381 -0.3321
vn 0.8169 0.4397 -0.3732
vn 0.7043 0.4865 0.5169
vn 0.3873 0.5676 0.7266
vn -0.8655 0.3092 0.3941
vn -0.2717 -0.9004 -0.3397
vn 0.3397 -0.9004 -0.2717
vn 0.5645 -0.6665 0.4869
vn 0.4911 0.6943 -0.5261
vn -0.8839 0.3300 -0.3313
vn -0.8541 0.2977 0.4265
vn 0.4500 0.6363 0.6266
vn 0.8722 0.1578 0.4630
vn 0.9531 0.0565 -0.2972
vn 0.2961 0.0420 -0.9542
vn -0.2961 0.0420 -0.9542
vn -0.9531 0.0565 -0.2972
vn -0.9395 0.1528 0.3065
vn 0.8503 -0.1807 -0.4943
vn 0.6366 0.4244 0.6438
vn -0.4794 0.8347 0.2711
vn -0.4420 0.8032 -0.3993
vt 0.983261 0.586808
vt 0.919903 0.576217
vt 0.964650 0.550407
vt 0.913923 0.628976
vt 0.851188 0.614926
vt 0.821746 0.718363
vt 0.880261 0.757998
vt 0.859724 0.815104
vt 0.658481 0.897395
vt 0.649888 0.967427
vt 0.621498 0.930375
vt 0.699512 0.880496
vt 0.689578 0.962569
vt 0.663671 0.777821
vt 0.655665 0.887232
vt 0.616965 0.803490
vt 0.735218 0.858710
vt 0.744891 0.744885
vt 0.701321 0.758126
vt 0.821139 0.831688
vt 0.780387 0.850265
vt 0.780611 0.730881
vt 0.599137 0.715683
vt 0.610083 0.787657
vt 0.642561 0.695937
vt 0.729310 0.680117
vt 0.683983 0.684509
vt 0.787727 0.725540
vt 0.773273 0.674639
vt 0.795487 0.701816
vt 0.748182 0.483557
vt 0.687534 0.466731
vt 0.734737 0.435357
vt 0.767357 0.517754
vt 0.700015 0.512767
vt 0.752851 0.580428
vt 0.721505 0.548804
vt 0.797034 0.548035
vt 0.783416 0.611207
vt 0.825083 0.580603
vt 0.820777 0.605735
vt 0.823076 0.430896
vt 0.801304 0.395613
vt 0.844481 0.467261
vt 0.876164 0.502277
vt 0.898370 0.540700
vt 0.854830 0.349396
vt 0.776411 0.344149
vt 0.871296 0.377694
vt 0.861034 0.397473
vt 0.914213 0.431894
vt 0.945209 0.513569
vt 0.929623 0.472807
vt 0.879961 0.862894
vt 0.842544 0.881694
vt 0.805493 0.905832
vt 0.768569 0.928365
vt 0.731684 0.949102
vt 0.869676 0.390107
vt 0.915906 0.851016
vt 0.747994 0.386987
vt 0.714335 0.408045
vt 0.664145 0.438806
vt 0.565630 0.730548
vt 0.575616 0.788940
vt 0.596762 0.847605
vt 0.583903 0.810207
vt 0.588926 0.883066
vt 0.571881 0.924159
vt 0.572611 0.919862
vt 0.527496 0.942285
vt 0.520049 0.935534
vt 0.741783 0.289901
vt 0.746341 0.343318
vt 0.809206 0.125475
vt 0.800104 0.070905
vt 0.800404 0.070936
vt 0.786232 0.147425
vt 0.777217 0.093789
vt 0.740101 0.131416
vt 0.754989 0.116076
vt 0.772673 0.162918
vt 0.708464 0.165194
vt 0.848719 0.167555
vt 0.832686 0.104873
vt 0.869496 0.148659
vt 0.824961 0.189127
vt 0.784723 0.226363
vt 0.810375 0.202623
vt 0.911402 0.191448
vt 0.865151 0.232485
vt 0.888950 0.212455
vt 0.847013 0.243181
vt 0.941255 0.226853
vt 0.892589 0.264462
vt 0.916568 0.246575
vt 0.875390 0.278350
vt 0.839100 0.306313
vt 0.913419 0.294502
vt 0.939241 0.276483
vt 0.898911 0.310081
vt 1.000261 0.310782
vt 0.965850 0.259214
vt 0.949579 0.348444
vt 0.976406 0.330071
vt 0.931086 0.357358
vt 0.861963 0.337889
vt 0.770216 0.041632
vt 0.700969 0.022629
vt 0.724185 0.000636
vt 0.726541 0.090571
vt 0.749053 0.066405
vt 0.711006 0.104557
vt 0.678313 0.048181
vt 0.678794 0.138693
vt 0.666877 0.066090
vt 0.665625 0.653696
vt 0.611870 0.634595
vt 0.722994 0.635909
vt 0.592238 0.593287
vt 0.770546 0.041229
vt 0.864549 0.107742
vt 0.860068 0.134449
vt 0.746918 0.054631
vt 0.725554 0.068773
vt 0.770218 0.266487
vt 0.749835 0.283810
vt 0.527817 0.968747
vt 0.940878 0.251672
vt 0.800241 0.070774
vt 0.774453 0.068067
vt 0.829708 0.664051
vt 0.840376 0.644742
vt 0.850324 0.672686
vt 0.829987 0.688993
vt 0.786915 0.707328
vt 0.021358 0.656585
vt 0.031606 0.631354
vt 0.032046 0.656496
vt 0.016954 0.780684
vt 0.029399 0.755953
vt 0.027832 0.781371
vt 0.018668 0.755355
vt 0.030522 0.730915
vt 0.019880 0.730482
vt 0.031334 0.706118
vt 0.020753 0.705821
vt 0.031876 0.681385
vt 0.021260 0.681246
vt 0.020765 0.631750
vt 0.030290 0.606034
vt 0.019521 0.606769
vt 0.028161 0.580712
vt 0.634443 0.546754
vt 0.673722 0.517246
vt 0.697249 0.544405
vt 0.127382 0.660176
vt 0.097921 0.630109
vt 0.145947 0.634667
vt 0.077054 0.656892
vt 0.096279 0.657768
vt 0.060865 0.656533
vt 0.077459 0.630221
vt 0.046861 0.656433
vt 0.060820 0.630501
vt 0.046522 0.630877
vt 0.113981 0.677944
vt 0.075978 0.682488
vt 0.094321 0.683554
vt 0.060245 0.681976
vt 0.046525 0.681617
vt 0.125361 0.700628
vt 0.074927 0.707328
vt 0.092625 0.707994
vt 0.059484 0.706899
vt 0.045898 0.706501
vt 0.092914 0.732426
vt 0.136712 0.729015
vt 0.074499 0.732197
vt 0.058869 0.731856
vt 0.045186 0.731426
vt 0.119159 0.761271
vt 0.074130 0.757306
vt 0.092419 0.757307
vt 0.058245 0.757096
vt 0.044349 0.756643
vt 0.093758 0.782709
vt 0.101077 0.790808
vt 0.074247 0.783262
vt 0.057691 0.783137
vt 0.043230 0.782708
vt 0.096582 0.601506
vt 0.102616 0.579563
vt 0.126893 0.609360
vt 0.076426 0.603043
vt 0.093176 0.574490
vt 0.059635 0.604116
vt 0.074031 0.576363
vt 0.045347 0.605005
vt 0.057554 0.577707
vt 0.043121 0.578902
vt 0.003154 0.608012
vt 0.000824 0.583668
vt 0.017259 0.581636
vt 0.000293 0.778939
vt 0.002242 0.754267
vt 0.003598 0.729713
vt 0.004584 0.705300
vt 0.005191 0.681061
vt 0.005137 0.656816
vt 0.004476 0.632427
vt 0.945079 0.867093
vt 0.936346 0.898863
vt 0.920014 0.881335
vt 0.975680 0.878427
vt 0.957944 0.888190
vt 0.986648 0.904920
vt 0.963700 0.912267
vt 0.950095 0.922258
vt 0.970042 0.937540
vt 0.935885 0.935365
vt 0.940134 0.993913
vt 0.916084 0.969524
vt 0.944830 0.966345
vt 0.910017 0.950618
vt 0.886210 0.968435
vt 0.888526 0.948681
vt 0.912108 0.998318
vt 0.855936 0.997804
vt 0.854135 0.966042
vt 0.865056 0.946992
vt 0.910294 0.941385
vt 0.922291 0.931820
vt 0.828849 0.994995
vt 0.821345 0.967219
vt 0.932572 0.841997
vt 0.963941 0.854138
vt 0.782128 0.981685
vt 0.796963 0.971935
vt 0.801769 0.980746
vt 0.853139 0.952332
vt 0.825044 0.939327
vt 0.851663 0.936155
vt 0.829548 0.957559
vt 0.915026 0.910526
vt 0.900194 0.934721
vt 0.815777 0.934470
vt 0.856616 0.933843
vt 0.875260 0.925275
vt 0.891213 0.936795
vt 0.896236 0.910647
vt 0.889702 0.895965
vt 0.913403 0.927297
vt 0.911634 0.912267
vt 0.941517 0.867097
vt 0.923564 0.871056
vt 0.903976 0.876902
vt 0.900133 0.881301
vt 0.931171 0.847359
vt 0.816926 0.963658
vt 0.812780 0.939279
vt 0.807094 0.960119
vt 0.800998 0.940718
vt 0.776045 0.929323
vt 0.774317 0.955783
vt 0.763016 0.947894
vt 0.791286 0.940302
vt 0.778256 0.958873
vt 0.796037 0.969030
vt 0.803450 0.959578
vt 0.797405 0.942042
vt 0.799503 0.959001
vt 0.785642 0.960171
vt 0.793775 0.949281
vt 0.794714 0.964915
vt 0.780572 0.965048
vt 0.779984 0.969837
vt 0.462018 0.319080
vt 0.452071 0.367444
vt 0.455447 0.345689
vt 0.881348 0.921537
vt 0.893023 0.905417
vt 0.816647 0.930512
vt 0.848504 0.931332
vt 0.850705 0.926827
vt 0.886173 0.926260
vt 0.460516 0.542341
vt 0.452196 0.709829
vt 0.370628 0.621494
vt 0.488270 0.442332
vt 0.430643 0.457955
vt 0.536900 0.482287
vt 0.540590 0.622264
vt 0.149840 0.623207
vt 0.155390 0.492198
vt 0.226678 0.549976
vt 0.198520 0.453811
vt 0.255801 0.469751
vt 0.349256 0.563955
vt 0.347918 0.457756
vt 0.102136 0.196558
vt 0.002661 0.304095
vt 0.002475 0.170830
vt 0.112270 0.394379
vt 0.107794 0.299305
vt 0.186113 0.214261
vt 0.135710 0.147550
vt 0.192153 0.170246
vt 0.183189 0.383400
vt 0.197285 0.301149
vt 0.021057 0.421134
vt 0.045875 0.086627
vt 0.523333 0.140502
vt 0.555682 0.001453
vt 0.620538 0.075812
vt 0.465017 0.167817
vt 0.452452 0.097114
vt 0.419920 0.156002
vt 0.353503 0.062519
vt 0.351083 0.143096
vt 0.202178 0.106174
vt 0.133658 0.001453
vt 0.419662 0.199874
vt 0.376919 0.301853
vt 0.352175 0.192414
vt 0.274703 0.300397
vt 0.250924 0.198111
vt 0.485241 0.210283
vt 0.427734 0.301843
vt 0.562440 0.838433
vt 0.547682 0.829976
vt 0.552243 0.825189
vt 0.424155 0.405365
vt 0.493631 0.408440
vt 0.352232 0.402619
vt 0.274153 0.376424
vt 0.222041 0.160322
vt 0.702990 0.306680
vt 0.577263 0.212102
vt 0.678114 0.182566
vt 0.577510 0.395414
vt 0.590480 0.304648
vt 0.675800 0.428192
vt 0.505257 0.303602
vt 0.376889 0.301406
vt 0.519536 0.832566
vt 0.539478 0.838279
vt 0.526839 0.858517
vt 0.545310 0.827680
vt 0.556392 0.846824
vt 0.552963 0.820040
vt 0.559867 0.800480
vt 0.534945 0.819505
vt 0.534450 0.831113
vt 0.438829 0.764285
vt 0.430181 0.818115
vt 0.370829 0.807204
vt 0.472995 0.782538
vt 0.483884 0.831423
vt 0.511977 0.805671
vt 0.512276 0.731683
vt 0.540809 0.774115
vt 0.192611 0.973814
vt 0.166008 0.919115
vt 0.187086 0.896264
vt 0.159627 0.964974
vt 0.118325 0.932969
vt 0.090836 0.938105
vt 0.089938 0.924980
vt 0.462948 0.950927
vt 0.438697 0.882727
vt 0.492211 0.921745
vt 0.492139 0.881558
vt 0.521053 0.882676
vt 0.513116 0.845046
vt 0.541825 0.850871
vt 0.379485 0.929051
vt 0.505257 0.988691
vt 0.515648 0.926754
vt 0.533445 0.880132
vt 0.550985 0.851180
vt 0.585017 0.671781
vt 0.484175 0.687575
vt 0.603783 0.646241
vt 0.526287 0.966557
vt 0.525564 0.932745
vt 0.521637 0.712342
vt 0.556742 0.863038
vt 0.540356 0.882908
vt 0.574629 0.766228
vt 0.545662 0.730029
vt 0.571079 0.830357
vt 0.576029 0.820565
vt 0.411977 0.691559
vt 0.393726 0.668013
vt 0.280222 0.564583
vt 0.332843 0.569758
vt 0.263779 0.593536
vt 0.239677 0.613150
vt 0.032284 0.941631
vt 0.066505 0.940042
vt 0.038349 0.962380
vt 0.057203 0.972969
vt 0.057807 0.937327
vt 0.077648 0.966656
vt 0.077298 0.910134
vt 0.060784 0.925991
vt 0.056048 0.907737
vt 0.826314 0.669285
vt 0.777806 0.642347
vt 0.825681 0.614795
vt 0.049096 0.928361
vt 0.035955 0.921078
vt 0.022162 0.969313
vt 0.023102 0.938275
vt 0.083513 0.979419
vt 0.061039 0.991512
vt 0.083513 0.897548
vt 0.021736 0.916168
vt 0.059945 0.887021
vt 0.062830 0.924640
vt 0.062560 0.942308
vt 0.363800 0.639374
vt 0.150145 0.623487
vt 0.150008 0.623404
vt 0.218657 0.636542
vt 0.450135 0.025592
vt 0.250145 0.027646
vt 0.170064 0.712347
vt 0.189263 0.688335
vt 0.193767 0.701807
vt 0.200877 0.714125
vt 0.193217 0.733705
vt 0.207988 0.695425
vt 0.214260 0.710489
vt 0.214903 0.676708
vt 0.221983 0.688898
vt 0.414402 0.323515
vt 0.427805 0.325033
vt 0.426664 0.327927
vt 0.226271 0.702575
vt 0.245554 0.678283
vt 0.246053 0.709741
vt 0.225520 0.734423
vt 0.190929 0.657808
vt 0.201528 0.681240
vt 0.216005 0.704217
vt 0.218952 0.701326
vt 0.214123 0.694995
vt 0.211053 0.696360
vt 0.431267 0.336029
vt 0.427151 0.338004
vt 0.415738 0.346735
vt 0.429154 0.342692
vt 0.412866 0.339372
vt 0.434535 0.350494
vt 0.423051 0.368297
vt 0.386490 0.353044
vt 0.407349 0.376469
vt 0.382304 0.369760
vt 0.405499 0.348016
vt 0.388057 0.343197
vt 0.406174 0.323280
vt 0.405769 0.339159
vt 0.386032 0.324794
vt 0.401189 0.316592
vt 0.414766 0.315647
vt 0.295977 0.784032
vt 0.316232 0.714616
vt 0.308139 0.785521
vt 0.327997 0.717793
vt 0.320180 0.786994
vt 0.340529 0.721978
vt 0.332321 0.788480
vt 0.353747 0.726469
vt 0.345434 0.790085
vt 0.253793 0.714236
vt 0.259632 0.779584
vt 0.246519 0.777979
vt 0.267704 0.713066
vt 0.271773 0.781070
vt 0.280875 0.712026
vt 0.283814 0.782544
vt 0.293059 0.711780
vt 0.304718 0.712603
vt 0.320053 0.663226
vt 0.330945 0.664032
vt 0.344210 0.664450
vt 0.349237 0.678082
vt 0.269839 0.668366
vt 0.278005 0.656347
vt 0.290979 0.659140
vt 0.301744 0.660985
vt 0.321863 0.572513
vt 0.310887 0.662202
vt 0.334411 0.575161
vt 0.347771 0.579811
vt 0.375834 0.592395
vt 0.264691 0.578793
vt 0.294960 0.573348
vt 0.309048 0.572057
vt 0.270090 0.995551
vt 0.290209 0.907080
vt 0.282906 0.996008
vt 0.300974 0.908925
vt 0.296993 0.994717
vt 0.313948 0.911718
vt 0.312208 0.992139
vt 0.327262 0.989272
vt 0.216119 0.975670
vt 0.247743 0.903615
vt 0.230037 0.982082
vt 0.244182 0.988254
vt 0.261008 0.904033
vt 0.257542 0.992904
vt 0.271900 0.904839
vt 0.287235 0.855461
vt 0.281066 0.905863
vt 0.298894 0.856285
vt 0.311078 0.856039
vt 0.324249 0.854999
vt 0.322114 0.899699
vt 0.242716 0.889982
vt 0.251424 0.846087
vt 0.263956 0.850272
vt 0.275721 0.853449
vt 0.338160 0.853829
vt 0.238206 0.841596
vt 0.181506 0.653619
vt 0.432348 0.727492
vt 0.365248 0.732969
vt 0.891090 0.394429
vt 0.899373 0.402259
vt 0.857760 0.377841
vt 0.868712 0.391232
vt 0.787697 0.728517
vt 0.740493 0.195983
vt 0.811578 0.272391
vt 0.894999 0.385110
vt 0.837089 0.746285
vt 0.818702 0.689106
vt 0.818551 0.800238
vt 0.777451 0.820301
vt 0.831140 0.052425
vt 0.854148 0.158976
vt 0.031783 0.631644
vt 0.021525 0.656872
vt 0.032213 0.656787
vt 0.029523 0.756243
vt 0.017068 0.780969
vt 0.027946 0.781660
vt 0.030657 0.731206
vt 0.018793 0.755640
vt 0.031479 0.706409
vt 0.020015 0.730767
vt 0.032032 0.681675
vt 0.020898 0.706107
vt 0.021415 0.681532
vt 0.030478 0.606324
vt 0.020942 0.632037
vt 0.028359 0.581001
vt 0.019708 0.607055
vt 0.671433 0.580827
vt 0.127547 0.660507
vt 0.098098 0.630428
vt 0.096445 0.658087
vt 0.077220 0.657202
vt 0.077637 0.630531
vt 0.061031 0.656836
vt 0.060998 0.630804
vt 0.047027 0.656730
vt 0.114138 0.678270
vt 0.094476 0.683871
vt 0.076133 0.682797
vt 0.060401 0.682279
vt 0.046680 0.681914
vt 0.125509 0.700958
vt 0.092770 0.708310
vt 0.075072 0.707637
vt 0.059629 0.707202
vt 0.046044 0.706798
vt 0.093048 0.732742
vt 0.136847 0.729350
vt 0.074634 0.732506
vt 0.059003 0.732158
vt 0.045321 0.731723
vt 0.119282 0.761599
vt 0.092543 0.757623
vt 0.074253 0.757614
vt 0.058369 0.757398
vt 0.044473 0.756939
vt 0.093872 0.783026
vt 0.101187 0.791128
vt 0.074360 0.783570
vt 0.057804 0.783438
vt 0.043343 0.783004
vt 0.102814 0.579884
vt 0.096772 0.601824
vt 0.127079 0.609691
vt 0.093377 0.574806
vt 0.076615 0.603352
vt 0.074231 0.576672
vt 0.059824 0.604419
vt 0.057753 0.578009
vt 0.045535 0.605302
vt 0.043320 0.579198
vt 0.146122 0.635006
vt 0.046699 0.631174
vt 0.003341 0.608291
vt 0.001021 0.583946
vt 0.017456 0.581921
vt 0.000407 0.779217
vt 0.002367 0.754545
vt 0.004730 0.705579
vt 0.005347 0.681341
vt 0.005303 0.657095
vt 0.883888 0.999736
vt 0.956985 0.828867
vt 0.923126 0.869624
vt 0.787346 0.937213
vt 0.803450 0.959574
vt 0.455560 0.370211
vt 0.872075 0.917095
vt 0.617303 0.538358
vt 0.375959 0.302085
vt 0.503735 0.303391
vt 0.165953 0.919162
vt 0.192575 0.973852
vt 0.187023 0.896304
vt 0.118274 0.933033
vt 0.159588 0.965024
vt 0.090787 0.938178
vt 0.109480 0.957627
vt 0.586912 0.790745
vt 0.032284 0.942037
vt 0.038349 0.962787
vt 0.066505 0.940449
vt 0.057203 0.973375
vt 0.077648 0.967062
vt 0.057807 0.937733
vt 0.077298 0.910541
vt 0.056048 0.908143
vt 0.060784 0.926397
vt 0.049096 0.928768
vt 0.062830 0.925047
vt 0.035955 0.921484
vt 0.022162 0.969719
vt 0.083513 0.979825
vt 0.059945 0.887427
vt 0.021736 0.916574
vt 0.023102 0.938681
vt 0.062560 0.942715
vt 0.170064 0.681012
vt 0.382304 0.321225
vt 0.361916 0.585983
vt 0.279745 0.575926
vt 0.931849 0.762114
vt 0.935868 0.786035
vt 0.915801 0.772041
vt 0.972393 0.747223
vt 0.967919 0.763753
vt 0.942380 0.751727
vt 0.988553 0.761687
vt 0.980746 0.772180
vt 0.956419 0.784884
vt 0.968979 0.798460
vt 0.955741 0.800270
vt 0.987872 0.796556
vt 0.977812 0.808736
vt 0.995446 0.773895
vt 0.991764 0.699739
vt 0.983959 0.713709
vt 0.977170 0.702133
vt 0.983269 0.677561
vt 0.964513 0.676418
vt 0.972856 0.665907
vt 0.952571 0.690357
vt 0.951324 0.675128
vt 0.964762 0.710944
vt 0.972454 0.726308
vt 0.941396 0.729995
vt 0.927954 0.696491
vt 0.942836 0.700442
vt 0.928743 0.721876
vt 0.956885 0.740114
vt 0.961764 0.817510
vt 0.956636 0.657830
vt 0.909961 0.717988
vt 0.909832 0.697551
vt 0.918996 0.791893
vt 0.994797 0.717926
vt 0.979356 0.722363
vt 0.996766 0.755082
vt 0.982028 0.750610
vt 0.995964 0.736751
vt 0.978088 0.737549
vt 0.968314 0.685673
vt 0.972433 0.788982
vt 0.948748 0.778059
vt 0.205976 0.811989
vt 0.234828 0.786708
vt 0.203350 0.848470
vt 0.201387 0.774400
vt 0.216182 0.739262
vt 0.187397 0.821015
vt 0.175223 0.782067
vt 0.126002 0.781085
vt 0.168891 0.757705
vt 0.205629 0.796860
vt 0.199703 0.796741
vt 0.196768 0.801430
vt 0.199707 0.796750
vt 0.205621 0.796867
vt 0.196884 0.792157
vt 0.161425 0.822159
vt 0.126002 0.847484
vt 0.190039 0.798503
vt 0.169245 0.802400
vt 0.634495 0.099658
vt 0.743700 0.594872
vt 0.702536 0.575535
vt 0.633979 0.580827
vt 0.643867 0.511683
vt 0.698002 0.522455
vt 0.998666 0.931721
vt 0.865382 0.932973
vt 0.882326 0.926320
vt 0.891549 0.892697
vt 0.452071 0.315071
vt 0.079966 0.543048
vt 0.495223 0.411034
vt 0.109522 0.957560
vt 0.827940 0.637542
vt 0.781747 0.667466
vt 0.777806 0.616614
vt 0.222121 0.657503
vt 0.429881 0.328082
vt 0.777451 0.668831
vt 0.004652 0.632706
vt 0.003734 0.729992
vt 0.089885 0.925054
vt 0.061039 0.991918
vt 0.083513 0.897954
vt 0.164009 0.800009
s 0
g Cylinder.001_Material
usemtl Material
f 40/1/1 9/2/1 49/3/1
f 3/4/2 15/5/2 9/2/2
f 26/6/3 6/7/3 32/8/3
f 37/9/4 7/10/4 5/11/4
f 36/12/5 39/13/5 37/9/5
f 30/14/6 37/15/6 31/16/6
f 30/14/7 35/17/7 36/12/7
f 28/18/8 35/17/8 29/19/8
f 28/18/9 33/20/9 34/21/9
f 26/6/10 33/20/10 27/22/10
f 25/23/11 30/14/11 31/24/11
f 24/25/12 29/19/12 30/14/12
f 22/26/13 29/19/13 23/27/13
f 22/26/14 27/28/14 28/18/14
f 21/29/15 99/30/15 27/28/15
f 19/31/16 25/32/16 20/33/16
f 18/34/17 24/35/17 19/31/17
f 18/34/18 22/36/18 23/37/18
f 17/38/19 21/39/19 22/36/19
f 16/40/20 100/41/20 21/39/20
f 13/42/21 20/33/21 14/43/21
f 12/44/22 19/31/22 13/42/22
f 12/44/23 17/38/23 18/34/23
f 11/45/24 16/40/24 17/38/24
f 10/46/25 15/5/25 16/40/25
f 1/47/26 14/43/26 2/48/26
f 8/49/27 409/50/27 14/43/27
f 46/51/28 11/45/28 12/44/28
f 48/52/29 11/45/29 47/53/29
f 49/3/30 10/46/30 48/52/30
f 33/20/31 45/54/31 44/55/31
f 34/21/32 44/55/32 43/56/32
f 34/21/33 42/57/33 35/17/33
f 36/12/34 42/57/34 38/58/34
f 13/42/35 407/59/35 12/44/35
f 32/8/36 41/60/36 45/54/36
f 62/61/37 20/33/37 63/62/37
f 63/62/38 25/32/38 67/63/38
f 67/64/39 31/24/39 71/65/39
f 31/16/40 75/66/40 71/67/40
f 75/68/41 5/11/41 79/69/41
f 79/70/42 57/71/42 83/72/42
f 83/73/43 2/48/43 87/74/43
f 2/48/44 62/61/44 87/74/44
f 90/75/45 93/76/45 92/77/45
f 89/78/46 59/79/46 90/75/46
f 89/78/47 61/80/47 60/81/47
f 88/82/48 62/83/48 61/80/48
f 86/84/49 58/85/49 56/86/49
f 85/87/50 90/75/50 86/84/50
f 85/87/51 88/82/51 89/78/51
f 83/88/52 88/82/52 84/89/52
f 55/90/53 86/84/53 56/86/53
f 81/91/54 86/84/54 82/92/54
f 80/93/55 85/87/55 81/91/55
f 80/93/56 83/88/56 84/89/56
f 54/94/57 82/92/57 55/90/57
f 77/95/58 82/92/58 78/96/58
f 76/97/59 81/91/59 77/95/59
f 75/98/60 80/93/60 76/97/60
f 73/99/61 78/96/61 74/100/61
f 73/99/62 76/97/62 77/95/62
f 72/101/63 75/98/63 76/97/63
f 52/102/64 74/100/64 53/103/64
f 69/104/65 74/100/65 70/105/65
f 69/104/66 72/101/66 73/99/66
f 68/106/67 71/107/67 72/101/67
f 95/108/68 70/109/68 52/110/68
f 65/111/69 70/109/69 66/112/69
f 64/113/70 69/114/70 65/111/70
f 63/115/71 68/116/71 64/113/71
f 60/81/72 66/112/72 59/79/72
f 61/80/73 65/111/73 60/81/73
f 62/83/74 64/113/74 61/80/74
f 56/117/75 58/118/75 55/119/75
f 92/120/76 55/119/76 58/118/76
f 51/121/77 53/122/77 95/108/77
f 95/108/78 94/123/78 96/124/78
f 94/123/79 93/125/79 96/124/79
f 91/126/80 2/48/80 57/127/80
f 5/11/81 91/128/81 57/71/81
f 54/94/82 94/129/82 78/96/82
f 92/77/83 93/76/83 50/130/83
f 66/112/84 96/131/84 59/79/84
f 94/129/85 53/103/85 74/100/85
f 78/96/86 94/129/86 74/100/86
f 95/108/87 96/131/87 66/112/87
f 59/79/88 96/131/88 93/76/88
f 97/132/89 98/133/89 4/134/89
f 26/6/90 101/135/90 4/134/90
f 4/134/91 101/135/91 97/132/91
f 4/134/92 98/133/92 15/5/92
f 100/41/93 16/40/93 15/5/93
f 27/22/15 99/136/15 26/6/15
f 157/137/94 106/138/94 137/139/94
f 147/140/95 117/141/95 112/142/95
f 149/143/96 122/144/96 117/141/96
f 151/145/97 127/146/97 122/144/97
f 153/147/98 132/148/98 127/146/98
f 155/149/99 137/139/99 132/148/99
f 143/150/100 107/151/100 106/138/100
f 145/152/101 112/153/101 107/151/101
f 99/154/102 101/155/102 98/156/102
f 98/157/103 102/158/103 15/159/103
f 140/160/94 102/158/94 141/161/94
f 139/162/94 103/163/94 140/160/94
f 138/164/94 104/165/94 139/162/94
f 138/164/104 106/138/104 105/166/104
f 97/167/105 141/161/105 98/157/105
f 135/168/99 141/161/99 136/169/99
f 134/170/99 140/160/99 135/168/99
f 134/170/99 138/164/99 139/162/99
f 132/148/106 138/164/106 133/171/106
f 101/172/107 136/169/107 97/167/107
f 130/173/98 136/169/98 131/174/98
f 129/175/98 135/168/98 130/173/98
f 128/176/98 134/170/98 129/175/98
f 127/146/108 133/171/108 128/176/108
f 126/177/109 101/172/109 26/178/109
f 125/179/97 131/174/97 126/177/97
f 124/180/97 130/173/97 125/179/97
f 123/181/97 129/175/97 124/180/97
f 122/144/110 128/176/110 123/181/110
f 99/182/111 126/177/111 26/178/111
f 120/183/96 126/177/96 121/184/96
f 119/185/96 125/179/96 120/183/96
f 118/186/96 124/180/96 119/185/96
f 117/141/112 123/181/112 118/186/112
f 116/187/113 99/182/113 21/188/113
f 115/189/95 121/184/95 116/187/95
f 114/190/95 120/183/95 115/189/95
f 113/191/95 119/185/95 114/190/95
f 113/191/114 117/141/114 118/186/114
f 111/192/115 21/193/115 100/194/115
f 110/195/101 116/196/101 111/192/101
f 109/197/101 115/198/101 110/195/101
f 108/199/101 114/200/101 109/197/101
f 107/151/116 113/201/116 108/199/116
f 102/158/117 100/194/117 15/159/117
f 102/158/100 110/195/100 111/192/100
f 104/165/100 110/195/100 103/163/100
f 104/165/100 108/199/100 109/197/100
f 105/166/118 107/151/118 108/199/118
f 143/150/119 144/202/119 145/152/119
f 145/152/120 146/203/120 147/204/120
f 149/143/121 146/205/121 148/206/121
f 151/145/122 148/206/122 150/207/122
f 151/145/123 152/208/123 153/147/123
f 153/147/124 154/209/124 155/149/124
f 157/137/125 154/209/125 156/210/125
f 143/150/126 156/210/126 142/211/126
f 180/212/127 162/213/127 179/214/127
f 180/212/128 150/215/128 170/216/128
f 170/216/129 148/217/129 164/218/129
f 162/213/130 164/218/130 159/219/130
f 159/219/131 171/220/131 165/221/131
f 148/217/132 171/220/132 164/218/132
f 146/222/133 166/223/133 171/224/133
f 165/221/134 166/223/134 161/225/134
f 161/225/135 172/226/135 167/227/135
f 144/228/136 172/226/136 166/223/136
f 172/226/137 156/229/137 168/230/137
f 172/226/138 160/231/138 167/227/138
f 165/221/139 175/232/139 176/233/139
f 168/230/140 154/234/140 182/235/140
f 182/236/141 152/237/141 180/212/141
f 158/238/142 184/239/142 163/240/142
f 165/221/143 162/213/143 159/219/143
f 177/241/144 202/242/144 195/243/144
f 168/230/145 178/244/145 177/241/145
f 174/245/146 179/214/146 162/213/146
f 167/227/147 199/246/147 175/232/147
f 181/247/148 202/242/148 178/244/148
f 168/230/149 195/243/149 197/248/149
f 160/231/150 196/249/150 200/250/150
f 174/245/151 205/251/151 203/252/151
f 175/232/152 204/253/152 176/233/152
f 165/221/153 204/253/153 206/254/153
f 163/255/154 179/214/154 158/256/154
f 169/257/155 179/214/155 181/258/155
f 173/259/156 180/212/156 163/255/156
f 173/260/157 181/247/157 182/235/157
f 169/261/158 186/262/158 185/263/158
f 169/264/159 183/265/159 158/266/159
f 173/260/160 184/239/160 186/262/160
f 183/265/161 191/267/161 187/268/161
f 186/262/162 190/269/162 194/270/162
f 186/262/163 191/271/163 185/263/163
f 193/272/164 188/273/164 192/274/164
f 189/275/165 187/276/165 188/273/165
f 187/268/166 192/274/166 188/273/166
f 193/272/167 190/269/167 189/275/167
f 191/271/168 193/272/168 192/274/168
f 183/277/169 190/269/169 184/239/169
f 158/278/170 195/279/170 202/280/170
f 205/251/171 196/281/171 201/282/171
f 203/283/172 195/284/172 197/285/172
f 196/281/173 203/252/173 201/282/173
f 198/286/174 206/254/174 200/250/174
f 199/246/175 206/254/175 204/253/175
f 231/287/176 234/288/176 292/289/176
f 207/290/177 231/287/177 221/291/177
f 227/292/178 232/293/178 231/287/178
f 236/294/179 219/295/179 293/296/179
f 293/296/180 209/297/180 223/298/180
f 292/299/181 223/298/181 222/300/181
f 221/291/182 292/299/182 222/300/182
f 237/301/183 241/302/183 240/303/183
f 239/304/184 241/302/184 238/305/184
f 218/306/185 225/307/185 210/308/185
f 218/306/186 238/305/186 237/301/186
f 216/309/187 238/305/187 217/310/187
f 209/297/188 239/304/188 216/309/188
f 219/295/189 242/311/189 239/304/189
f 237/301/190 224/312/190 225/307/190
f 211/313/191 40/314/191 212/315/191
f 208/316/192 243/317/192 211/313/192
f 230/318/193 4/319/193 243/317/193
f 229/320/194 244/321/194 4/319/194
f 244/321/195 210/308/195 225/307/195
f 41/322/196 225/307/196 224/312/196
f 245/323/197 284/324/197 248/325/197
f 248/325/198 252/326/198 251/327/198
f 208/316/199 245/323/199 230/318/199
f 215/328/200 246/329/200 245/323/200
f 288/330/201 262/331/201 264/332/201
f 207/290/202 247/333/202 213/334/202
f 247/333/203 222/300/203 285/335/203
f 222/300/204 253/336/204 285/335/204
f 253/336/205 209/297/205 216/309/205
f 253/336/206 217/310/206 252/326/206
f 251/327/207 217/310/207 218/306/207
f 251/327/208 210/308/208 228/337/208
f 229/320/209 251/327/209 228/337/209
f 230/318/210 248/325/210 229/320/210
f 255/338/211 257/339/211 254/340/211
f 255/338/212 259/341/212 258/342/212
f 256/343/213 227/292/213 259/341/213
f 259/341/214 207/290/214 213/334/214
f 259/341/215 214/344/215 258/342/215
f 257/339/216 214/344/216 215/328/216
f 211/313/217 215/328/217 208/316/217
f 212/315/218 257/339/218 211/313/218
f 253/336/219 284/345/219 285/335/219
f 268/346/220 261/347/220 269/348/220
f 261/347/221 263/349/221 262/331/221
f 263/349/222 264/332/222 262/331/222
f 274/350/223 261/347/223 262/331/223
f 288/330/224 265/351/224 290/352/224
f 281/353/225 265/351/225 263/349/225
f 281/353/226 260/354/226 268/346/226
f 247/355/227 266/356/227 213/357/227
f 283/358/228 267/359/228 266/356/228
f 282/360/229 268/346/229 267/359/229
f 247/355/230 287/361/230 283/358/230
f 283/358/231 291/362/231 282/360/231
f 282/360/232 290/352/232 281/353/232
f 249/363/233 280/364/233 250/365/233
f 277/366/234 279/367/234 280/364/234
f 279/367/235 275/368/235 278/369/235
f 246/370/236 271/371/236 272/372/236
f 272/372/237 270/373/237 273/374/237
f 273/374/238 269/375/238 274/376/238
f 213/357/239 271/371/239 214/377/239
f 271/371/240 267/359/240 270/373/240
f 267/359/241 269/348/241 270/373/241
f 284/378/242 272/372/242 286/379/242
f 286/379/243 273/374/243 289/380/243
f 289/380/244 274/376/244 288/381/244
f 249/382/245 285/383/245 284/384/245
f 249/385/246 286/379/246 277/386/246
f 250/387/247 287/361/247 285/383/247
f 275/388/248 289/380/248 288/381/248
f 276/389/249 286/379/249 289/380/249
f 279/390/250 290/352/250 291/362/250
f 280/391/251 291/362/251 287/361/251
f 275/392/252 290/352/252 278/393/252
f 294/394/253 304/395/253 234/288/253
f 235/396/254 292/299/254 233/397/254
f 235/398/255 305/399/255 293/296/255
f 296/400/256 302/401/256 297/402/256
f 297/402/257 302/401/257 298/403/257
f 298/403/258 302/404/258 299/405/258
f 299/406/259 303/407/259 300/408/259
f 233/409/260 305/410/260 294/411/260
f 300/408/261 306/412/261 301/413/261
f 306/412/262 296/400/262 301/413/262
f 296/400/263 233/414/263 304/415/263
f 298/403/264 233/414/264 297/402/264
f 298/403/265 305/416/265 235/417/265
f 300/408/266 305/418/266 299/406/266
f 300/408/267 294/419/267 295/420/267
f 301/413/268 304/415/268 294/419/268
f 306/412/269 303/421/269 302/401/269
f 303/407/270 299/406/270 302/422/270
f 234/288/271 304/395/271 292/289/271
f 292/289/272 304/395/272 233/423/272
f 307/424/273 308/425/273 236/294/273
f 293/296/274 307/424/274 236/294/274
f 307/424/275 305/399/275 295/426/275
f 4/319/276 3/427/276 243/317/276
f 41/322/277 6/428/277 244/321/277
f 244/321/278 6/428/278 4/319/278
f 243/317/279 3/427/279 40/314/279
f 321/429/280 312/430/280 315/431/280
f 321/429/281 311/432/281 313/433/281
f 311/432/282 329/434/282 327/435/282
f 312/430/283 329/434/283 315/431/283
f 329/434/284 310/436/284 328/437/284
f 336/438/285 332/439/285 333/440/285
f 326/441/286 323/442/286 319/443/286
f 310/436/287 323/442/287 328/437/287
f 311/432/288 324/444/288 313/433/288
f 324/444/289 326/441/289 319/443/289
f 312/430/290 325/445/290 317/446/290
f 325/445/291 310/436/291 317/446/291
f 316/447/292 326/441/292 327/435/292
f 309/448/293 328/437/293 326/441/293
f 318/449/294 329/434/294 328/437/294
f 316/447/295 329/434/295 322/450/295
f 333/440/296 330/451/296 331/452/296
f 340/453/297 331/452/297 330/454/297
f 336/438/298 331/452/298 339/455/298
f 340/453/299 332/456/299 335/457/299
f 309/458/300 334/459/300 318/460/300
f 341/461/301 335/457/301 334/459/301
f 316/462/302 337/463/302 338/464/302
f 337/463/303 339/455/303 338/464/303
f 316/462/304 341/461/304 309/458/304
f 341/461/305 339/455/305 340/453/305
f 322/465/306 334/466/306 337/463/306
f 337/463/307 335/467/307 336/438/307
f 342/468/308 352/469/308 343/470/308
f 343/470/309 353/471/309 344/472/309
f 344/472/310 354/473/310 345/474/310
f 345/474/311 355/475/311 346/476/311
f 356/477/312 348/478/312 347/479/312
f 357/480/313 349/481/313 348/478/313
f 358/482/314 350/483/314 349/481/314
f 359/484/315 342/468/315 350/483/315
f 351/485/316 361/486/316 352/469/316
f 352/469/317 362/487/317 353/471/317
f 353/471/318 363/488/318 354/473/318
f 354/473/319 364/489/319 355/475/319
f 365/490/320 357/480/320 356/477/320
f 366/491/321 358/482/321 357/480/321
f 367/492/322 359/484/322 358/482/322
f 368/493/323 351/485/323 359/484/323
f 369/494/324 361/486/324 360/495/324
f 370/496/325 362/487/325 361/486/325
f 371/497/326 363/488/326 362/487/326
f 363/488/327 373/498/327 364/489/327
f 374/499/328 366/491/328 365/490/328
f 366/491/329 376/500/329 367/492/329
f 367/492/330 377/501/330 368/493/330
f 368/493/331 369/494/331 360/495/331
f 378/502/332 388/503/332 379/504/332
f 379/504/333 389/505/333 380/506/333
f 380/506/334 390/507/334 381/508/334
f 390/507/335 382/509/335 381/508/335
f 383/510/336 393/511/336 384/512/336
f 393/511/337 385/513/337 384/512/337
f 394/514/338 386/515/338 385/513/338
f 395/516/339 378/502/339 386/515/339
f 396/517/340 388/503/340 387/518/340
f 397/519/341 389/505/341 388/503/341
f 398/520/342 390/507/342 389/505/342
f 399/521/343 391/522/343 390/507/343
f 392/523/344 402/524/344 393/511/344
f 393/511/345 403/525/345 394/514/345
f 394/514/346 404/526/346 395/516/346
f 395/516/347 396/517/347 387/518/347
f 342/468/348 397/519/348 396/517/348
f 343/470/349 398/520/349 397/519/349
f 344/472/350 399/521/350 398/520/350
f 345/474/351 400/527/351 399/521/351
f 401/528/352 348/478/352 402/524/352
f 402/524/353 349/481/353 403/525/353
f 403/525/354 350/483/354 404/526/354
f 404/526/355 342/468/355 396/517/355
f 405/529/356 307/424/356 295/426/356
f 406/530/357 294/394/357 234/288/357
f 406/530/358 295/531/358 294/394/358
f 12/44/359 407/59/359 408/532/359
f 12/44/360 408/533/360 46/51/360
f 14/43/361 409/534/361 13/42/361
f 13/42/362 409/534/362 407/535/362
f 415/2/363 40/1/363 49/3/363
f 421/5/364 411/4/364 415/2/364
f 432/6/365 414/7/365 412/134/365
f 7/10/366 443/9/366 413/11/366
f 39/13/367 442/12/367 443/9/367
f 443/15/368 436/14/368 437/16/368
f 436/14/369 441/17/369 435/19/369
f 441/17/370 434/18/370 435/19/370
f 434/18/371 439/20/371 433/536/371
f 439/20/372 432/6/372 433/22/372
f 431/23/373 436/14/373 430/25/373
f 430/25/374 435/19/374 429/27/374
f 435/19/375 428/26/375 429/27/375
f 428/26/376 433/28/376 427/29/376
f 427/29/377 433/28/377 492/30/377
f 431/32/378 425/31/378 426/33/378
f 430/35/379 424/34/379 425/31/379
f 424/34/380 428/36/380 423/38/380
f 423/38/381 427/39/381 422/40/381
f 422/40/382 427/39/382 493/41/382
f 426/33/383 419/42/383 420/43/383
f 425/31/384 418/44/384 419/42/384
f 418/44/385 423/38/385 417/45/385
f 417/45/386 422/40/386 416/46/386
f 416/46/387 421/5/387 415/2/387
f 1/47/388 420/43/388 8/49/388
f 8/49/389 420/43/389 758/50/389
f 46/51/390 417/45/390 47/53/390
f 417/45/391 48/52/391 47/53/391
f 416/46/392 49/3/392 48/52/392
f 439/20/393 45/54/393 438/8/393
f 440/21/394 44/55/394 439/20/394
f 42/57/395 440/21/395 441/17/395
f 442/12/396 42/57/396 441/17/396
f 419/42/397 418/44/397 757/59/397
f 438/8/398 41/60/398 414/7/398
f 456/61/399 426/33/399 420/43/399
f 457/62/400 431/32/400 426/33/400
f 461/64/401 437/24/401 431/23/401
f 469/66/402 437/16/402 465/67/402
f 469/68/403 413/11/403 443/9/403
f 473/70/404 451/71/404 413/11/404
f 477/73/405 410/48/405 451/127/405
f 456/61/406 410/48/406 481/74/406
f 485/77/407 453/79/407 484/75/407
f 453/79/408 483/78/408 484/75/408
f 483/78/409 455/80/409 482/82/409
f 482/82/410 456/83/410 481/537/410
f 452/85/411 480/84/411 450/86/411
f 484/75/412 479/87/412 480/84/412
f 479/87/413 482/82/413 478/89/413
f 482/82/414 477/88/414 478/89/414
f 449/90/415 480/84/415 476/92/415
f 480/84/416 475/91/416 476/92/416
f 479/87/417 474/93/417 475/91/417
f 474/93/418 477/88/418 473/538/418
f 448/94/419 476/92/419 472/96/419
f 476/92/420 471/95/420 472/96/420
f 475/91/421 470/97/421 471/95/421
f 474/93/422 469/98/422 470/97/422
f 472/96/423 467/99/423 468/100/423
f 467/99/424 470/97/424 466/101/424
f 466/101/425 469/98/425 465/107/425
f 446/102/426 468/100/426 464/105/426
f 468/100/427 463/104/427 464/105/427
f 463/104/428 466/101/428 462/106/428
f 462/106/429 465/107/429 461/539/429
f 446/110/430 460/112/430 488/108/430
f 464/109/431 459/111/431 460/112/431
f 463/114/432 458/113/432 459/111/432
f 462/116/433 457/115/433 458/113/433
f 460/112/434 454/81/434 453/79/434
f 459/111/435 455/80/435 454/81/435
f 458/113/436 456/83/436 455/80/436
f 450/540/437 449/541/437 452/542/437
f 449/541/438 485/543/438 452/542/438
f 445/121/439 447/122/439 446/544/439
f 487/123/440 488/108/440 489/124/440
f 487/123/441 486/125/441 448/545/441
f 410/48/80 91/126/80 451/127/80
f 413/11/442 91/128/442 7/10/442
f 448/94/443 472/96/443 487/129/443
f 485/77/444 444/130/444 486/76/444
f 460/112/445 453/79/445 489/131/445
f 487/129/446 468/100/446 447/103/446
f 472/96/447 468/100/447 487/129/447
f 488/108/448 460/112/448 489/131/448
f 453/79/449 486/76/449 489/131/449
f 490/132/450 412/134/450 491/133/450
f 432/6/451 412/134/451 494/135/451
f 412/134/452 490/132/452 494/135/452
f 412/134/453 421/5/453 491/133/453
f 493/41/454 421/5/454 422/40/454
f 433/22/377 432/6/377 492/136/377
f 499/546/94 550/547/94 530/548/94
f 510/549/95 540/550/95 505/551/95
f 515/552/96 542/553/96 510/549/96
f 520/554/97 544/555/97 515/552/97
f 525/556/98 546/557/98 520/554/98
f 530/548/99 548/558/99 525/556/99
f 500/559/100 536/560/100 499/546/100
f 505/561/101 538/562/101 500/559/101
f 494/155/455 492/154/455 493/563/455
f 491/564/456 495/565/456 534/566/456
f 495/565/94 533/567/94 534/566/94
f 496/568/94 532/569/94 533/567/94
f 497/570/94 531/571/94 532/569/94
f 531/571/457 499/546/457 530/548/457
f 490/572/458 534/566/458 529/573/458
f 534/566/99 528/574/99 529/573/99
f 533/567/99 527/575/99 528/574/99
f 527/575/99 531/571/99 526/576/99
f 526/576/459 530/548/459 525/556/459
f 494/577/460 529/573/460 524/578/460
f 529/573/98 523/579/98 524/578/98
f 528/574/98 522/580/98 523/579/98
f 527/575/98 521/581/98 522/580/98
f 521/581/461 525/556/461 520/554/461
f 494/577/462 519/582/462 432/583/462
f 524/578/97 518/584/97 519/582/97
f 523/579/97 517/585/97 518/584/97
f 522/580/97 516/586/97 517/585/97
f 516/586/463 520/554/463 515/552/463
f 492/587/464 519/582/464 514/588/464
f 519/582/96 513/589/96 514/588/96
f 518/584/96 512/590/96 513/589/96
f 517/585/96 511/591/96 512/590/96
f 516/586/465 510/549/465 511/591/465
f 492/587/466 509/592/466 427/593/466
f 514/588/95 508/594/95 509/592/95
f 513/589/95 507/595/95 508/594/95
f 512/590/95 506/596/95 507/595/95
f 506/596/467 510/549/467 505/551/467
f 427/597/468 504/598/468 493/599/468
f 509/600/101 503/601/101 504/598/101
f 508/602/101 502/603/101 503/601/101
f 507/604/101 501/605/101 502/603/101
f 506/606/469 500/559/469 501/605/469
f 493/599/470 495/565/470 421/607/470
f 495/565/100 503/601/100 496/568/100
f 503/601/100 497/570/100 496/568/100
f 497/570/100 501/605/100 498/608/100
f 498/608/471 500/559/471 499/546/471
f 537/609/472 536/560/472 538/562/472
f 539/610/473 538/562/473 540/611/473
f 542/553/474 539/612/474 540/550/474
f 544/555/475 541/613/475 542/553/475
f 545/614/476 544/555/476 546/557/476
f 547/615/477 546/557/477 548/558/477
f 550/547/478 547/615/478 548/558/478
f 536/560/479 549/616/479 550/547/479
f 555/213/480 573/212/480 572/214/480
f 573/212/481 543/215/481 545/237/481
f 563/216/482 541/217/482 543/215/482
f 555/213/483 557/218/483 563/216/483
f 552/219/484 564/220/484 557/218/484
f 564/220/485 541/217/485 557/218/485
f 559/223/486 539/222/486 564/224/486
f 558/221/487 559/223/487 564/224/487
f 554/225/488 565/226/488 559/223/488
f 565/226/489 537/228/489 559/223/489
f 565/226/490 549/229/490 535/617/490
f 553/231/491 565/226/491 560/227/491
f 558/221/492 568/232/492 554/225/492
f 561/230/125 547/234/125 549/229/125
f 575/236/493 545/237/493 547/618/493
f 577/239/494 551/238/494 556/240/494
f 555/213/495 558/221/495 552/219/495
f 595/242/496 570/241/496 588/243/496
f 561/230/497 571/244/497 575/235/497
f 572/214/498 567/245/498 555/213/498
f 568/232/499 593/250/499 560/227/499
f 571/244/500 596/283/500 574/247/500
f 590/248/501 570/241/501 561/230/501
f 593/250/502 589/249/502 553/231/502
f 596/252/503 598/251/503 567/245/503
f 597/253/504 568/232/504 569/233/504
f 599/254/505 569/233/505 558/221/505
f 572/214/506 556/255/506 551/256/506
f 562/257/507 572/214/507 551/619/507
f 573/212/508 566/259/508 556/255/508
f 566/260/509 574/247/509 562/261/509
f 562/261/510 579/262/510 566/260/510
f 576/265/511 562/264/511 551/266/511
f 566/260/512 577/239/512 556/240/512
f 576/265/513 584/267/513 578/620/513
f 579/262/514 583/269/514 577/239/514
f 584/271/515 579/262/515 578/263/515
f 581/273/516 586/272/516 585/274/516
f 580/276/517 582/275/517 581/273/517
f 580/268/518 585/274/518 584/267/518
f 583/269/519 586/272/519 582/275/519
f 584/271/520 586/272/520 587/621/520
f 583/269/521 576/277/521 577/239/521
f 551/278/522 595/280/522 590/622/522
f 598/251/523 589/281/523 591/286/523
f 588/284/524 596/283/524 590/285/524
f 589/281/525 596/252/525 590/623/525
f 599/254/526 591/286/526 593/250/526
f 592/246/527 599/254/527 593/250/527
f 620/287/528 234/288/528 232/293/528
f 600/290/529 620/287/529 616/292/529
f 616/292/530 232/293/530 226/624/530
f 611/295/531 236/294/531 673/296/531
f 602/297/532 673/296/532 614/298/532
f 614/298/533 672/299/533 613/300/533
f 612/291/534 672/299/534 620/287/534
f 623/301/535 241/302/535 624/305/535
f 241/302/536 625/304/536 624/305/536
f 615/307/537 610/306/537 603/308/537
f 610/306/538 624/305/538 609/310/538
f 624/305/539 608/309/539 609/310/539
f 625/304/540 602/297/540 608/309/540
f 242/311/541 611/295/541 625/304/541
f 224/312/542 623/301/542 615/307/542
f 40/314/543 604/313/543 212/315/543
f 626/317/544 601/316/544 604/313/544
f 412/319/545 619/318/545 626/317/545
f 627/321/546 618/320/546 412/319/546
f 627/321/547 603/308/547 617/337/547
f 41/322/548 615/307/548 627/321/548
f 628/323/549 664/324/549 629/329/549
f 631/325/550 635/326/550 664/625/550
f 601/316/551 628/323/551 607/328/551
f 607/328/552 629/329/552 606/626/552
f 668/330/553 642/331/553 654/350/553
f 630/333/554 600/290/554 605/334/554
f 630/333/555 613/300/555 612/291/555
f 636/336/556 613/300/556 665/335/556
f 636/336/557 602/297/557 614/298/557
f 609/310/558 636/336/558 635/326/558
f 634/327/559 609/310/559 635/326/559
f 603/308/560 634/327/560 617/337/560
f 618/320/561 634/327/561 631/325/561
f 619/318/562 631/325/562 628/323/562
f 637/339/563 255/338/563 254/340/563
f 255/338/564 639/341/564 256/343/564
f 256/343/565 616/292/565 226/624/565
f 639/341/566 600/290/566 616/292/566
f 606/344/567 639/341/567 638/342/567
f 637/339/568 606/344/568 638/342/568
f 604/313/569 607/328/569 637/339/569
f 212/315/570 637/339/570 254/340/570
f 664/345/571 636/336/571 665/335/571
f 641/347/572 648/346/572 649/348/572
f 641/347/573 643/349/573 640/354/573
f 643/349/574 644/332/574 645/351/574
f 654/350/575 641/347/575 649/348/575
f 645/351/576 668/330/576 670/352/576
f 661/353/577 645/351/577 670/352/577
f 640/354/578 661/353/578 648/346/578
f 646/356/579 630/355/579 605/357/579
f 647/359/580 663/358/580 646/356/580
f 648/346/581 662/360/581 647/359/581
f 630/355/582 667/361/582 665/383/582
f 663/358/583 671/362/583 667/361/583
f 662/360/584 670/352/584 671/362/584
f 660/627/585 632/628/585 633/629/585
f 659/630/586 657/631/586 660/627/586
f 659/630/587 655/632/587 656/633/587
f 629/370/588 651/371/588 606/377/588
f 652/372/589 650/373/589 651/371/589
f 653/374/590 649/375/590 650/373/590
f 651/371/591 605/357/591 606/377/591
f 651/371/592 647/359/592 646/356/592
f 649/348/593 647/359/593 650/373/593
f 664/378/594 652/372/594 629/370/594
f 666/379/595 653/374/595 652/372/595
f 669/380/596 654/376/596 653/374/596
f 632/382/597 665/383/597 633/387/597
f 666/379/598 632/385/598 657/386/598
f 633/387/599 667/361/599 660/391/599
f 655/388/600 669/380/600 656/389/600
f 656/389/601 666/379/601 657/386/601
f 659/390/602 670/352/602 658/634/602
f 660/391/603 671/362/603 659/390/603
f 670/352/604 655/392/604 658/393/604
f 674/394/605 234/288/605 684/395/605
f 672/299/606 622/396/606 621/397/606
f 622/398/607 673/296/607 685/399/607
f 676/635/608 677/636/608 682/637/608
f 677/636/609 678/638/609 682/637/609
f 678/638/610 679/639/610 682/640/610
f 679/641/611 680/642/611 683/643/611
f 674/411/612 685/410/612 621/409/612
f 680/642/613 686/644/613 683/645/613
f 676/635/614 686/644/614 681/646/614
f 676/635/615 621/647/615 677/636/615
f 621/647/616 678/638/616 677/636/616
f 678/638/617 685/648/617 679/639/617
f 679/641/618 675/649/618 680/642/618
f 680/642/619 674/650/619 681/646/619
f 681/646/620 684/651/620 676/635/620
f 686/644/621 682/637/621 683/645/621
f 683/643/622 682/652/622 679/641/622
f 234/288/623 672/289/623 684/395/623
f 672/289/624 621/423/624 684/395/624
f 673/296/625 307/424/625 685/399/625
f 307/424/626 675/426/626 685/399/626
f 412/319/627 626/317/627 411/427/627
f 41/322/628 627/321/628 414/428/628
f 627/321/629 412/319/629 414/428/629
f 626/317/630 40/314/630 411/427/630
f 321/429/631 690/430/631 314/653/631
f 689/432/632 321/429/632 313/433/632
f 689/432/633 699/434/633 691/431/633
f 699/434/634 690/430/634 691/431/634
f 699/434/635 688/436/635 693/446/635
f 706/438/636 702/439/636 705/467/636
f 696/441/637 323/442/637 698/437/637
f 323/442/638 688/436/638 698/437/638
f 324/444/639 689/432/639 313/433/639
f 324/444/640 696/441/640 697/435/640
f 690/430/641 325/445/641 314/653/641
f 688/436/642 325/445/642 693/446/642
f 692/447/643 696/441/643 687/448/643
f 687/448/644 698/437/644 694/449/644
f 694/449/645 699/434/645 695/450/645
f 699/434/646 692/447/646 695/450/646
f 700/451/647 703/440/647 701/452/647
f 710/453/648 701/452/648 709/455/648
f 701/452/649 706/438/649 709/455/649
f 702/456/650 710/453/650 705/457/650
f 704/459/651 687/458/651 694/460/651
f 705/457/652 711/461/652 704/459/652
f 692/462/653 707/463/653 695/465/653
f 709/455/654 707/463/654 708/464/654
f 711/461/655 692/462/655 687/458/655
f 711/461/656 709/455/656 708/464/656
f 695/465/657 704/466/657 694/654/657
f 707/463/658 705/467/658 704/466/658
f 712/468/659 722/469/659 721/485/659
f 713/470/660 723/471/660 722/469/660
f 714/472/351 724/473/351 723/471/351
f 715/474/350 725/475/350 724/473/350
f 718/478/353 726/477/353 717/479/353
f 719/481/352 727/480/352 718/478/352
f 720/483/661 728/482/661 719/481/661
f 712/468/662 729/484/662 720/483/662
f 721/485/663 731/486/663 730/495/663
f 722/469/664 732/487/664 731/486/664
f 723/471/665 733/488/665 732/487/665
f 724/473/666 734/489/666 733/488/666
f 727/480/667 735/490/667 726/477/667
f 728/482/668 736/491/668 727/480/668
f 729/484/669 737/492/669 728/482/669
f 721/485/670 738/493/670 729/484/670
f 731/486/671 369/494/671 730/495/671
f 732/487/672 370/496/672 731/486/672
f 733/488/673 371/497/673 732/487/673
f 733/488/334 373/498/334 372/655/334
f 736/491/674 374/499/674 735/490/674
f 736/491/336 376/500/336 375/656/336
f 737/492/675 377/501/675 376/500/675
f 738/493/676 369/494/676 377/501/676
f 378/502/677 740/503/677 739/518/677
f 379/504/678 741/505/678 740/503/678
f 380/506/679 742/507/679 741/505/679
f 382/509/680 742/507/680 381/508/680
f 383/510/681 745/511/681 744/523/681
f 385/513/682 745/511/682 384/512/682
f 386/515/683 746/514/683 385/513/683
f 378/502/684 747/516/684 386/515/684
f 740/503/685 748/517/685 739/518/685
f 741/505/686 749/519/686 740/503/686
f 742/507/687 750/520/687 741/505/687
f 743/522/688 751/521/688 742/507/688
f 744/523/689 754/524/689 753/528/689
f 745/511/690 755/525/690 754/524/690
f 746/514/691 756/526/691 755/525/691
f 747/516/692 748/517/692 756/526/692
f 749/519/693 712/468/693 748/517/693
f 750/520/694 713/470/694 749/519/694
f 751/521/695 714/472/695 750/520/695
f 752/527/310 715/474/310 751/521/310
f 753/528/313 718/478/313 717/479/313
f 754/524/312 719/481/312 718/478/312
f 755/525/696 720/483/696 719/481/696
f 756/526/697 712/468/697 720/483/697
f 406/530/698 234/288/698 674/394/698
f 406/530/699 674/394/699 675/531/699
f 418/44/700 408/532/700 757/59/700
f 418/44/701 46/51/701 408/533/701
f 420/43/702 419/42/702 758/534/702
f 419/42/703 757/535/703 758/534/703
f 758/657/704 765/658/704 8/659/704
f 759/660/705 781/661/705 757/662/705
f 781/661/706 761/663/706 779/664/706
f 774/665/707 760/666/707 765/667/707
f 760/666/708 775/668/708 768/669/708
f 761/663/709 782/670/709 779/664/709
f 782/671/710 764/672/710 780/673/710
f 775/674/711 763/675/711 768/676/711
f 763/675/712 776/677/712 771/678/712
f 764/672/713 783/679/713 780/673/713
f 783/679/714 762/680/714 407/681/714
f 771/682/715 776/683/715 409/684/715
f 762/680/716 408/685/716 407/681/716
f 408/685/717 759/660/717 757/662/717
f 760/666/718 777/686/718 765/667/718
f 763/675/719 777/687/719 768/676/719
f 771/682/720 8/688/720 777/689/720
f 765/658/721 777/690/721 8/659/721
f 769/691/722 772/692/722 764/672/722
f 769/693/723 766/694/723 778/695/723
f 766/694/724 773/696/724 778/695/724
f 772/692/725 773/696/725 762/680/725
f 776/683/726 407/681/726 409/684/726
f 770/697/727 783/679/727 776/677/727
f 775/674/728 780/673/728 770/697/728
f 779/664/729 775/668/729 767/698/729
f 781/661/730 767/698/730 774/665/730
f 757/662/731 774/699/731 758/657/731
f 786/700/732 295/701/732 406/702/732
f 295/701/733 785/703/733 405/704/733
f 786/700/734 406/702/734 791/705/734
f 789/706/735 675/707/735 405/708/735
f 785/703/736 788/709/736 784/710/736
f 786/700/737 787/711/737 784/712/737
f 788/713/738 786/700/738 784/712/738
f 787/714/739 785/703/739 784/710/739
f 790/715/740 406/702/740 675/716/740
f 786/700/741 791/705/741 792/717/741
f 405/708/742 785/703/742 789/706/742
f 789/706/743 785/703/743 792/717/743
f 791/705/744 790/718/744 792/717/744
f 785/703/745 787/714/745 792/717/745
f 787/711/746 786/700/746 792/717/746
f 790/718/747 789/706/747 792/717/747
f 40/1/748 3/4/748 9/2/748
f 3/4/749 4/134/749 15/5/749
f 26/6/750 4/134/750 6/7/750
f 37/9/751 39/13/751 7/10/751
f 36/12/752 38/58/752 39/13/752
f 30/14/753 36/12/753 37/15/753
f 30/14/754 29/19/754 35/17/754
f 28/18/755 34/21/755 35/17/755
f 28/18/756 27/536/756 33/20/756
f 26/6/757 32/8/757 33/20/757
f 25/23/758 24/25/758 30/14/758
f 24/25/759 23/27/759 29/19/759
f 22/26/760 28/18/760 29/19/760
f 22/26/761 21/29/761 27/28/761
f 19/31/762 24/35/762 25/32/762
f 18/34/763 23/37/763 24/35/763
f 18/34/764 17/38/764 22/36/764
f 17/38/765 16/40/765 21/39/765
f 13/42/766 19/31/766 20/33/766
f 12/44/767 18/34/767 19/31/767
f 12/44/768 11/45/768 17/38/768
f 11/45/769 10/46/769 16/40/769
f 10/46/770 9/2/770 15/5/770
f 1/47/771 8/49/771 14/43/771
f 46/51/772 47/53/772 11/45/772
f 48/52/773 10/46/773 11/45/773
f 49/3/774 9/2/774 10/46/774
f 33/20/775 32/8/775 45/54/775
f 34/21/776 33/20/776 44/55/776
f 34/21/777 43/56/777 42/57/777
f 36/12/778 35/17/778 42/57/778
f 32/8/779 6/7/779 41/60/779
f 62/61/780 14/43/780 20/33/780
f 63/62/781 20/33/781 25/32/781
f 67/64/782 25/23/782 31/24/782
f 31/16/783 37/15/783 75/66/783
f 75/68/784 37/9/784 5/11/784
f 79/70/785 5/11/785 57/71/785
f 83/73/786 57/127/786 2/48/786
f 2/48/787 14/43/787 62/61/787
f 92/77/788 58/85/788 90/75/788
f 90/75/789 59/79/789 93/76/789
f 89/78/46 60/81/46 59/79/46
f 89/78/790 88/82/790 61/80/790
f 88/82/791 87/537/791 62/83/791
f 86/84/792 90/75/792 58/85/792
f 85/87/50 89/78/50 90/75/50
f 85/87/793 84/89/793 88/82/793
f 83/88/794 87/537/794 88/82/794
f 55/90/795 82/92/795 86/84/795
f 81/91/54 85/87/54 86/84/54
f 80/93/796 84/89/796 85/87/796
f 80/93/797 79/538/797 83/88/797
f 54/94/798 78/96/798 82/92/798
f 77/95/58 81/91/58 82/92/58
f 76/97/799 80/93/799 81/91/799
f 75/98/800 79/538/800 80/93/800
f 73/99/61 77/95/61 78/96/61
f 73/99/801 72/101/801 76/97/801
f 72/101/802 71/107/802 75/98/802
f 52/102/803 70/105/803 74/100/803
f 69/104/65 73/99/65 74/100/65
f 69/104/804 68/106/804 72/101/804
f 68/106/805 67/539/805 71/107/805
f 52/110/806 51/121/806 95/108/806
f 95/108/807 66/112/807 70/109/807
f 65/111/69 69/114/69 70/109/69
f 64/113/808 68/116/808 69/114/808
f 63/115/809 67/719/809 68/116/809
f 60/81/72 65/111/72 66/112/72
f 61/80/810 64/113/810 65/111/810
f 62/83/811 63/115/811 64/113/811
f 92/120/76 54/720/76 55/119/76
f 51/121/812 52/544/812 53/122/812
f 95/108/813 53/122/813 94/123/813
f 94/123/814 54/545/814 93/125/814
f 91/126/815 1/47/815 2/48/815
f 5/11/816 7/10/816 91/128/816
f 157/137/94 143/150/94 106/138/94
f 147/140/95 149/143/95 117/141/95
f 149/143/96 151/145/96 122/144/96
f 151/145/97 153/147/97 127/146/97
f 153/147/98 155/149/98 132/148/98
f 155/149/99 157/137/99 137/139/99
f 143/150/100 145/152/100 107/151/100
f 145/152/101 147/204/101 112/153/101
f 98/156/817 15/721/817 100/563/817
f 100/563/818 21/722/818 99/154/818
f 99/154/819 26/723/819 101/155/819
f 101/155/820 97/724/820 98/156/820
f 98/156/821 100/563/821 99/154/821
f 98/157/822 141/161/822 102/158/822
f 140/160/94 103/163/94 102/158/94
f 139/162/94 104/165/94 103/163/94
f 138/164/94 105/166/94 104/165/94
f 138/164/104 137/139/104 106/138/104
f 97/167/823 136/169/823 141/161/823
f 135/168/99 140/160/99 141/161/99
f 134/170/99 139/162/99 140/160/99
f 134/170/99 133/171/99 138/164/99
f 132/148/106 137/139/106 138/164/106
f 101/172/824 131/174/824 136/169/824
f 130/173/98 135/168/98 136/169/98
f 129/175/98 134/170/98 135/168/98
f 128/176/98 133/171/98 134/170/98
f 127/146/108 132/148/108 133/171/108
f 126/177/825 131/174/825 101/172/825
f 125/179/97 130/173/97 131/174/97
f 124/180/97 129/175/97 130/173/97
f 123/181/97 128/176/97 129/175/97
f 122/144/110 127/146/110 128/176/110
f 99/182/826 121/184/826 126/177/826
f 120/183/96 125/179/96 126/177/96
f 119/185/96 124/180/96 125/179/96
f 118/186/96 123/181/96 124/180/96
f 117/141/112 122/144/112 123/181/112
f 116/187/827 121/184/827 99/182/827
f 115/189/95 120/183/95 121/184/95
f 114/190/95 119/185/95 120/183/95
f 113/191/95 118/186/95 119/185/95
f 113/191/114 112/142/114 117/141/114
f 111/192/828 116/196/828 21/193/828
f 110/195/101 115/198/101 116/196/101
f 109/197/101 114/200/101 115/198/101
f 108/199/101 113/201/101 114/200/101
f 107/151/116 112/153/116 113/201/116
f 102/158/829 111/192/829 100/194/829
f 102/158/100 103/163/100 110/195/100
f 104/165/100 109/197/100 110/195/100
f 104/165/100 105/166/100 108/199/100
f 105/166/118 106/138/118 107/151/118
f 143/150/119 142/211/119 144/202/119
f 145/152/120 144/202/120 146/203/120
f 149/143/121 147/140/121 146/205/121
f 151/145/122 149/143/122 148/206/122
f 151/145/123 150/207/123 152/208/123
f 153/147/124 152/208/124 154/209/124
f 157/137/125 155/149/125 154/209/125
f 143/150/126 157/137/126 156/210/126
f 180/212/830 170/216/830 162/213/830
f 180/212/831 152/237/831 150/215/831
f 170/216/832 150/215/832 148/217/832
f 162/213/833 170/216/833 164/218/833
f 159/219/834 164/218/834 171/220/834
f 148/217/835 146/725/835 171/220/835
f 146/222/836 144/228/836 166/223/836
f 165/221/837 171/224/837 166/223/837
f 161/225/838 166/223/838 172/226/838
f 144/228/839 142/617/839 172/226/839
f 172/226/840 142/617/840 156/229/840
f 172/226/841 168/230/841 160/231/841
f 165/221/842 161/225/842 175/232/842
f 168/230/478 156/229/478 154/234/478
f 182/236/843 154/618/843 152/237/843
f 158/238/142 183/277/142 184/239/142
f 165/221/844 174/245/844 162/213/844
f 177/241/845 178/244/845 202/242/845
f 168/230/145 182/235/145 178/244/145
f 174/245/846 181/258/846 179/214/846
f 175/232/847 161/225/847 167/227/847
f 167/227/848 200/250/848 199/246/848
f 178/244/849 182/235/849 181/247/849
f 181/247/850 203/283/850 202/242/850
f 197/248/851 160/231/851 168/230/851
f 168/230/852 177/241/852 195/243/852
f 200/250/150 167/227/150 160/231/150
f 160/231/150 197/726/150 196/249/150
f 196/249/150 198/727/150 200/250/150
f 203/252/853 181/728/853 174/245/853
f 174/245/854 206/254/854 205/251/854
f 205/251/855 201/282/855 203/252/855
f 175/232/856 199/246/856 204/253/856
f 206/254/857 174/245/857 165/221/857
f 165/221/858 176/233/858 204/253/858
f 163/255/859 180/212/859 179/214/859
f 169/257/860 158/619/860 179/214/860
f 173/259/861 182/236/861 180/212/861
f 173/260/862 169/261/862 181/247/862
f 169/261/158 173/260/158 186/262/158
f 169/264/863 185/620/863 183/265/863
f 173/260/160 163/240/160 184/239/160
f 183/265/161 185/620/161 191/267/161
f 186/262/162 184/239/162 190/269/162
f 186/262/163 194/621/163 191/271/163
f 193/272/864 189/275/864 188/273/864
f 189/275/865 190/269/865 187/276/865
f 187/268/866 191/267/866 192/274/866
f 193/272/867 194/270/867 190/269/867
f 191/271/868 194/621/868 193/272/868
f 183/277/169 187/276/169 190/269/169
f 158/278/869 197/622/869 195/279/869
f 202/280/870 183/729/870 158/278/870
f 205/251/871 198/286/871 196/281/871
f 203/283/872 202/242/872 195/284/872
f 196/281/873 197/623/873 203/252/873
f 198/286/874 205/251/874 206/254/874
f 199/246/875 200/250/875 206/254/875
f 231/287/876 232/293/876 234/288/876
f 207/290/877 227/292/877 231/287/877
f 227/292/878 226/624/878 232/293/878
f 236/294/879 220/730/879 219/295/879
f 293/296/880 219/295/880 209/297/880
f 292/299/881 293/296/881 223/298/881
f 221/291/882 231/287/882 292/299/882
f 237/301/883 238/305/883 241/302/883
f 239/304/884 242/311/884 241/302/884
f 218/306/885 237/301/885 225/307/885
f 218/306/886 217/310/886 238/305/886
f 216/309/887 239/304/887 238/305/887
f 209/297/888 219/295/888 239/304/888
f 219/295/889 220/730/889 242/311/889
f 237/301/890 240/303/890 224/312/890
f 211/313/891 243/317/891 40/314/891
f 208/316/892 230/318/892 243/317/892
f 230/318/893 229/320/893 4/319/893
f 229/320/894 228/337/894 244/321/894
f 244/321/895 228/337/895 210/308/895
f 41/322/896 244/321/896 225/307/896
f 245/323/897 246/329/897 284/324/897
f 248/325/898 284/625/898 252/326/898
f 208/316/899 215/328/899 245/323/899
f 215/328/900 214/626/900 246/329/900
f 288/330/901 274/350/901 262/331/901
f 207/290/902 221/291/902 247/333/902
f 247/333/903 221/291/903 222/300/903
f 222/300/904 223/298/904 253/336/904
f 253/336/905 223/298/905 209/297/905
f 253/336/906 216/309/906 217/310/906
f 251/327/907 252/326/907 217/310/907
f 251/327/908 218/306/908 210/308/908
f 229/320/909 248/325/909 251/327/909
f 230/318/910 245/323/910 248/325/910
f 255/338/911 258/342/911 257/339/911
f 255/338/912 256/343/912 259/341/912
f 256/343/913 226/624/913 227/292/913
f 259/341/914 227/292/914 207/290/914
f 259/341/915 213/731/915 214/344/915
f 257/339/916 258/342/916 214/344/916
f 211/313/917 257/339/917 215/328/917
f 212/315/918 254/340/918 257/339/918
f 253/336/919 252/326/919 284/345/919
f 268/346/920 260/354/920 261/347/920
f 261/347/921 260/354/921 263/349/921
f 263/349/922 265/351/922 264/332/922
f 274/350/923 269/348/923 261/347/923
f 288/330/924 264/332/924 265/351/924
f 281/353/925 290/352/925 265/351/925
f 281/353/926 263/349/926 260/354/926
f 247/355/227 283/358/227 266/356/227
f 283/358/927 282/360/927 267/359/927
f 282/360/928 281/353/928 268/346/928
f 247/355/230 285/383/230 287/361/230
f 283/358/929 287/361/929 291/362/929
f 282/360/930 291/362/930 290/352/930
f 249/363/931 277/366/931 280/364/931
f 277/366/932 276/732/932 279/367/932
f 279/367/933 276/732/933 275/368/933
f 246/370/934 214/377/934 271/371/934
f 272/372/935 271/371/935 270/373/935
f 273/374/936 270/373/936 269/375/936
f 213/357/937 266/356/937 271/371/937
f 271/371/938 266/356/938 267/359/938
f 267/359/939 268/346/939 269/348/939
f 284/378/940 246/370/940 272/372/940
f 286/379/941 272/372/941 273/374/941
f 289/380/942 273/374/942 274/376/942
f 249/382/943 250/387/943 285/383/943
f 249/385/944 284/378/944 286/379/944
f 250/387/945 280/391/945 287/361/945
f 275/388/946 276/389/946 289/380/946
f 276/389/947 277/386/947 286/379/947
f 279/390/948 278/634/948 290/352/948
f 280/391/949 279/390/949 291/362/949
f 275/392/950 288/330/950 290/352/950
f 235/396/951 293/296/951 292/299/951
f 294/411/260 304/733/260 233/409/260
f 233/409/952 235/734/952 305/410/952
f 305/410/953 295/735/953 294/411/953
f 300/408/954 303/421/954 306/412/954
f 306/412/955 302/401/955 296/400/955
f 296/400/956 297/402/956 233/414/956
f 298/403/957 235/417/957 233/414/957
f 298/403/958 299/405/958 305/416/958
f 300/408/959 295/420/959 305/418/959
f 300/408/960 301/413/960 294/419/960
f 301/413/961 296/400/961 304/415/961
f 293/296/962 305/399/962 307/424/962
f 321/429/963 314/653/963 312/430/963
f 321/429/964 315/431/964 311/432/964
f 311/432/965 315/431/965 329/434/965
f 312/430/966 317/446/966 329/434/966
f 329/434/967 317/446/967 310/436/967
f 336/438/285 335/467/285 332/439/285
f 326/441/968 328/437/968 323/442/968
f 310/436/969 320/736/969 323/442/969
f 311/432/970 327/435/970 324/444/970
f 324/444/971 327/435/971 326/441/971
f 312/430/972 314/653/972 325/445/972
f 325/445/973 320/736/973 310/436/973
f 316/447/974 309/448/974 326/441/974
f 309/448/975 318/449/975 328/437/975
f 318/449/976 322/450/976 329/434/976
f 316/447/977 327/435/977 329/434/977
f 333/440/978 332/737/978 330/451/978
f 340/453/297 339/455/297 331/452/297
f 336/438/979 333/440/979 331/452/979
f 340/453/299 330/454/299 332/456/299
f 309/458/980 341/461/980 334/459/980
f 341/461/301 340/453/301 335/457/301
f 316/462/981 322/465/981 337/463/981
f 337/463/303 336/438/303 339/455/303
f 316/462/982 338/464/982 341/461/982
f 341/461/305 338/464/305 339/455/305
f 322/465/983 318/654/983 334/466/983
f 337/463/307 334/466/307 335/467/307
f 342/468/308 351/485/308 352/469/308
f 343/470/309 352/469/309 353/471/309
f 344/472/310 353/471/310 354/473/310
f 345/474/311 354/473/311 355/475/311
f 356/477/312 357/480/312 348/478/312
f 357/480/313 358/482/313 349/481/313
f 358/482/314 359/484/314 350/483/314
f 359/484/315 351/485/315 342/468/315
f 351/485/984 360/495/984 361/486/984
f 352/469/985 361/486/985 362/487/985
f 353/471/986 362/487/986 363/488/986
f 354/473/987 363/488/987 364/489/987
f 365/490/988 366/491/988 357/480/988
f 366/491/989 367/492/989 358/482/989
f 367/492/990 368/493/990 359/484/990
f 368/493/991 360/495/991 351/485/991
f 369/494/992 370/496/992 361/486/992
f 370/496/993 371/497/993 362/487/993
f 371/497/680 372/655/680 363/488/680
f 363/488/994 372/655/994 373/498/994
f 374/499/682 375/656/682 366/491/682
f 366/491/995 375/656/995 376/500/995
f 367/492/996 376/500/996 377/501/996
f 368/493/997 377/501/997 369/494/997
f 378/502/998 387/518/998 388/503/998
f 379/504/999 388/503/999 389/505/999
f 380/506/1000 389/505/1000 390/507/1000
f 390/507/1001 391/522/1001 382/509/1001
f 383/510/1002 392/523/1002 393/511/1002
f 393/511/1003 394/514/1003 385/513/1003
f 394/514/1004 395/516/1004 386/515/1004
f 395/516/1005 387/518/1005 378/502/1005
f 396/517/1006 397/519/1006 388/503/1006
f 397/519/1007 398/520/1007 389/505/1007
f 398/520/1008 399/521/1008 390/507/1008
f 399/521/1009 400/527/1009 391/522/1009
f 392/523/1010 401/528/1010 402/524/1010
f 393/511/1011 402/524/1011 403/525/1011
f 394/514/1012 403/525/1012 404/526/1012
f 395/516/1013 404/526/1013 396/517/1013
f 342/468/348 343/470/348 397/519/348
f 343/470/349 344/472/349 398/520/349
f 344/472/350 345/474/350 399/521/350
f 345/474/351 346/476/351 400/527/351
f 401/528/352 347/479/352 348/478/352
f 402/524/353 348/478/353 349/481/353
f 403/525/354 349/481/354 350/483/354
f 404/526/355 350/483/355 342/468/355
f 405/529/273 308/425/273 307/424/273
f 415/2/1014 411/4/1014 40/1/1014
f 421/5/1015 412/134/1015 411/4/1015
f 432/6/1016 438/8/1016 414/7/1016
f 7/10/1017 39/13/1017 443/9/1017
f 39/13/1018 38/58/1018 442/12/1018
f 443/15/1019 442/12/1019 436/14/1019
f 436/14/1020 442/12/1020 441/17/1020
f 441/17/1021 440/21/1021 434/18/1021
f 434/18/1022 440/21/1022 439/20/1022
f 439/20/1023 438/8/1023 432/6/1023
f 431/23/1024 437/24/1024 436/14/1024
f 430/25/1025 436/14/1025 435/19/1025
f 435/19/1026 434/18/1026 428/26/1026
f 428/26/1027 434/18/1027 433/28/1027
f 431/32/1028 430/35/1028 425/31/1028
f 430/35/1029 429/37/1029 424/34/1029
f 424/34/1030 429/37/1030 428/36/1030
f 423/38/1031 428/36/1031 427/39/1031
f 426/33/1032 425/31/1032 419/42/1032
f 425/31/1033 424/34/1033 418/44/1033
f 418/44/1034 424/34/1034 423/38/1034
f 417/45/1035 423/38/1035 422/40/1035
f 416/46/1036 422/40/1036 421/5/1036
f 1/47/1037 410/48/1037 420/43/1037
f 46/51/1038 418/44/1038 417/45/1038
f 417/45/1039 416/46/1039 48/52/1039
f 416/46/1040 415/2/1040 49/3/1040
f 439/20/1041 44/55/1041 45/54/1041
f 440/21/1042 43/56/1042 44/55/1042
f 42/57/1043 43/56/1043 440/21/1043
f 442/12/1044 38/58/1044 42/57/1044
f 438/8/1045 45/54/1045 41/60/1045
f 456/61/1046 457/62/1046 426/33/1046
f 457/62/1047 461/63/1047 431/32/1047
f 461/64/1048 465/65/1048 437/24/1048
f 469/66/1049 443/15/1049 437/16/1049
f 469/68/1050 473/69/1050 413/11/1050
f 473/70/1051 477/72/1051 451/71/1051
f 477/73/1052 481/74/1052 410/48/1052
f 456/61/1053 420/43/1053 410/48/1053
f 484/75/1054 452/85/1054 485/77/1054
f 485/77/444 486/76/444 453/79/444
f 453/79/408 454/81/408 483/78/408
f 483/78/1055 454/81/1055 455/80/1055
f 482/82/1056 455/80/1056 456/83/1056
f 452/85/1057 484/75/1057 480/84/1057
f 484/75/412 483/78/412 479/87/412
f 479/87/1058 483/78/1058 482/82/1058
f 482/82/1059 481/537/1059 477/88/1059
f 449/90/1060 450/86/1060 480/84/1060
f 480/84/416 479/87/416 475/91/416
f 479/87/1061 478/89/1061 474/93/1061
f 474/93/1062 478/89/1062 477/88/1062
f 448/94/1063 449/90/1063 476/92/1063
f 476/92/420 475/91/420 471/95/420
f 475/91/1064 474/93/1064 470/97/1064
f 474/93/1065 473/538/1065 469/98/1065
f 472/96/423 471/95/423 467/99/423
f 467/99/1066 471/95/1066 470/97/1066
f 466/101/1067 470/97/1067 469/98/1067
f 446/102/1068 447/103/1068 468/100/1068
f 468/100/427 467/99/427 463/104/427
f 463/104/1069 467/99/1069 466/101/1069
f 462/106/1070 466/101/1070 465/107/1070
f 488/108/430 445/121/430 446/110/430
f 446/110/1071 464/109/1071 460/112/1071
f 464/109/431 463/114/431 459/111/431
f 463/114/1072 462/116/1072 458/113/1072
f 462/116/1073 461/719/1073 457/115/1073
f 460/112/434 459/111/434 454/81/434
f 459/111/1074 458/113/1074 455/80/1074
f 458/113/1075 457/115/1075 456/83/1075
f 449/541/438 448/738/438 485/543/438
f 445/121/273 488/108/273 447/122/273
f 487/123/1076 447/122/1076 488/108/1076
f 487/123/1077 489/124/1077 486/125/1077
f 410/48/1078 1/47/1078 91/126/1078
f 413/11/81 451/71/81 91/128/81
f 499/546/94 536/560/94 550/547/94
f 510/549/95 542/553/95 540/550/95
f 515/552/96 544/555/96 542/553/96
f 520/554/97 546/557/97 544/555/97
f 525/556/98 548/558/98 546/557/98
f 530/548/99 550/547/99 548/558/99
f 500/559/100 538/562/100 536/560/100
f 505/561/101 540/611/101 538/562/101
f 493/563/1079 421/721/1079 491/156/1079
f 491/156/1080 490/724/1080 494/155/1080
f 494/155/1081 432/723/1081 492/154/1081
f 492/154/1082 427/722/1082 493/563/1082
f 493/563/1083 491/156/1083 494/155/1083
f 491/564/1084 421/607/1084 495/565/1084
f 495/565/94 496/568/94 533/567/94
f 496/568/94 497/570/94 532/569/94
f 497/570/94 498/608/94 531/571/94
f 531/571/457 498/608/457 499/546/457
f 490/572/1085 491/564/1085 534/566/1085
f 534/566/99 533/567/99 528/574/99
f 533/567/99 532/569/99 527/575/99
f 527/575/99 532/569/99 531/571/99
f 526/576/459 531/571/459 530/548/459
f 494/577/1086 490/572/1086 529/573/1086
f 529/573/98 528/574/98 523/579/98
f 528/574/98 527/575/98 522/580/98
f 527/575/98 526/576/98 521/581/98
f 521/581/461 526/576/461 525/556/461
f 494/577/1087 524/578/1087 519/582/1087
f 524/578/97 523/579/97 518/584/97
f 523/579/97 522/580/97 517/585/97
f 522/580/97 521/581/97 516/586/97
f 516/586/463 521/581/463 520/554/463
f 492/587/1088 432/583/1088 519/582/1088
f 519/582/96 518/584/96 513/589/96
f 518/584/96 517/585/96 512/590/96
f 517/585/96 516/586/96 511/591/96
f 516/586/465 515/552/465 510/549/465
f 492/587/1089 514/588/1089 509/592/1089
f 514/588/95 513/589/95 508/594/95
f 513/589/95 512/590/95 507/595/95
f 512/590/95 511/591/95 506/596/95
f 506/596/467 511/591/467 510/549/467
f 427/597/1090 509/600/1090 504/598/1090
f 509/600/101 508/602/101 503/601/101
f 508/602/101 507/604/101 502/603/101
f 507/604/101 506/606/101 501/605/101
f 506/606/469 505/561/469 500/559/469
f 493/599/1091 504/598/1091 495/565/1091
f 495/565/100 504/598/100 503/601/100
f 503/601/100 502/603/100 497/570/100
f 497/570/100 502/603/100 501/605/100
f 498/608/471 501/605/471 500/559/471
f 537/609/472 535/739/472 536/560/472
f 539/610/473 537/609/473 538/562/473
f 542/553/474 541/613/474 539/612/474
f 544/555/475 543/740/475 541/613/475
f 545/614/476 543/740/476 544/555/476
f 547/615/477 545/614/477 546/557/477
f 550/547/478 549/616/478 547/615/478
f 536/560/479 535/739/479 549/616/479
f 555/213/1092 563/216/1092 573/212/1092
f 573/212/1093 563/216/1093 543/215/1093
f 563/216/1094 557/218/1094 541/217/1094
f 555/213/1095 552/219/1095 557/218/1095
f 552/219/1096 558/221/1096 564/220/1096
f 564/220/1097 539/725/1097 541/217/1097
f 559/223/1098 537/228/1098 539/222/1098
f 558/221/1099 554/225/1099 559/223/1099
f 554/225/1100 560/227/1100 565/226/1100
f 565/226/1101 535/617/1101 537/228/1101
f 565/226/1102 561/230/1102 549/229/1102
f 553/231/1103 561/230/1103 565/226/1103
f 558/221/1104 569/233/1104 568/232/1104
f 561/230/1105 575/235/1105 547/234/1105
f 575/236/1106 573/212/1106 545/237/1106
f 577/239/494 576/277/494 551/238/494
f 555/213/1107 567/245/1107 558/221/1107
f 595/242/1108 571/244/1108 570/241/1108
f 561/230/497 570/241/497 571/244/497
f 572/214/1109 574/258/1109 567/245/1109
f 560/227/1110 554/225/1110 568/232/1110
f 568/232/1111 592/246/1111 593/250/1111
f 574/247/500 575/235/500 571/244/500
f 571/244/1112 595/242/1112 596/283/1112
f 561/230/1113 553/231/1113 590/248/1113
f 590/248/1114 588/243/1114 570/241/1114
f 553/231/502 560/227/502 593/250/502
f 593/250/502 591/727/502 589/249/502
f 589/249/502 590/726/502 553/231/502
f 567/245/1115 574/728/1115 596/252/1115
f 596/252/1116 594/282/1116 598/251/1116
f 598/251/1117 599/254/1117 567/245/1117
f 597/253/1118 592/246/1118 568/232/1118
f 558/221/505 567/245/505 599/254/505
f 599/254/1119 597/253/1119 569/233/1119
f 572/214/1120 573/212/1120 556/255/1120
f 562/257/1121 574/258/1121 572/214/1121
f 573/212/1122 575/236/1122 566/259/1122
f 566/260/1123 575/235/1123 574/247/1123
f 562/261/510 578/263/510 579/262/510
f 576/265/1124 578/620/1124 562/264/1124
f 566/260/512 579/262/512 577/239/512
f 576/265/513 580/268/513 584/267/513
f 579/262/514 587/270/514 583/269/514
f 584/271/515 587/621/515 579/262/515
f 581/273/1125 582/275/1125 586/272/1125
f 580/276/1126 583/269/1126 582/275/1126
f 580/268/1127 581/273/1127 585/274/1127
f 583/269/1128 587/270/1128 586/272/1128
f 584/271/1129 585/274/1129 586/272/1129
f 583/269/521 580/276/521 576/277/521
f 551/278/1130 576/729/1130 595/280/1130
f 595/280/1131 588/279/1131 590/622/1131
f 598/251/1132 594/282/1132 589/281/1132
f 588/284/1133 595/242/1133 596/283/1133
f 589/281/1134 594/282/1134 596/252/1134
f 599/254/1135 598/251/1135 591/286/1135
f 592/246/1136 597/253/1136 599/254/1136
f 620/287/1137 672/289/1137 234/288/1137
f 600/290/1138 612/291/1138 620/287/1138
f 616/292/1139 620/287/1139 232/293/1139
f 611/295/1140 220/730/1140 236/294/1140
f 602/297/1141 611/295/1141 673/296/1141
f 614/298/1142 673/296/1142 672/299/1142
f 612/291/1143 613/300/1143 672/299/1143
f 623/301/1144 240/303/1144 241/302/1144
f 241/302/1145 242/311/1145 625/304/1145
f 615/307/1146 623/301/1146 610/306/1146
f 610/306/1147 623/301/1147 624/305/1147
f 624/305/1148 625/304/1148 608/309/1148
f 625/304/1149 611/295/1149 602/297/1149
f 242/311/1150 220/730/1150 611/295/1150
f 224/312/1151 240/303/1151 623/301/1151
f 40/314/1152 626/317/1152 604/313/1152
f 626/317/1153 619/318/1153 601/316/1153
f 412/319/1154 618/320/1154 619/318/1154
f 627/321/1155 617/337/1155 618/320/1155
f 627/321/1156 615/307/1156 603/308/1156
f 41/322/1157 224/312/1157 615/307/1157
f 628/323/1158 631/325/1158 664/324/1158
f 631/325/1159 634/327/1159 635/326/1159
f 601/316/1160 619/318/1160 628/323/1160
f 607/328/1161 628/323/1161 629/329/1161
f 668/330/1162 644/332/1162 642/331/1162
f 630/333/1163 612/291/1163 600/290/1163
f 630/333/1164 665/335/1164 613/300/1164
f 636/336/1165 614/298/1165 613/300/1165
f 636/336/1166 608/309/1166 602/297/1166
f 609/310/1167 608/309/1167 636/336/1167
f 634/327/1168 610/306/1168 609/310/1168
f 603/308/1169 610/306/1169 634/327/1169
f 618/320/1170 617/337/1170 634/327/1170
f 619/318/1171 618/320/1171 631/325/1171
f 637/339/1172 638/342/1172 255/338/1172
f 255/338/1173 638/342/1173 639/341/1173
f 256/343/1174 639/341/1174 616/292/1174
f 639/341/1175 605/334/1175 600/290/1175
f 606/344/1176 605/731/1176 639/341/1176
f 637/339/1177 607/328/1177 606/344/1177
f 604/313/1178 601/316/1178 607/328/1178
f 212/315/1179 604/313/1179 637/339/1179
f 664/345/1180 635/326/1180 636/336/1180
f 641/347/1181 640/354/1181 648/346/1181
f 641/347/1182 642/331/1182 643/349/1182
f 643/349/1183 642/331/1183 644/332/1183
f 654/350/1184 642/331/1184 641/347/1184
f 645/351/1185 644/332/1185 668/330/1185
f 661/353/1186 643/349/1186 645/351/1186
f 640/354/1187 643/349/1187 661/353/1187
f 646/356/579 663/358/579 630/355/579
f 647/359/1188 662/360/1188 663/358/1188
f 648/346/1189 661/353/1189 662/360/1189
f 630/355/582 663/358/582 667/361/582
f 663/358/1190 662/360/1190 671/362/1190
f 662/360/1191 661/353/1191 670/352/1191
f 660/627/1192 657/631/1192 632/628/1192
f 659/630/1193 656/633/1193 657/631/1193
f 659/630/1194 658/741/1194 655/632/1194
f 629/370/1195 652/372/1195 651/371/1195
f 652/372/1196 653/374/1196 650/373/1196
f 653/374/1197 654/376/1197 649/375/1197
f 651/371/1198 646/356/1198 605/357/1198
f 651/371/1199 650/373/1199 647/359/1199
f 649/348/1200 648/346/1200 647/359/1200
f 664/378/1201 666/379/1201 652/372/1201
f 666/379/1202 669/380/1202 653/374/1202
f 669/380/1203 668/381/1203 654/376/1203
f 632/382/1204 664/384/1204 665/383/1204
f 666/379/1205 664/378/1205 632/385/1205
f 633/387/1206 665/383/1206 667/361/1206
f 655/388/1207 668/381/1207 669/380/1207
f 656/389/1208 669/380/1208 666/379/1208
f 659/390/1209 671/362/1209 670/352/1209
f 660/391/1210 667/361/1210 671/362/1210
f 670/352/1211 668/330/1211 655/392/1211
f 672/299/1212 673/296/1212 622/396/1212
f 621/409/612 684/733/612 674/411/612
f 674/411/1213 675/735/1213 685/410/1213
f 685/410/1214 622/734/1214 621/409/1214
f 680/642/1215 681/646/1215 686/644/1215
f 676/635/1216 682/637/1216 686/644/1216
f 676/635/1217 684/651/1217 621/647/1217
f 621/647/1218 622/742/1218 678/638/1218
f 678/638/1219 622/742/1219 685/648/1219
f 679/641/1220 685/743/1220 675/649/1220
f 680/642/1221 675/649/1221 674/650/1221
f 681/646/1222 674/650/1222 684/651/1222
f 673/296/1223 236/294/1223 307/424/1223
f 321/429/1224 691/431/1224 690/430/1224
f 689/432/1225 691/431/1225 321/429/1225
f 689/432/1226 697/435/1226 699/434/1226
f 699/434/1227 693/446/1227 690/430/1227
f 699/434/1228 698/437/1228 688/436/1228
f 706/438/636 703/440/636 702/439/636
f 696/441/1229 319/443/1229 323/442/1229
f 323/442/1230 320/736/1230 688/436/1230
f 324/444/1231 697/435/1231 689/432/1231
f 324/444/1232 319/443/1232 696/441/1232
f 690/430/1233 693/446/1233 325/445/1233
f 688/436/1234 320/736/1234 325/445/1234
f 692/447/1235 697/435/1235 696/441/1235
f 687/448/1236 696/441/1236 698/437/1236
f 694/449/1237 698/437/1237 699/434/1237
f 699/434/1238 697/435/1238 692/447/1238
f 700/451/1239 702/737/1239 703/440/1239
f 710/453/648 700/454/648 701/452/648
f 701/452/649 703/440/649 706/438/649
f 702/456/650 700/454/650 710/453/650
f 704/459/1240 711/461/1240 687/458/1240
f 705/457/652 710/453/652 711/461/652
f 692/462/1241 708/464/1241 707/463/1241
f 709/455/654 706/438/654 707/463/654
f 711/461/1242 708/464/1242 692/462/1242
f 711/461/656 710/453/656 709/455/656
f 695/465/1243 707/463/1243 704/466/1243
f 707/463/658 706/438/658 705/467/658
f 712/468/659 713/470/659 722/469/659
f 713/470/660 714/472/660 723/471/660
f 714/472/351 715/474/351 724/473/351
f 715/474/350 716/476/350 725/475/350
f 718/478/1244 727/480/1244 726/477/1244
f 719/481/1245 728/482/1245 727/480/1245
f 720/483/661 729/484/661 728/482/661
f 712/468/662 721/485/662 729/484/662
f 721/485/1246 722/469/1246 731/486/1246
f 722/469/1247 723/471/1247 732/487/1247
f 723/471/1248 724/473/1248 733/488/1248
f 724/473/1249 725/475/1249 734/489/1249
f 727/480/1250 736/491/1250 735/490/1250
f 728/482/1251 737/492/1251 736/491/1251
f 729/484/1252 738/493/1252 737/492/1252
f 721/485/1253 730/495/1253 738/493/1253
f 731/486/1254 370/496/1254 369/494/1254
f 732/487/1255 371/497/1255 370/496/1255
f 733/488/335 372/655/335 371/497/335
f 733/488/1256 734/489/1256 373/498/1256
f 736/491/337 375/656/337 374/499/337
f 736/491/1257 737/492/1257 376/500/1257
f 737/492/1258 738/493/1258 377/501/1258
f 738/493/1259 730/495/1259 369/494/1259
f 378/502/1260 379/504/1260 740/503/1260
f 379/504/1261 380/506/1261 741/505/1261
f 380/506/994 381/508/994 742/507/994
f 382/509/1262 743/522/1262 742/507/1262
f 383/510/995 384/512/995 745/511/995
f 385/513/1263 746/514/1263 745/511/1263
f 386/515/1264 747/516/1264 746/514/1264
f 378/502/1265 739/518/1265 747/516/1265
f 740/503/1266 749/519/1266 748/517/1266
f 741/505/1267 750/520/1267 749/519/1267
f 742/507/1268 751/521/1268 750/520/1268
f 743/522/1269 752/527/1269 751/521/1269
f 744/523/1270 745/511/1270 754/524/1270
f 745/511/1271 746/514/1271 755/525/1271
f 746/514/1272 747/516/1272 756/526/1272
f 747/516/1273 739/518/1273 748/517/1273
f 749/519/693 713/470/693 712/468/693
f 750/520/694 714/472/694 713/470/694
f 751/521/311 715/474/311 714/472/311
f 752/527/310 716/476/310 715/474/310
f 753/528/313 754/524/313 718/478/313
f 754/524/312 755/525/312 719/481/312
f 755/525/696 756/526/696 720/483/696
f 756/526/697 748/517/697 712/468/697
f 405/529/1274 675/426/1274 307/424/1274
f 758/657/1275 774/699/1275 765/658/1275
f 759/660/1276 766/694/1276 781/661/1276
f 781/661/1277 766/694/1277 761/663/1277
f 774/665/1278 767/698/1278 760/666/1278
f 760/666/1279 767/698/1279 775/668/1279
f 761/663/1280 769/693/1280 782/670/1280
f 782/671/1281 769/691/1281 764/672/1281
f 775/674/1282 770/697/1282 763/675/1282
f 763/675/1283 770/697/1283 776/677/1283
f 764/672/1284 772/692/1284 783/679/1284
f 783/679/1285 772/692/1285 762/680/1285
f 762/680/1286 773/696/1286 408/685/1286
f 408/685/1287 773/696/1287 759/660/1287
f 760/666/1288 768/669/1288 777/686/1288
f 763/675/1289 771/678/1289 777/687/1289
f 771/682/1290 409/684/1290 8/688/1290
f 769/691/1291 778/695/1291 772/692/1291
f 769/693/1292 761/663/1292 766/694/1292
f 766/694/1293 759/660/1293 773/696/1293
f 772/692/1294 778/695/1294 773/696/1294
f 776/683/1295 783/679/1295 407/681/1295
f 770/697/1296 780/673/1296 783/679/1296
f 775/674/1297 782/671/1297 780/673/1297
f 779/664/1298 782/670/1298 775/668/1298
f 781/661/1299 779/664/1299 767/698/1299
f 757/662/1300 781/661/1300 774/699/1300
f 786/700/1301 788/709/1301 295/701/1301
f 295/701/1302 788/709/1302 785/703/1302
f 789/706/1303 790/744/1303 675/707/1303
f 790/715/1304 791/705/1304 406/702/1304
