# Blender 4.2.3 LTS
# www.blender.org
mtllib Goat.mtl
o Cylinder.001
v 0.000000 0.699937 -0.358005
v 0.191574 0.712568 -0.240216
v 0.329426 1.937539 -0.279221
v 0.571222 1.944353 0.030229
v 0.168846 0.664708 0.445107
v 0.341020 1.929003 0.445244
v 0.000000 0.675494 0.534741
v -0.003533 0.785869 -0.599493
v 0.246478 1.764767 -0.332369
v 0.250206 1.567334 -0.370430
v 0.287404 1.369970 -0.421264
v 0.301336 1.147089 -0.496562
v 0.325983 0.961249 -0.485414
v 0.298539 0.783606 -0.445370
v 0.564809 1.761006 -0.151730
v 0.563571 1.572381 -0.195764
v 0.606472 1.369970 -0.221568
v 0.661770 1.172606 -0.238624
v 0.645079 0.975418 -0.239503
v 0.568912 0.784957 -0.217393
v 0.689052 1.591473 -0.001164
v 0.736422 1.369970 0.008616
v 0.790336 1.172606 0.015649
v 0.772037 0.975945 0.019518
v 0.686613 0.787067 0.019781
v 0.564360 1.758422 0.157196
v 0.564043 1.570542 0.224209
v 0.606472 1.369970 0.290407
v 0.661770 1.172606 0.335685
v 0.645080 0.975418 0.354147
v 0.568912 0.784957 0.310410
v 0.249260 1.763161 0.490772
v 0.250206 1.567334 0.540462
v 0.287404 1.369970 0.601758
v 0.337871 1.172606 0.656587
v 0.335912 0.975242 0.679069
v 0.307102 0.771445 0.598352
v 0.000000 0.975242 0.806902
v 0.000000 0.792399 0.739066
v 0.000000 1.971580 -0.450135
v -0.000000 1.958815 0.697743
v 0.000000 1.172606 0.783441
v -0.000000 1.369970 0.727122
v -0.000000 1.567334 0.665509
v 0.000000 1.762132 0.631380
v 0.000000 1.185027 -0.580122
v -0.000000 1.369970 -0.520869
v 0.000000 1.567334 -0.463475
v 0.000000 1.764440 -0.434919
v 0.414331 -0.003967 -0.316218
v 0.613889 0.016542 -0.097692
v 0.639564 0.035267 0.026387
v 0.578488 0.031363 0.191208
v 0.414328 -0.003965 0.166575
v 0.237017 0.026224 0.204569
v 0.167584 0.042859 0.041562
v 0.129996 0.631032 0.079664
v 0.239131 0.024508 -0.116052
v 0.416644 0.144207 -0.302173
v 0.408278 0.296204 -0.293490
v 0.409023 0.422099 -0.276610
v 0.398506 0.609058 -0.292166
v 0.563103 0.609314 -0.187858
v 0.562012 0.422099 -0.185001
v 0.568565 0.296204 -0.199068
v 0.564511 0.144401 -0.214126
v 0.658531 0.609842 0.034112
v 0.649947 0.422099 0.038420
v 0.663848 0.296204 0.040178
v 0.664056 0.149692 0.037833
v 0.563103 0.609314 0.266016
v 0.562012 0.422099 0.263160
v 0.568565 0.296204 0.286018
v 0.565411 0.145318 0.302026
v 0.397086 0.606076 0.386394
v 0.409023 0.422099 0.355208
v 0.408278 0.296204 0.382638
v 0.414939 0.145230 0.393323
v 0.237415 0.586748 0.291256
v 0.246518 0.420768 0.263160
v 0.236933 0.296204 0.286018
v 0.234581 0.151401 0.290092
v 0.170942 0.565428 0.047280
v 0.173784 0.416773 0.038420
v 0.158179 0.296204 0.040178
v 0.154924 0.152622 0.040640
v 0.243097 0.598676 -0.185656
v 0.246518 0.420768 -0.185001
v 0.236933 0.296204 -0.199068
v 0.236750 0.149684 -0.201874
v 0.000000 0.631527 0.074515
v 0.413837 -0.004103 -0.195264
v 0.414491 -0.003520 -0.195643
v 0.492359 0.070821 0.289342
v 0.570576 0.030072 -0.133558
v 0.493035 0.071764 -0.197293
v 0.642255 1.886313 0.002410
v 0.604721 1.849144 -0.081861
v 0.627886 1.641939 0.108064
v 0.624517 1.655075 -0.111667
v 0.599553 1.851941 0.092556
v 0.736620 1.746553 -0.115377
v 0.841455 1.743663 -0.108106
v 0.919610 1.743663 -0.108106
v 0.989579 1.743663 -0.107156
v 1.056901 1.743663 -0.103356
v 1.056901 1.643518 -0.061875
v 0.989579 1.640831 -0.064562
v 0.919610 1.640159 -0.065233
v 0.841455 1.640159 -0.065233
v 0.746571 1.642645 -0.072972
v 1.056901 1.602036 0.038271
v 0.989579 1.598236 0.038271
v 0.919610 1.597286 0.038271
v 0.841455 1.597286 0.038271
v 0.757327 1.596317 0.031698
v 1.056901 1.643517 0.138416
v 0.989579 1.640831 0.141103
v 0.919610 1.640159 0.141775
v 0.841455 1.640159 0.141775
v 0.747133 1.640456 0.136156
v 1.056901 1.743663 0.179898
v 0.989579 1.743663 0.183698
v 0.919610 1.743663 0.184648
v 0.841455 1.743663 0.184648
v 0.736545 1.746123 0.180072
v 1.056901 1.843809 0.138416
v 0.989579 1.846496 0.141103
v 0.919610 1.847167 0.141775
v 0.841455 1.847167 0.141775
v 0.742410 1.847963 0.133572
v 1.056901 1.885290 0.038271
v 0.989579 1.889090 0.038271
v 0.919610 1.890040 0.038271
v 0.841455 1.890040 0.038271
v 0.749527 1.889419 0.032294
v 1.056901 1.843809 -0.061875
v 0.989579 1.846496 -0.064562
v 0.919610 1.847167 -0.065233
v 0.841455 1.847167 -0.065233
v 0.743272 1.847497 -0.068005
v 1.197817 1.742046 -0.096080
v 1.115741 1.743663 -0.101463
v 1.196219 1.642593 -0.055191
v 1.115741 1.644856 -0.060536
v 1.193185 1.602968 0.043931
v 1.115741 1.603929 0.038271
v 1.190778 1.642593 0.141209
v 1.115741 1.644856 0.137077
v 1.190170 1.742046 0.181357
v 1.115741 1.743663 0.178004
v 1.191430 1.841970 0.142706
v 1.115741 1.842470 0.137077
v 1.194332 1.883010 0.044454
v 1.115741 1.883397 0.038271
v 1.197078 1.841970 -0.055061
v 1.115741 1.842470 -0.060536
v 1.380063 1.848389 0.185641
v 1.351659 1.632421 0.141488
v 1.399747 1.822865 -0.076540
v 1.413815 1.637957 -0.035025
v 1.352536 1.726315 0.139029
v 1.316277 1.876408 0.176225
v 1.279462 1.624244 0.161992
v 1.409554 1.617997 0.080231
v 1.310159 1.626674 -0.043416
v 1.412690 1.735422 -0.087463
v 1.319183 1.854171 -0.050094
v 1.394888 1.874883 0.119042
v 1.274041 1.733818 0.195309
v 1.296493 1.588873 0.067930
v 1.315618 1.735233 -0.090383
v 1.329528 1.900004 0.113485
v 1.425279 1.732082 0.088878
v 1.464700 1.654317 -0.010432
v 1.468736 1.646312 0.054964
v 1.372045 1.885820 -0.028556
v 1.363992 1.902271 0.035600
v 1.374677 1.818324 0.152095
v 1.285584 1.849761 0.175596
v 1.412896 1.849987 0.098875
v 1.307649 1.900483 0.074131
v 1.402541 1.891019 0.203051
v 1.333825 1.908352 0.189364
v 1.408299 1.906909 0.134457
v 1.346657 1.930076 0.128219
v 1.397469 1.914516 0.195554
v 1.393332 1.933232 0.189452
v 1.361678 1.942735 0.189141
v 1.344250 1.929469 0.195753
v 1.413754 1.928123 0.144510
v 1.402624 1.941942 0.158953
v 1.369056 1.954074 0.155976
v 1.356205 1.949677 0.138662
v 1.432265 1.865420 -0.027387
v 1.475541 1.820507 -0.012952
v 1.443798 1.851964 -0.052179
v 1.482624 1.787976 -0.017234
v 1.479874 1.701241 -0.015716
v 1.466084 1.743482 -0.042831
v 1.481485 1.827654 0.054919
v 1.407161 1.863915 0.058465
v 1.445977 1.868876 0.092199
v 1.483683 1.696644 0.050479
v 1.487808 1.790770 0.051087
v 1.465492 1.740945 0.053411
v 0.627746 3.662079 -0.626527
v 0.744128 2.251619 -0.600934
v 0.627746 3.708732 0.739480
v 0.744128 2.257922 0.923879
v 0.457772 2.234324 -0.684536
v 0.000000 2.215118 -0.728570
v 0.746558 3.469246 -0.709073
v 0.793147 2.986094 -0.747372
v 0.771271 2.496479 -0.695688
v 0.710248 3.389226 0.811638
v 0.758384 2.953366 0.810500
v 0.771271 2.512362 0.901576
v 0.374413 3.797723 0.816727
v 0.000000 3.836097 0.853131
v 0.721494 3.741008 -0.371883
v 0.784817 3.794307 0.023915
v 0.721494 3.788411 0.454715
v -0.000000 2.195586 1.061334
v 0.457772 2.219830 1.025261
v -0.000000 3.750843 -0.750046
v 0.374413 3.716154 -0.709956
v 0.846517 2.154714 0.656210
v 0.891327 2.114242 0.068697
v 0.846518 2.159945 -0.358909
v 0.396954 3.910981 -0.392119
v -0.000000 3.975303 -0.409411
v 0.376187 4.077077 0.108571
v -0.000000 4.118601 -0.001831
v 0.370183 4.066123 0.254427
v 0.000000 4.110055 0.530941
v 0.419732 2.519411 1.105610
v 0.413541 2.952286 1.037581
v 0.394236 3.399642 1.003435
v 0.000000 2.510020 1.170076
v -0.000000 2.951352 1.108991
v -0.000000 3.410333 1.061985
v 0.514985 2.039562 -0.381760
v 0.517322 2.028161 0.672417
v 0.972714 2.428032 -0.390252
v 1.008081 2.885022 -0.438749
v 0.932212 3.567386 -0.394602
v 1.053099 2.391983 0.019263
v 1.126391 3.185127 -0.215834
v 1.124634 3.379724 -0.182265
v 0.972714 2.431194 0.553789
v 0.973949 2.938645 0.429136
v 0.910282 3.409508 0.430679
v 0.000000 2.553277 -0.955919
v 0.000000 2.967000 -1.035751
v 0.000000 3.387274 -0.964081
v 0.419732 2.549809 -0.889729
v 0.413541 2.967540 -0.963050
v 0.394236 3.391007 -0.899930
v 1.492063 3.371724 -0.575390
v 1.501232 3.332165 -0.580577
v 1.561163 3.335615 -0.533429
v 1.551872 3.379866 -0.522201
v 1.583176 3.338587 -0.479220
v 1.580157 3.375424 -0.451670
v 1.014562 3.407724 -0.619790
v 1.233146 3.372359 -0.592488
v 1.402210 3.378598 -0.594430
v 1.416286 3.279048 -0.600847
v 1.250240 3.212916 -0.588051
v 1.036388 3.182380 -0.633455
v 1.146561 3.088421 -0.470461
v 1.336522 3.166723 -0.501430
v 1.486895 3.256840 -0.531049
v 1.476321 3.286239 -0.460060
v 1.374714 3.232680 -0.432539
v 1.211225 3.189953 -0.326458
v 1.476312 3.340971 -0.422628
v 1.374986 3.328678 -0.369173
v 1.209013 3.362965 -0.270858
v 1.468109 3.420105 -0.500419
v 1.312825 3.433571 -0.465768
v 1.116303 3.472971 -0.426175
v 1.082246 2.977919 -0.122077
v 1.048888 3.508245 -0.035333
v 1.205651 3.111121 -0.361383
v 1.197181 3.467032 -0.227795
v 1.524033 3.279093 -0.474467
v 1.380176 3.187979 -0.453690
v 1.520436 3.393659 -0.391128
v 1.374210 3.424035 -0.320369
v 0.415118 4.038934 0.023605
v 0.391598 4.018918 0.466761
v 0.165127 4.112519 0.108527
v 0.167395 4.097641 0.262472
v 0.276406 4.152652 0.099930
v 0.347071 4.139064 0.137481
v 0.346071 4.137238 0.221209
v 0.275695 4.154140 0.258002
v 0.205194 4.154853 0.223811
v 0.203878 4.159085 0.130409
v 0.295768 4.225406 0.178280
v 0.249441 4.206206 0.206355
v 0.261626 4.100064 0.066989
v 0.267955 4.079267 0.299834
v 0.239679 4.208699 0.158028
v 0.000000 4.110025 0.529697
v 0.000000 4.110111 0.529938
v 0.108699 1.831395 0.704613
v 0.068364 1.969886 0.732720
v 0.072724 1.829747 0.598828
v 0.068364 1.969886 0.600266
v -0.000000 1.821879 0.586795
v 0.000000 1.982878 0.587274
v 0.082320 1.902378 0.587035
v 0.112958 1.820673 0.676409
v 0.081594 1.982878 0.666493
v 0.124663 1.878548 0.703215
v 0.000000 1.821879 0.745232
v -0.000000 1.982878 0.745712
v 0.000000 1.903659 0.557649
v 0.133375 1.874502 0.677873
v -0.000000 1.903659 0.775337
v 0.000000 1.784568 0.664576
v 0.000000 2.012503 0.666493
v 0.077824 1.829276 0.730809
v 0.099907 1.798617 0.662453
v 0.088095 1.902893 0.744400
v 0.119136 1.898616 0.666261
v 0.239982 1.748698 0.697568
v 0.240319 1.745513 0.684615
v 0.255893 1.772765 0.697500
v 0.259152 1.770717 0.686678
v 0.184134 1.852440 0.688095
v 0.229847 1.812377 0.693600
v 0.237745 1.808280 0.670822
v 0.193325 1.847687 0.661095
v 0.146125 1.781768 0.655843
v 0.196174 1.753453 0.665741
v 0.196297 1.760670 0.694370
v 0.146335 1.790496 0.689645
v 0.671959 1.873426 0.035364
v 0.659539 1.924590 0.035364
v 0.625607 1.962045 0.035364
v 0.579255 1.975754 0.035364
v 0.530736 1.966188 0.035364
v 0.530736 1.780665 0.035364
v 0.579255 1.771098 0.035364
v 0.625607 1.784808 0.035364
v 0.659539 1.822262 0.035364
v 0.612274 1.873426 -0.280953
v 0.600756 1.924590 -0.272783
v 0.569288 1.962045 -0.250462
v 0.528148 1.975754 -0.219971
v 0.492388 1.966188 -0.188054
v 0.492388 1.780665 -0.188054
v 0.528148 1.771098 -0.219971
v 0.569288 1.784808 -0.250462
v 0.600756 1.822262 -0.272783
v 0.418631 1.873426 -0.512514
v 0.409372 1.924590 -0.498363
v 0.384077 1.962045 -0.459701
v 0.356911 1.975754 -0.406888
v 0.357686 1.966188 -0.351607
v 0.357686 1.780665 -0.351607
v 0.356911 1.771098 -0.406888
v 0.384077 1.784808 -0.459701
v 0.409372 1.822262 -0.498363
v 0.000000 1.873426 -0.597270
v 0.000000 1.924590 -0.580930
v 0.000000 1.962045 -0.536288
v -0.000000 1.975754 -0.475305
v 0.000000 1.966188 -0.411471
v 0.000000 1.780665 -0.411471
v -0.000000 1.771098 -0.475305
v 0.000000 1.784807 -0.536288
v 0.000000 1.822262 -0.580930
v 0.000000 1.873426 0.667998
v 0.000000 1.924590 0.651658
v 0.000000 1.962045 0.607015
v -0.000000 1.975754 0.546032
v 0.000000 1.966188 0.482199
v 0.000000 1.780665 0.482199
v 0.000000 1.771098 0.546032
v 0.000000 1.784807 0.607015
v 0.000000 1.822262 0.651658
v 0.418631 1.873426 0.583241
v 0.409372 1.924590 0.569090
v 0.384077 1.962045 0.530428
v 0.356911 1.975754 0.477616
v 0.357686 1.966188 0.422334
v 0.357686 1.780665 0.422334
v 0.356911 1.771098 0.477616
v 0.384077 1.784808 0.530428
v 0.409372 1.822262 0.569090
v 0.612274 1.873426 0.351681
v 0.600756 1.924590 0.343511
v 0.569288 1.962045 0.321189
v 0.528148 1.975754 0.290698
v 0.492388 1.966188 0.258781
v 0.492388 1.780665 0.258781
v 0.528148 1.771098 0.290698
v 0.569288 1.784808 0.321190
v 0.600756 1.822262 0.343511
v 0.008097 4.126229 0.356885
v 0.007160 4.132438 0.128032
v 0.103148 0.975690 -0.603008
v 0.000569 1.045394 -0.610312
v 0.110053 0.860015 -0.603689
v -0.191574 0.712568 -0.240216
v -0.329426 1.937539 -0.279221
v -0.571222 1.944353 0.030229
v -0.168846 0.664708 0.445107
v -0.341020 1.929003 0.445244
v -0.246478 1.764767 -0.332369
v -0.250206 1.567334 -0.370430
v -0.287404 1.369970 -0.421264
v -0.301336 1.147089 -0.496562
v -0.325983 0.961249 -0.485414
v -0.298539 0.783606 -0.445370
v -0.564809 1.761006 -0.151730
v -0.563571 1.572381 -0.195764
v -0.606472 1.369970 -0.221568
v -0.661770 1.172606 -0.238624
v -0.645079 0.975418 -0.239503
v -0.568912 0.784957 -0.217393
v -0.689052 1.591473 -0.001164
v -0.736422 1.369970 0.008616
v -0.790336 1.172606 0.015649
v -0.772037 0.975945 0.019518
v -0.686613 0.787067 0.019781
v -0.564360 1.758422 0.157196
v -0.564043 1.570542 0.224209
v -0.606472 1.369970 0.290407
v -0.661770 1.172606 0.335685
v -0.645079 0.975418 0.354147
v -0.568912 0.784957 0.310410
v -0.249260 1.763161 0.490772
v -0.250206 1.567334 0.540462
v -0.287404 1.369970 0.601758
v -0.337871 1.172606 0.656587
v -0.335912 0.975242 0.679069
v -0.307102 0.771445 0.598352
v -0.414331 -0.003967 -0.316218
v -0.613889 0.016542 -0.097692
v -0.639564 0.035267 0.026387
v -0.578488 0.031363 0.191208
v -0.414328 -0.003965 0.166575
v -0.237017 0.026224 0.204569
v -0.167584 0.042859 0.041562
v -0.129996 0.631032 0.079664
v -0.239131 0.024508 -0.116052
v -0.416644 0.144207 -0.302173
v -0.408278 0.296204 -0.293490
v -0.409023 0.422099 -0.276610
v -0.398506 0.609058 -0.292166
v -0.563103 0.609314 -0.187858
v -0.562012 0.422099 -0.185001
v -0.568565 0.296204 -0.199068
v -0.564511 0.144401 -0.214126
v -0.658531 0.609842 0.034112
v -0.649947 0.422099 0.038420
v -0.663848 0.296204 0.040178
v -0.664056 0.149692 0.037833
v -0.563103 0.609314 0.266016
v -0.562012 0.422099 0.263160
v -0.568565 0.296204 0.286018
v -0.565411 0.145318 0.302026
v -0.397086 0.606076 0.386394
v -0.409023 0.422099 0.355208
v -0.408278 0.296204 0.382638
v -0.414939 0.145230 0.393323
v -0.237415 0.586748 0.291256
v -0.246518 0.420768 0.263160
v -0.236933 0.296204 0.286018
v -0.234581 0.151401 0.290092
v -0.170942 0.565428 0.047280
v -0.173784 0.416773 0.038420
v -0.158179 0.296204 0.040178
v -0.154924 0.152622 0.040640
v -0.243097 0.598676 -0.185656
v -0.246518 0.420768 -0.185001
v -0.236933 0.296204 -0.199068
v -0.236750 0.149684 -0.201874
v -0.413837 -0.004103 -0.195264
v -0.414491 -0.003520 -0.195643
v -0.492359 0.070821 0.289342
v -0.570576 0.030072 -0.133558
v -0.493035 0.071764 -0.197293
v -0.642255 1.886313 0.002410
v -0.604721 1.849144 -0.081861
v -0.627886 1.641939 0.108064
v -0.624517 1.655075 -0.111667
v -0.599553 1.851941 0.092556
v -0.736620 1.746553 -0.115377
v -0.841455 1.743663 -0.108106
v -0.919610 1.743663 -0.108106
v -0.989579 1.743663 -0.107156
v -1.056901 1.743663 -0.103356
v -1.056901 1.643518 -0.061875
v -0.989579 1.640831 -0.064562
v -0.919610 1.640159 -0.065233
v -0.841455 1.640159 -0.065233
v -0.746571 1.642645 -0.072972
v -1.056901 1.602036 0.038271
v -0.989579 1.598236 0.038271
v -0.919610 1.597286 0.038271
v -0.841455 1.597286 0.038271
v -0.757327 1.596317 0.031698
v -1.056901 1.643518 0.138416
v -0.989579 1.640831 0.141103
v -0.919610 1.640159 0.141775
v -0.841455 1.640159 0.141775
v -0.747133 1.640456 0.136156
v -1.056901 1.743663 0.179898
v -0.989579 1.743663 0.183698
v -0.919610 1.743663 0.184648
v -0.841455 1.743663 0.184648
v -0.736545 1.746123 0.180072
v -1.056901 1.843809 0.138416
v -0.989579 1.846495 0.141103
v -0.919610 1.847167 0.141775
v -0.841455 1.847167 0.141775
v -0.742410 1.847963 0.133572
v -1.056901 1.885290 0.038271
v -0.989579 1.889090 0.038271
v -0.919610 1.890040 0.038271
v -0.841455 1.890040 0.038271
v -0.749527 1.889419 0.032294
v -1.056901 1.843808 -0.061875
v -0.989579 1.846495 -0.064562
v -0.919610 1.847167 -0.065233
v -0.841455 1.847167 -0.065233
v -0.743272 1.847497 -0.068005
v -1.197817 1.742046 -0.096080
v -1.115741 1.743663 -0.101463
v -1.196219 1.642593 -0.055191
v -1.115741 1.644856 -0.060536
v -1.193185 1.602968 0.043931
v -1.115740 1.603929 0.038271
v -1.190778 1.642593 0.141209
v -1.115741 1.644856 0.137077
v -1.190170 1.742046 0.181357
v -1.115741 1.743663 0.178004
v -1.191430 1.841970 0.142706
v -1.115741 1.842470 0.137077
v -1.194332 1.883010 0.044454
v -1.115741 1.883397 0.038271
v -1.197078 1.841970 -0.055061
v -1.115741 1.842470 -0.060536
v -1.380063 1.848389 0.185641
v -1.351659 1.632421 0.141488
v -1.399747 1.822865 -0.076540
v -1.413815 1.637957 -0.035025
v -1.352536 1.726315 0.139029
v -1.316277 1.876408 0.176225
v -1.279462 1.624244 0.161992
v -1.409554 1.617997 0.080231
v -1.310159 1.626674 -0.043416
v -1.412690 1.735422 -0.087463
v -1.319183 1.854171 -0.050094
v -1.394888 1.874883 0.119042
v -1.274041 1.733818 0.195309
v -1.296493 1.588873 0.067930
v -1.315618 1.735233 -0.090383
v -1.329528 1.900004 0.113485
v -1.425279 1.732082 0.088878
v -1.464700 1.654317 -0.010432
v -1.468736 1.646312 0.054964
v -1.372045 1.885820 -0.028556
v -1.363992 1.902271 0.035600
v -1.374677 1.818324 0.152095
v -1.285584 1.849761 0.175596
v -1.412896 1.849987 0.098875
v -1.307649 1.900482 0.074131
v -1.402541 1.891019 0.203051
v -1.333825 1.908351 0.189364
v -1.408299 1.906909 0.134457
v -1.346657 1.930076 0.128219
v -1.397469 1.914516 0.195554
v -1.393332 1.933232 0.189452
v -1.361678 1.942735 0.189141
v -1.344250 1.929469 0.195753
v -1.413754 1.928123 0.144510
v -1.402624 1.941942 0.158953
v -1.369056 1.954074 0.155976
v -1.356205 1.949677 0.138662
v -1.432265 1.865420 -0.027387
v -1.475541 1.820507 -0.012952
v -1.443798 1.851964 -0.052179
v -1.482624 1.787976 -0.017234
v -1.479874 1.701241 -0.015716
v -1.466085 1.743482 -0.042831
v -1.481485 1.827654 0.054919
v -1.407161 1.863915 0.058465
v -1.445977 1.868876 0.092199
v -1.483683 1.696644 0.050479
v -1.487808 1.790770 0.051087
v -1.465492 1.740945 0.053411
v -0.627746 3.662078 -0.626527
v -0.744128 2.251619 -0.600934
v -0.627746 3.708732 0.739480
v -0.744128 2.257922 0.923879
v -0.457772 2.234324 -0.684536
v -0.746558 3.469246 -0.709073
v -0.793147 2.986094 -0.747372
v -0.771271 2.496479 -0.695688
v -0.710248 3.389226 0.811638
v -0.758384 2.953367 0.810500
v -0.771271 2.512362 0.901576
v -0.374413 3.797723 0.816727
v -0.721494 3.741008 -0.371883
v -0.784817 3.794307 0.023915
v -0.721494 3.788411 0.454715
v -0.457772 2.219830 1.025261
v -0.374413 3.716154 -0.709956
v -0.846517 2.154713 0.656210
v -0.891327 2.114242 0.068697
v -0.846518 2.159945 -0.358909
v -0.396954 3.910981 -0.392119
v -0.376187 4.077077 0.108571
v -0.370183 4.066123 0.254427
v -0.419732 2.519411 1.105610
v -0.413541 2.952286 1.037582
v -0.394236 3.399642 1.003435
v -0.514985 2.039562 -0.381760
v -0.517322 2.028161 0.672417
v -0.972714 2.428032 -0.390252
v -1.008081 2.885022 -0.438749
v -0.932212 3.567386 -0.394602
v -1.053099 2.391983 0.019263
v -1.126391 3.185127 -0.215834
v -1.124634 3.379725 -0.182265
v -0.972714 2.431194 0.553789
v -0.973949 2.938645 0.429136
v -0.910282 3.409508 0.430679
v -0.419732 2.549809 -0.889729
v -0.413541 2.967540 -0.963049
v -0.394236 3.391007 -0.899930
v -1.492063 3.371724 -0.575390
v -1.501232 3.332164 -0.580577
v -1.561163 3.335615 -0.533429
v -1.551872 3.379866 -0.522201
v -1.583176 3.338587 -0.479220
v -1.580156 3.375424 -0.451670
v -1.014562 3.407725 -0.619790
v -1.233146 3.372359 -0.592488
v -1.402210 3.378598 -0.594430
v -1.416286 3.279048 -0.600847
v -1.250240 3.212916 -0.588051
v -1.036388 3.182380 -0.633455
v -1.146561 3.088422 -0.470461
v -1.336522 3.166723 -0.501430
v -1.486895 3.256841 -0.531049
v -1.476320 3.286239 -0.460060
v -1.374715 3.232680 -0.432539
v -1.211225 3.189953 -0.326458
v -1.476312 3.340971 -0.422628
v -1.374986 3.328677 -0.369173
v -1.209013 3.362965 -0.270858
v -1.468109 3.420105 -0.500419
v -1.312825 3.433571 -0.465768
v -1.116303 3.472971 -0.426175
v -1.082246 2.977919 -0.122077
v -1.048888 3.508245 -0.035333
v -1.205651 3.111120 -0.361383
v -1.197181 3.467032 -0.227795
v -1.524033 3.279093 -0.474467
v -1.380175 3.187979 -0.453690
v -1.520436 3.393659 -0.391128
v -1.374210 3.424035 -0.320369
v -0.415119 4.038935 0.023605
v -0.391599 4.018919 0.466761
v -0.165127 4.113153 0.108527
v -0.167395 4.100176 0.262472
v -0.276406 4.152653 0.099930
v -0.347071 4.139064 0.137481
v -0.346071 4.137238 0.221209
v -0.275695 4.154217 0.258002
v -0.205194 4.155276 0.223811
v -0.203878 4.159190 0.130409
v -0.295769 4.225406 0.178280
v -0.249441 4.206205 0.206355
v -0.261626 4.100064 0.066989
v -0.267955 4.079900 0.299834
v -0.239679 4.208699 0.158028
v -0.108699 1.831395 0.704613
v -0.068364 1.969886 0.732720
v -0.072724 1.829747 0.598828
v -0.068364 1.969886 0.600266
v -0.082320 1.902378 0.587035
v -0.112958 1.820673 0.676409
v -0.081594 1.982878 0.666493
v -0.124663 1.878548 0.703215
v -0.133375 1.874502 0.677873
v -0.077824 1.829276 0.730809
v -0.099907 1.798617 0.662453
v -0.088095 1.902893 0.744400
v -0.119136 1.898616 0.666261
v -0.239982 1.748698 0.697568
v -0.240319 1.745513 0.684615
v -0.255893 1.772765 0.697500
v -0.259152 1.770717 0.686678
v -0.184134 1.852440 0.688095
v -0.229847 1.812377 0.693600
v -0.237745 1.808280 0.670822
v -0.193325 1.847687 0.661095
v -0.146125 1.781768 0.655844
v -0.196174 1.753453 0.665741
v -0.196297 1.760670 0.694370
v -0.146335 1.790496 0.689645
v -0.671959 1.873426 0.035364
v -0.659539 1.924590 0.035364
v -0.625607 1.962045 0.035364
v -0.579255 1.975754 0.035364
v -0.530736 1.966188 0.035364
v -0.530736 1.780665 0.035364
v -0.579255 1.771098 0.035364
v -0.625607 1.784807 0.035364
v -0.659539 1.822262 0.035364
v -0.612274 1.873426 -0.280953
v -0.600756 1.924590 -0.272783
v -0.569288 1.962045 -0.250462
v -0.528148 1.975754 -0.219971
v -0.492388 1.966188 -0.188054
v -0.492388 1.780665 -0.188054
v -0.528148 1.771098 -0.219971
v -0.569288 1.784807 -0.250462
v -0.600756 1.822262 -0.272783
v -0.418631 1.873426 -0.512514
v -0.409372 1.924590 -0.498362
v -0.384077 1.962045 -0.459701
v -0.356911 1.975754 -0.406888
v -0.357686 1.966188 -0.351607
v -0.357686 1.780665 -0.351607
v -0.356911 1.771098 -0.406888
v -0.384077 1.784807 -0.459701
v -0.409372 1.822262 -0.498363
v -0.418631 1.873426 0.583241
v -0.409372 1.924590 0.569090
v -0.384077 1.962045 0.530428
v -0.356911 1.975754 0.477616
v -0.357686 1.966188 0.422334
v -0.357686 1.780665 0.422334
v -0.356911 1.771098 0.477616
v -0.384077 1.784807 0.530428
v -0.409372 1.822262 0.569090
v -0.612274 1.873426 0.351681
v -0.600756 1.924590 0.343511
v -0.569288 1.962045 0.321189
v -0.528148 1.975754 0.290698
v -0.492388 1.966188 0.258781
v -0.492388 1.780665 0.258781
v -0.528148 1.771098 0.290698
v -0.569288 1.784807 0.321190
v -0.600756 1.822262 0.343511
v -0.098268 0.973938 -0.603008
v -0.117061 0.866102 -0.594202
v -0.030045 1.048332 -0.690276
v -0.051917 0.823295 -0.785372
v -0.030856 1.057972 -0.790128
v 0.048466 1.060859 -0.690276
v 0.079167 0.823295 -0.785372
v 0.054954 1.070498 -0.790128
v -0.058529 0.807207 -0.717833
v -0.038053 1.071142 -0.742131
v -0.066203 0.886624 -0.801637
v 0.013625 0.811812 -0.798230
v 0.003668 1.085454 -0.798863
v 0.093454 0.886624 -0.801637
v 0.089699 0.815282 -0.716045
v 0.058976 1.086559 -0.742131
v 0.001397 1.082780 -0.691707
v -0.093736 0.881667 -0.716458
v 0.013625 0.886155 -0.831962
v 0.119439 0.883382 -0.718183
v 0.012766 0.783722 -0.718770
v -0.009023 1.127975 -0.746010
v -0.056453 0.992573 -0.803785
v 0.084323 0.995785 -0.803785
v -0.080570 0.988186 -0.725346
v 0.012398 0.998593 -0.829874
v 0.105680 0.992041 -0.725346
v 0.081191 4.232669 0.248591
v 0.064723 4.194439 0.294153
v 0.079273 4.196651 0.202988
v 0.056371 4.222734 0.248740
v 0.110850 4.186122 0.253397
v -0.003566 4.182066 0.298656
v -0.037123 4.178510 0.253576
v 0.010086 4.184968 0.198130
v 0.011336 4.239290 0.249272
v 0.108670 0.710352 -0.314877
v 0.236856 0.741927 -0.360240
v 0.449189 1.937210 -0.168305
v 0.588298 1.891600 0.064347
v -0.000000 2.075994 0.907749
v 0.221906 0.707883 0.555458
v 0.093045 0.674145 0.509581
v 0.202418 1.929035 0.575835
v 0.000000 0.725556 0.665654
v -0.000244 0.742228 -0.486285
v 0.274463 1.860479 -0.296961
v 0.241283 1.666025 -0.354448
v 0.265476 1.468652 -0.393355
v 0.312550 1.269708 -0.450983
v 0.359101 1.057401 -0.472166
v 0.339960 0.874298 -0.461991
v 0.523951 1.858963 -0.109053
v 0.522508 1.664762 -0.204573
v 0.578362 1.468620 -0.210287
v 0.638373 1.271288 -0.231415
v 0.665268 1.073946 -0.241767
v 0.604671 0.877862 -0.231003
v 0.707171 1.469628 0.004420
v 0.767850 1.271288 0.012330
v 0.793244 1.074012 0.018441
v 0.728874 0.879379 0.018562
v 0.523054 1.662421 0.235892
v 0.578411 1.468429 0.261791
v 0.638373 1.271288 0.314859
v 0.665268 1.073946 0.351510
v 0.604671 0.877863 0.337471
v 0.282521 1.855598 0.448434
v 0.241631 1.665824 0.519532
v 0.265476 1.468652 0.569112
v 0.315486 1.271288 0.631322
v 0.343510 1.073924 0.675784
v 0.322096 0.876478 0.656604
v -0.000000 0.878375 0.785130
v 0.148411 0.790310 0.706132
v 0.167231 0.975242 0.774216
v 0.456136 0.783102 0.464110
v 0.502699 0.975264 0.530240
v 0.512169 1.172606 0.508506
v 0.455397 1.369970 0.455243
v 0.407689 1.567568 0.394267
v 0.395284 1.763033 0.340152
v 0.652860 0.786276 0.158721
v 0.738827 0.975747 0.178622
v 0.757518 1.172606 0.167523
v 0.703431 1.369970 0.140609
v 0.653663 1.548936 0.110654
v 0.652860 0.786276 -0.102388
v 0.738827 0.975747 -0.115498
v 0.757518 1.172606 -0.116267
v 0.703431 1.369970 -0.110465
v 0.653122 1.551043 -0.104929
v 0.456146 0.784245 -0.333158
v 0.502754 0.973806 -0.364900
v 0.510156 1.170400 -0.362354
v 0.455397 1.369970 -0.327345
v 0.407640 1.567760 -0.289746
v 0.393372 1.764165 -0.245466
v 0.141645 0.780604 -0.523773
v 0.204742 0.970864 -0.546611
v 0.146469 1.183141 -0.555963
v 0.136924 1.369970 -0.492328
v 0.116767 1.567334 -0.435834
v 0.117538 1.764623 -0.404423
v 0.194186 1.939890 -0.370155
v 0.166565 1.172606 0.751122
v 0.136924 1.369970 0.695362
v 0.116767 1.567334 0.633867
v 0.119451 1.762504 0.593893
v -0.000000 1.665984 -0.448109
v -0.000000 1.468652 -0.488928
v -0.000000 1.272841 -0.553047
v -0.000000 1.665695 0.646281
v 0.000000 1.468652 0.694259
v -0.000000 1.271288 0.757351
v 0.000000 1.073924 0.803257
v 0.000029 1.113145 -0.596711
v 0.000000 1.855188 0.624418
v 0.000000 1.862257 -0.421191
v 0.599702 0.019598 -0.115922
v 0.623711 0.021599 -0.060689
v 0.654658 0.076659 0.032655
v 0.620425 0.027309 0.108690
v 0.582698 0.076798 0.268189
v 0.395104 0.073451 0.369717
v 0.317777 0.021416 0.243992
v 0.559385 0.698422 0.284421
v 0.235203 0.079140 0.276940
v 0.184604 0.031588 0.126911
v 0.158286 0.084084 0.040834
v 0.184868 0.031374 -0.041711
v 0.240070 0.075276 -0.189846
v 0.414021 -0.004088 -0.300967
v 0.231204 0.673096 -0.198734
v 0.402018 0.070107 -0.293201
v 0.409021 0.226722 -0.297747
v 0.408591 0.355360 -0.285050
v 0.408057 0.511637 -0.275389
v 0.073073 0.633701 0.078771
v 0.563218 0.511669 -0.182721
v 0.564632 0.355360 -0.192035
v 0.569769 0.226744 -0.203399
v 0.559385 0.698422 -0.201109
v 0.652222 0.511735 0.037552
v 0.655810 0.355360 0.039299
v 0.667025 0.226887 0.040215
v 0.665985 0.699938 0.026518
v 0.563218 0.511669 0.259231
v 0.564632 0.355360 0.274589
v 0.569902 0.226889 0.292068
v 0.152188 0.666690 -0.093590
v 0.407879 0.511265 0.353963
v 0.408591 0.355360 0.368923
v 0.408783 0.226877 0.389112
v 0.246296 0.505686 0.262386
v 0.241978 0.355194 0.274589
v 0.234716 0.227101 0.290813
v 0.159637 0.610906 0.065278
v 0.175297 0.493533 0.039198
v 0.166284 0.354694 0.039299
v 0.154695 0.227254 0.040566
v 0.136563 0.633868 0.273062
v 0.247007 0.507177 -0.182446
v 0.241978 0.355194 -0.192035
v 0.234987 0.226886 -0.202056
v 0.322379 0.146566 -0.274126
v 0.318568 0.296204 -0.269095
v 0.323514 0.421933 -0.252566
v 0.315423 0.607640 -0.262496
v 0.176851 0.151980 -0.091673
v 0.179606 0.296204 -0.090492
v 0.193360 0.418271 -0.082624
v 0.191667 0.579367 -0.078334
v 0.176580 0.152195 0.175785
v 0.179606 0.296204 0.173321
v 0.193360 0.418271 0.159958
v 0.187761 0.571166 0.177886
v 0.317532 0.150362 0.363511
v 0.318568 0.296204 0.357968
v 0.323514 0.421933 0.331109
v 0.311339 0.599067 0.365172
v 0.492961 0.162655 0.366870
v 0.491946 0.296204 0.357968
v 0.489242 0.422099 0.331109
v 0.482830 0.608777 0.348833
v 0.636106 0.150435 0.176430
v 0.634669 0.296204 0.173321
v 0.623304 0.422099 0.159958
v 0.629878 0.609644 0.155847
v 0.633075 0.146894 -0.098725
v 0.634669 0.296204 -0.090492
v 0.623304 0.422099 -0.082624
v 0.629878 0.609644 -0.084535
v 0.493162 0.162730 -0.275373
v 0.491946 0.296204 -0.269095
v 0.489242 0.422099 -0.252566
v 0.483007 0.609150 -0.262995
v 0.239418 0.007162 0.044786
v 0.570986 0.015417 0.024500
v 0.414471 -0.003688 0.030693
v 0.492576 0.052867 0.046026
v 0.414021 -0.004088 0.030953
v -0.000000 0.656914 -0.164906
v 0.000000 0.640439 0.324624
v 0.214869 0.638784 0.361204
v 0.370832 0.696797 -0.339459
v 0.367905 0.688336 0.468851
v 0.524460 0.103438 0.338442
v 0.322152 0.016054 -0.164483
v 0.414471 -0.003688 -0.301227
v 0.393664 0.012619 -0.284985
v 0.449327 0.045975 -0.187601
v 0.448770 0.045387 0.269384
v 0.537151 0.048820 0.238564
v 0.460608 0.103423 0.377758
v 0.577991 0.073676 -0.190589
v 0.524862 0.104111 -0.246974
v 0.536567 0.049610 -0.150940
v 0.461381 0.103951 -0.285895
v 0.278940 2.006045 0.736568
v 0.631585 1.875898 -0.039369
v 0.576227 1.809646 -0.125074
v 0.670123 1.603140 0.056945
v 0.586510 1.698020 0.145552
v 0.584250 1.707373 -0.145566
v 0.667806 1.612170 -0.060307
v 0.572619 1.811246 0.134890
v 0.628033 1.877821 0.046730
v 0.591143 1.890055 -0.042920
v 0.607452 1.620578 -0.147688
v 0.609384 1.613043 0.148712
v 0.689639 1.641086 0.124217
v 0.677573 1.848197 -0.073894
v 0.656786 1.752696 -0.130827
v 0.721496 1.594259 0.017732
v 0.687884 1.647927 -0.089417
v 0.795938 1.744024 -0.109015
v 0.881977 1.743663 -0.108106
v 0.954991 1.743663 -0.107987
v 1.024274 1.743663 -0.105256
v 1.024274 1.642174 -0.063218
v 0.954991 1.640243 -0.065149
v 0.881977 1.640159 -0.065233
v 0.797182 1.640470 -0.066201
v 1.024274 1.600136 0.038271
v 0.954991 1.597405 0.038271
v 0.881977 1.597286 0.038271
v 0.798527 1.597165 0.037449
v 1.024274 1.642174 0.139760
v 0.954991 1.640243 0.141691
v 0.881977 1.640159 0.141775
v 0.797253 1.640196 0.141073
v 1.024274 1.743663 0.181798
v 0.954991 1.743663 0.184529
v 0.881977 1.743663 0.184648
v 0.795929 1.743970 0.184076
v 1.024274 1.845152 0.139760
v 0.954991 1.847083 0.141691
v 0.881977 1.847167 0.141775
v 0.796662 1.847267 0.140749
v 1.024274 1.887190 0.038271
v 0.954991 1.889921 0.038271
v 0.881977 1.890040 0.038271
v 0.797552 1.889962 0.037524
v 1.024274 1.845152 -0.063218
v 0.954991 1.847083 -0.065149
v 0.881977 1.847167 -0.065233
v 0.796770 1.847208 -0.065580
v 0.738523 1.801287 -0.101519
v 0.841455 1.799615 -0.096808
v 0.919610 1.799615 -0.096808
v 0.989579 1.799251 -0.095931
v 1.056901 1.797799 -0.092425
v 0.747749 1.878268 -0.021295
v 0.841455 1.878742 -0.017681
v 0.919610 1.878742 -0.017681
v 0.989579 1.877865 -0.017318
v 1.056901 1.874359 -0.015865
v 0.747157 1.878588 0.086307
v 0.841455 1.878742 0.094222
v 0.919610 1.878742 0.094222
v 0.989579 1.877865 0.093859
v 1.056901 1.874359 0.092407
v 0.737921 1.801553 0.166940
v 0.841455 1.799615 0.173350
v 0.919610 1.799615 0.173350
v 0.989579 1.799252 0.172473
v 1.056901 1.797799 0.168966
v 0.740237 1.689429 0.168717
v 0.841455 1.687711 0.173350
v 0.919610 1.687711 0.173350
v 0.989579 1.688075 0.172473
v 1.056901 1.689527 0.168966
v 0.754172 1.607677 0.088009
v 0.841455 1.608584 0.094222
v 0.919610 1.608584 0.094222
v 0.989579 1.609461 0.093859
v 1.056901 1.612967 0.092407
v 0.753786 1.609182 -0.024785
v 0.841455 1.608584 -0.017681
v 0.919610 1.608584 -0.017681
v 0.989579 1.609461 -0.017318
v 1.056901 1.612967 -0.015865
v 0.739860 1.690988 -0.104934
v 0.841455 1.687711 -0.096808
v 0.919610 1.687711 -0.096808
v 0.989579 1.688075 -0.095931
v 1.056901 1.689527 -0.092425
v 1.151442 1.645574 -0.058867
v 1.115741 1.690251 -0.090678
v 1.151642 1.743461 -0.099375
v 1.197283 1.688032 -0.085368
v 1.151063 1.605224 0.038978
v 1.115741 1.614715 -0.015141
v 1.194757 1.613207 -0.009528
v 1.150762 1.645574 0.136593
v 1.115741 1.614714 0.091683
v 1.191800 1.613207 0.096746
v 1.150686 1.743461 0.177009
v 1.115741 1.690251 0.167219
v 1.190236 1.688032 0.170590
v 1.150843 1.841407 0.136781
v 1.115741 1.797075 0.167219
v 1.190560 1.796118 0.171601
v 1.151206 1.881933 0.039044
v 1.115741 1.872612 0.091683
v 1.192762 1.872240 0.097897
v 1.151549 1.841407 -0.058851
v 1.115741 1.872612 -0.015141
v 1.195862 1.872240 -0.009317
v 1.115741 1.797075 -0.090678
v 1.197749 1.796118 -0.085297
v 1.085963 1.743663 -0.102407
v 1.085963 1.644189 -0.061204
v 1.085963 1.843137 -0.061204
v 1.085963 1.602985 0.038271
v 1.085963 1.644189 0.137745
v 1.085963 1.743663 0.178949
v 1.085963 1.843137 0.137745
v 1.085963 1.884341 0.038271
v 1.351436 1.669611 0.141119
v 1.363299 1.779003 0.143103
v 1.333112 1.827150 0.175055
v 1.232154 1.738592 0.193082
v 1.322652 1.623134 0.155574
v 1.412236 1.614403 0.020322
v 1.375597 1.621560 0.119538
v 1.242120 1.594811 0.055420
v 1.366449 1.629096 -0.039754
v 1.407494 1.788584 -0.084567
v 1.415131 1.681853 -0.071467
v 1.255513 1.738768 -0.092246
v 1.369836 1.836275 -0.071595
v 1.403047 1.826008 0.124638
v 1.355430 1.877723 -0.038329
v 1.253701 1.846198 -0.049637
v 1.278224 1.793813 0.191463
v 1.274552 1.673414 0.186325
v 1.313837 1.729027 0.173208
v 1.287538 1.596540 0.121173
v 1.234276 1.633402 0.153505
v 1.304194 1.598198 0.008996
v 1.353607 1.594400 0.075769
v 1.314195 1.675299 -0.077726
v 1.251035 1.633706 -0.049205
v 1.314990 1.796156 -0.080897
v 1.368485 1.733528 -0.091339
v 1.301733 1.887931 0.006298
v 1.236196 1.845721 0.158724
v 1.280547 1.884234 0.129828
v 1.370159 1.886029 0.086332
v 1.423654 1.671010 0.090925
v 1.346941 1.904035 0.050356
v 1.427557 1.793868 0.093496
v 1.390837 1.727446 0.109089
v 1.468511 1.644276 0.024146
v 1.364777 1.897828 0.002408
v 1.447222 1.647641 -0.025024
v 1.449917 1.635563 0.064665
v 1.344176 1.862230 0.186797
v 1.398220 1.861182 0.147483
v 1.311076 1.892341 0.144654
v 1.365120 1.891293 0.105340
v 1.377234 1.840728 0.163618
v 1.307416 1.867004 0.173218
v 1.397666 1.865526 0.110370
v 1.322280 1.896471 0.104317
v 1.360673 1.896773 0.201550
v 1.411874 1.895781 0.163802
v 1.329113 1.922876 0.158222
v 1.380313 1.921884 0.120474
v 1.391302 1.869704 0.194346
v 1.325369 1.891620 0.182551
v 1.338254 1.913578 0.121208
v 1.400360 1.890167 0.127360
v 1.396587 1.924812 0.194088
v 1.377018 1.937985 0.192532
v 1.352156 1.937585 0.194232
v 1.368212 1.918822 0.205791
v 1.415996 1.917897 0.170562
v 1.410170 1.936461 0.151460
v 1.401212 1.937516 0.174695
v 1.362677 1.950311 0.172756
v 1.362170 1.954257 0.146632
v 1.339843 1.942996 0.166678
v 1.387627 1.942070 0.131449
v 1.386871 1.949843 0.154918
v 1.339224 1.920482 0.193974
v 1.396775 1.904586 0.194958
v 1.413076 1.919052 0.139525
v 1.351947 1.942017 0.133336
v 1.439303 1.860094 -0.045507
v 1.460165 1.829015 -0.028543
v 1.471732 1.772311 -0.035101
v 1.471601 1.717034 -0.033711
v 1.465612 1.839406 0.065608
v 1.404851 1.877467 0.130758
v 1.426569 1.866395 0.075332
v 1.473487 1.712346 0.054909
v 1.411931 1.850177 0.066731
v 1.475114 1.773369 0.055615
v 1.482234 1.827631 0.022811
v 1.420985 1.866070 0.009815
v 1.490407 1.787956 0.018570
v 1.486670 1.701967 0.018834
v 1.486647 1.810019 0.060699
v 1.478595 1.803670 -0.022665
v 1.421294 1.835124 -0.065356
v 1.397412 1.876289 -0.034513
v 1.447137 1.740730 -0.071617
v 1.386153 1.890043 0.045953
v 1.473179 1.679218 -0.019944
v 1.478927 1.671798 0.059959
v 1.429086 1.854584 0.086874
v 1.451226 1.738126 0.076690
v 1.444888 1.860420 0.020010
v 1.471034 1.742948 0.006226
v 1.245318 1.889655 0.057254
v 0.674882 1.849654 0.116140
v 0.656552 1.751350 0.170350
v 0.697122 1.888099 0.019593
v 0.636883 2.240958 -0.640797
v 0.238495 2.222514 -0.716396
v 0.672216 3.592521 -0.667713
v 0.751443 3.243960 -0.770436
v 0.772415 2.714856 -0.732424
v 0.764043 2.337788 -0.645712
v 0.668663 3.581731 0.782721
v 0.739777 3.177225 0.808519
v 0.768719 2.722762 0.851200
v 0.764043 2.351115 0.925553
v 0.527655 3.756178 0.779555
v 0.193766 3.825648 0.842996
v 0.671236 3.699307 -0.526769
v 0.765469 3.773756 -0.185160
v 0.765469 3.800602 0.244700
v 0.671236 3.754271 0.629255
v 0.238495 2.203324 1.053232
v 0.636883 2.238063 0.975671
v 0.193766 3.740754 -0.739207
v 0.527655 3.686005 -0.667807
v 0.797904 2.205749 0.837356
v 0.879193 2.123129 0.373034
v 0.879193 2.128237 -0.174020
v 0.797904 2.204118 -0.505331
v 0.202918 3.959131 -0.404317
v 0.412226 3.976478 -0.195954
v 0.000000 4.049936 -0.208718
v 0.217750 4.080478 -0.043623
v 0.466184 4.019283 0.245693
v 0.151975 4.107260 0.185822
v 0.190233 4.048260 0.550309
v 0.381558 3.827451 -0.565642
v 0.000000 3.879416 -0.593281
v 0.000000 3.979033 0.698115
v 0.381019 3.924725 0.667475
v 0.574177 3.914326 0.466491
v 0.615984 3.917712 0.025901
v 0.573055 3.833912 -0.378315
v 0.415535 2.725990 1.074080
v 0.406317 3.177561 1.025372
v 0.213284 2.512928 1.154816
v 0.210890 2.951304 1.091821
v 0.202345 3.406850 1.047070
v -0.000000 2.721164 1.144408
v -0.000000 3.180858 1.092399
v 0.610820 2.523945 1.019417
v 0.599368 2.954646 0.943300
v 0.565897 3.393038 0.929614
v 0.380826 3.615203 0.932647
v 0.000000 3.638510 0.980452
v -0.000000 2.336668 1.147705
v 0.433704 2.352041 1.093572
v 0.488903 2.125608 -0.548576
v 0.710566 2.093710 -0.366064
v 0.710809 2.084916 0.674987
v 0.489147 2.114118 0.893839
v 0.418727 1.975136 0.526196
v 0.987319 2.662063 -0.415535
v 1.458104 3.377721 -0.586020
v 1.030610 2.402727 -0.205171
v 1.062650 2.888510 -0.293329
v 0.997757 3.572622 -0.217452
v 1.068797 2.649971 -0.036414
v 1.030610 2.401541 0.290739
v 1.036709 2.944508 0.175843
v 0.979504 3.450978 0.207914
v 0.983052 2.671559 0.482170
v 0.952926 3.185256 0.418115
v 0.889157 2.461053 -0.554384
v 0.922923 2.905018 -0.592102
v 0.851510 3.547324 -0.555526
v 0.836926 3.647524 -0.379432
v 0.920389 3.664023 0.012208
v 0.834184 3.615807 0.443400
v 0.823245 3.391473 0.639389
v 0.882668 2.945114 0.640480
v 0.889157 2.475290 0.753657
v 0.931120 2.262323 0.614975
v 0.996085 2.220761 0.052983
v 0.931120 2.262662 -0.368739
v -0.000000 2.755163 -1.015930
v -0.000000 3.179674 -1.018123
v 0.213284 2.554681 -0.939247
v 0.210890 2.966866 -1.017562
v 0.202345 3.385113 -0.947829
v 0.415535 2.750924 -0.944106
v 0.406317 3.185808 -0.947700
v -0.000000 3.582696 -0.874339
v 0.380826 3.569911 -0.821119
v 0.569000 3.419468 -0.822096
v 0.602327 2.971149 -0.873716
v 0.610820 2.528751 -0.808179
v 0.433704 2.376039 -0.800674
v -0.000000 2.370773 -0.855789
v 1.067532 3.251869 -0.023582
v 1.496955 3.352717 -0.579657
v 1.566417 3.359753 -0.528933
v 1.579628 3.337516 -0.502830
v 1.573877 3.379390 -0.480267
v 1.530248 3.332702 -0.561861
v 1.519271 3.377895 -0.555592
v 1.586963 3.358140 -0.462343
v 0.924173 3.123261 -0.677207
v 1.534483 3.300470 -0.535263
v 1.136323 3.052800 -0.282521
v 1.123952 3.500886 -0.162498
v 1.022804 3.510619 -0.409888
v 0.895938 3.428720 -0.654427
v 1.127502 3.386604 -0.599869
v 1.326180 3.372982 -0.593947
v 1.470522 3.311332 -0.593631
v 1.341681 3.241484 -0.593458
v 1.146407 3.201629 -0.602227
v 1.063524 3.020164 -0.456170
v 1.241836 3.130277 -0.485224
v 1.419867 3.210001 -0.518344
v 1.565912 3.317093 -0.475280
v 1.457342 3.226523 -0.475048
v 1.291646 3.153185 -0.416257
v 1.562290 3.383884 -0.425461
v 1.452105 3.413485 -0.356509
v 1.284636 3.440352 -0.278309
v 1.519203 3.402145 -0.512875
v 1.398470 3.427733 -0.484501
v 1.215627 3.447849 -0.445456
v 1.057973 3.459282 -0.538682
v 1.267144 3.416647 -0.543061
v 1.430499 3.408985 -0.557266
v 1.165716 3.477496 -0.305924
v 1.351279 3.438297 -0.377455
v 1.499490 3.417949 -0.432433
v 1.209537 3.273283 -0.305323
v 1.372678 3.275377 -0.407378
v 1.539966 3.339377 -0.430875
v 1.090079 3.113226 -0.559866
v 1.292288 3.173927 -0.546527
v 1.450821 3.258681 -0.568974
v 1.007822 3.298554 -0.654153
v 1.227868 3.291782 -0.606341
v 1.397807 3.326921 -0.609779
v 1.185367 3.091951 -0.402788
v 1.366585 3.174015 -0.470580
v 1.511393 3.260834 -0.502447
v 1.121887 3.283493 -0.197481
v 1.154899 3.174387 -0.262889
v 1.152541 3.387303 -0.220073
v 1.439820 3.261615 -0.455855
v 1.291311 3.209856 -0.386864
v 1.440143 3.334725 -0.405720
v 1.290375 3.338714 -0.322242
v 1.480286 3.315125 -0.446591
v 1.112051 3.126783 -0.188133
v 1.107558 3.426541 -0.128483
v 1.212015 3.139194 -0.340524
v 1.208374 3.429583 -0.229115
v 1.496733 3.281850 -0.463653
v 1.379996 3.205482 -0.444694
v 1.378981 3.383415 -0.327472
v 1.495985 3.365841 -0.402569
v 0.389938 4.068758 0.181220
v 0.000000 4.110084 0.530439
v 0.086804 4.124264 0.051647
v 0.396251 4.068216 0.098525
v 0.385205 4.054983 0.333248
v 0.085036 4.102555 0.404973
v 0.284378 4.193437 0.130322
v 0.327412 4.184164 0.154249
v 0.327478 4.184051 0.203564
v 0.184278 4.134405 0.118697
v 0.291578 4.198155 0.225684
v 0.294964 4.065380 0.407269
v 0.226052 4.181941 0.212462
v 0.144340 4.092492 0.418509
v 0.223814 4.187195 0.144676
v 0.314992 4.085484 0.039960
v 0.270455 4.227261 0.197037
v 0.317505 4.143641 0.109151
v 0.357793 4.134860 0.179299
v 0.317358 4.141123 0.249836
v 0.233477 4.149320 0.253659
v 0.194234 4.158448 0.175968
v 0.234503 4.157886 0.105655
v 0.269124 4.122379 0.080486
v 0.204058 4.109344 0.072786
v 0.272337 4.111705 0.281416
v 0.325604 4.070709 0.290564
v 0.160852 4.112714 0.035564
v 0.259673 4.222303 0.159033
v 0.240614 4.210447 0.177526
v 0.260199 4.187291 0.234465
v 0.362488 4.104194 0.122648
v 0.000000 4.110030 0.530180
v 0.000895 4.111703 0.437143
v 0.000000 4.110058 0.529678
v 0.359361 4.098488 0.237873
v 0.210241 4.088243 0.296404
v 0.326658 4.088377 0.074025
v 0.185996 4.126436 0.241460
v 0.409789 1.985982 -0.308217
v 0.524853 1.858411 0.150225
v 0.457446 1.931986 0.284633
v 0.613150 1.911587 0.009010
v 0.276334 2.019315 -0.452155
v -0.000000 2.089731 -0.590531
v 0.587378 2.004410 -0.193217
v 0.589984 1.997469 0.379233
v 0.744565 2.037076 0.068294
v 0.043311 1.824185 0.590512
v 0.041056 1.978836 0.591316
v 0.077603 1.943220 0.591286
v 0.079858 1.859802 0.590542
v 0.085918 1.802971 0.700977
v 0.086937 1.812563 0.623653
v 0.077512 1.978836 0.626772
v 0.077512 1.978836 0.706214
v 0.078248 1.943562 0.741633
v 0.078822 1.863585 0.746517
v 0.043734 1.824009 0.741084
v 0.041056 1.978836 0.741670
v -0.000000 1.946995 0.565044
v 0.044792 1.903499 0.565014
v 0.000000 1.860003 0.564984
v 0.106916 1.900020 0.622302
v 0.105172 1.946756 0.666422
v 0.110153 1.912725 0.707884
v 0.117294 1.843736 0.654034
v 0.045309 1.903613 0.768090
v 0.000000 1.946995 0.767942
v -0.000000 1.860003 0.767882
v 0.000000 1.794845 0.621779
v 0.053423 1.785797 0.663510
v 0.000000 1.794845 0.708451
v 0.000000 2.005108 0.623157
v -0.000000 2.005108 0.709829
v 0.044702 2.005108 0.666493
v 0.107417 1.816567 0.690505
v 0.115464 1.856356 0.708934
v 0.132430 1.885992 0.690550
v 0.124383 1.846203 0.672121
v 0.110228 1.815428 0.676978
v 0.096399 1.834610 0.717628
v 0.107566 1.886943 0.721132
v 0.123318 1.881168 0.679857
v 0.241365 1.743552 0.691783
v 0.250278 1.759148 0.699157
v 0.261249 1.771749 0.692924
v 0.252336 1.756153 0.685551
v 0.246937 1.789373 0.696738
v 0.160469 1.863506 0.668581
v 0.222492 1.746597 0.676514
v 0.125211 1.813526 0.694602
v 0.152687 1.867448 0.692221
v 0.209521 1.833966 0.689615
v 0.252603 1.786372 0.680153
v 0.218804 1.829151 0.662780
v 0.125483 1.805287 0.665661
v 0.170088 1.764442 0.656890
v 0.222514 1.751810 0.697248
v 0.170240 1.772966 0.690602
v 0.164392 1.822732 0.694570
v 0.212343 1.787584 0.698805
v 0.170567 1.813464 0.652770
v 0.217688 1.779806 0.663462
v 0.138261 1.774145 0.672397
v 0.189192 1.747074 0.679651
v 0.196698 1.862050 0.674942
v 0.240839 1.820316 0.682615
v 0.668781 1.899905 0.035364
v 0.656069 1.873426 -0.128340
v 0.609327 1.899905 -0.278863
v 0.643980 1.924590 -0.124111
v 0.644793 1.945768 0.035364
v 0.587081 1.945768 -0.263083
v 0.610950 1.962045 -0.112560
v 0.603244 1.972247 0.035364
v 0.548779 1.972247 -0.235751
v 0.566063 1.975754 -0.096779
v 0.554996 1.972765 0.035364
v 0.509576 1.972765 -0.204012
v 0.519989 1.966187 -0.080261
v 0.519989 1.780665 -0.080261
v 0.554996 1.774088 0.035364
v 0.509576 1.774088 -0.204012
v 0.566063 1.771098 -0.096779
v 0.603244 1.774606 0.035364
v 0.548779 1.774606 -0.235751
v 0.610950 1.784807 -0.112560
v 0.644793 1.801085 0.035364
v 0.587081 1.801085 -0.263083
v 0.643980 1.822262 -0.124111
v 0.668782 1.846947 0.035364
v 0.609327 1.846947 -0.278863
v 0.540688 1.873426 -0.411883
v 0.416262 1.899905 -0.508893
v 0.529716 1.924590 -0.400331
v 0.398379 1.945768 -0.481561
v 0.499741 1.962045 -0.368770
v 0.368329 1.972247 -0.434220
v 0.464104 1.975754 -0.325658
v 0.354528 1.972765 -0.379247
v 0.447797 1.966187 -0.280530
v 0.447797 1.780665 -0.280530
v 0.354528 1.774088 -0.379247
v 0.464104 1.771098 -0.325658
v 0.368329 1.774606 -0.434220
v 0.499741 1.784807 -0.368770
v 0.398379 1.801085 -0.481561
v 0.529716 1.822262 -0.400331
v 0.416262 1.846947 -0.508893
v 0.229027 1.873426 -0.575586
v 0.000000 1.899905 -0.593090
v 0.223717 1.924590 -0.559806
v 0.000000 1.945768 -0.561530
v 0.209210 1.962045 -0.516693
v 0.000000 1.972247 -0.506865
v 0.194473 1.975754 -0.457801
v 0.000000 1.972765 -0.443388
v 0.199129 1.966188 -0.396155
v 0.199129 1.780665 -0.396155
v 0.000000 1.774088 -0.443388
v 0.194473 1.771098 -0.457801
v 0.000000 1.774606 -0.506865
v 0.209210 1.784808 -0.516693
v 0.000000 1.801085 -0.561530
v 0.223717 1.822262 -0.559806
v 0.000000 1.846947 -0.593090
v 0.000000 1.899905 0.663817
v 0.000000 1.945768 0.632257
v -0.000000 1.972247 0.577593
v 0.000000 1.972765 0.514116
v 0.000000 1.774088 0.514116
v 0.000000 1.774606 0.577593
v -0.000000 1.801085 0.632257
v -0.000000 1.846947 0.663818
v 0.229027 1.873426 0.646314
v 0.416262 1.899905 0.579621
v 0.223717 1.924590 0.630533
v 0.398379 1.945768 0.552289
v 0.209210 1.962045 0.587421
v 0.368329 1.972247 0.504948
v 0.194473 1.975754 0.528528
v 0.354528 1.972765 0.449975
v 0.199129 1.966187 0.466883
v 0.199129 1.780665 0.466883
v 0.354528 1.774088 0.449975
v 0.194473 1.771098 0.528528
v 0.368329 1.774606 0.504948
v 0.209210 1.784808 0.587421
v 0.398379 1.801085 0.552289
v 0.223717 1.822262 0.630533
v 0.416262 1.846947 0.579621
v 0.540688 1.873426 0.482610
v 0.609327 1.899905 0.349591
v 0.529716 1.924590 0.471058
v 0.587081 1.945768 0.333810
v 0.499741 1.962045 0.439498
v 0.548779 1.972247 0.306478
v 0.464104 1.975754 0.396385
v 0.509576 1.972765 0.274740
v 0.447797 1.966187 0.351258
v 0.447797 1.780665 0.351258
v 0.509576 1.774088 0.274740
v 0.464104 1.771098 0.396385
v 0.548779 1.774606 0.306478
v 0.499741 1.784807 0.439498
v 0.587081 1.801085 0.333810
v 0.529716 1.822262 0.471058
v 0.609327 1.846947 0.349591
v 0.656069 1.873426 0.199067
v 0.643980 1.924590 0.194839
v 0.610950 1.962045 0.183287
v 0.566063 1.975754 0.167507
v 0.519989 1.966187 0.150989
v 0.519989 1.780665 0.150989
v 0.566063 1.771098 0.167507
v 0.610950 1.784807 0.183287
v 0.643980 1.822262 0.194839
v 0.070333 4.118881 0.346041
v 0.000474 4.129837 0.061291
v 0.076155 4.122710 0.106210
v 0.065811 1.017445 -0.610552
v 0.198239 1.045564 -0.549613
v 0.141711 1.087723 -0.570562
v 0.110012 0.916547 -0.605160
v 0.070255 0.811828 -0.609439
v 0.191281 0.830809 -0.540844
v 0.204125 0.905218 -0.546301
v 0.089284 4.124515 0.190470
v -0.108670 0.710352 -0.314877
v -0.236856 0.741927 -0.360240
v -0.449189 1.937210 -0.168305
v -0.588298 1.891601 0.064347
v -0.221906 0.707883 0.555458
v -0.093045 0.674145 0.509581
v -0.202418 1.929035 0.575835
v -0.274463 1.860479 -0.296961
v -0.241283 1.666025 -0.354448
v -0.265476 1.468652 -0.393355
v -0.312550 1.269708 -0.450983
v -0.359101 1.057401 -0.472166
v -0.339960 0.874298 -0.461991
v -0.523951 1.858963 -0.109053
v -0.522508 1.664762 -0.204573
v -0.578362 1.468620 -0.210287
v -0.638373 1.271288 -0.231415
v -0.665268 1.073946 -0.241767
v -0.604671 0.877862 -0.231003
v -0.707171 1.469628 0.004420
v -0.767850 1.271288 0.012330
v -0.793244 1.074012 0.018441
v -0.728874 0.879379 0.018562
v -0.523054 1.662421 0.235892
v -0.578411 1.468429 0.261791
v -0.638373 1.271288 0.314859
v -0.665268 1.073946 0.351510
v -0.604671 0.877863 0.337471
v -0.282521 1.855598 0.448434
v -0.241631 1.665824 0.519532
v -0.265476 1.468652 0.569112
v -0.315486 1.271288 0.631322
v -0.343510 1.073924 0.675784
v -0.322096 0.876478 0.656604
v -0.148412 0.790310 0.706132
v -0.167231 0.975242 0.774216
v -0.456136 0.783102 0.464110
v -0.502699 0.975264 0.530240
v -0.512169 1.172606 0.508506
v -0.455397 1.369970 0.455243
v -0.407689 1.567568 0.394267
v -0.395284 1.763033 0.340152
v -0.652860 0.786276 0.158721
v -0.738827 0.975748 0.178622
v -0.757518 1.172606 0.167523
v -0.703431 1.369970 0.140609
v -0.653663 1.548936 0.110654
v -0.652860 0.786276 -0.102388
v -0.738827 0.975748 -0.115498
v -0.757518 1.172606 -0.116267
v -0.703431 1.369970 -0.110465
v -0.653122 1.551043 -0.104929
v -0.456147 0.784245 -0.333158
v -0.502754 0.973806 -0.364900
v -0.510156 1.170400 -0.362354
v -0.455397 1.369970 -0.327345
v -0.407640 1.567759 -0.289746
v -0.393372 1.764165 -0.245466
v -0.142262 0.780800 -0.523773
v -0.204300 0.970739 -0.546611
v -0.146469 1.183142 -0.555963
v -0.136924 1.369970 -0.492328
v -0.116767 1.567334 -0.435834
v -0.117538 1.764623 -0.404423
v -0.194186 1.939890 -0.370155
v -0.166565 1.172606 0.751122
v -0.136924 1.369970 0.695362
v -0.116767 1.567334 0.633867
v -0.119451 1.762504 0.593893
v -0.599702 0.019598 -0.115922
v -0.623711 0.021599 -0.060689
v -0.654658 0.076659 0.032655
v -0.620425 0.027309 0.108690
v -0.582698 0.076798 0.268189
v -0.395104 0.073451 0.369717
v -0.317777 0.021416 0.243992
v -0.559385 0.698422 0.284421
v -0.235203 0.079140 0.276940
v -0.184604 0.031588 0.126911
v -0.158286 0.084084 0.040834
v -0.184868 0.031374 -0.041711
v -0.240070 0.075276 -0.189846
v -0.414021 -0.004088 -0.300967
v -0.231204 0.673096 -0.198734
v -0.402018 0.070107 -0.293201
v -0.409021 0.226722 -0.297747
v -0.408591 0.355360 -0.285050
v -0.408057 0.511637 -0.275389
v -0.073073 0.633701 0.078771
v -0.563218 0.511669 -0.182721
v -0.564632 0.355360 -0.192035
v -0.569769 0.226744 -0.203399
v -0.559385 0.698422 -0.201109
v -0.652222 0.511735 0.037552
v -0.655810 0.355360 0.039299
v -0.667024 0.226887 0.040215
v -0.665985 0.699938 0.026518
v -0.563218 0.511669 0.259231
v -0.564632 0.355360 0.274589
v -0.569902 0.226889 0.292068
v -0.152188 0.666690 -0.093590
v -0.407879 0.511265 0.353963
v -0.408591 0.355360 0.368923
v -0.408783 0.226877 0.389112
v -0.246296 0.505686 0.262386
v -0.241978 0.355194 0.274589
v -0.234716 0.227101 0.290813
v -0.159637 0.610906 0.065278
v -0.175297 0.493533 0.039198
v -0.166284 0.354694 0.039299
v -0.154695 0.227254 0.040566
v -0.136563 0.633868 0.273062
v -0.247007 0.507177 -0.182446
v -0.241978 0.355194 -0.192035
v -0.234987 0.226886 -0.202056
v -0.322379 0.146566 -0.274126
v -0.318568 0.296204 -0.269095
v -0.323514 0.421933 -0.252566
v -0.315423 0.607640 -0.262496
v -0.176851 0.151980 -0.091673
v -0.179606 0.296204 -0.090492
v -0.193360 0.418271 -0.082624
v -0.191667 0.579367 -0.078334
v -0.176580 0.152195 0.175785
v -0.179606 0.296204 0.173321
v -0.193360 0.418271 0.159958
v -0.187761 0.571166 0.177887
v -0.317532 0.150362 0.363511
v -0.318568 0.296204 0.357968
v -0.323514 0.421933 0.331109
v -0.311339 0.599067 0.365171
v -0.492961 0.162655 0.366870
v -0.491946 0.296204 0.357968
v -0.489242 0.422099 0.331109
v -0.482830 0.608777 0.348833
v -0.636106 0.150435 0.176430
v -0.634669 0.296204 0.173321
v -0.623305 0.422099 0.159958
v -0.629878 0.609644 0.155847
v -0.633075 0.146894 -0.098725
v -0.634669 0.296204 -0.090492
v -0.623304 0.422099 -0.082624
v -0.629878 0.609644 -0.084535
v -0.493162 0.162730 -0.275373
v -0.491946 0.296204 -0.269095
v -0.489242 0.422099 -0.252566
v -0.483007 0.609150 -0.262995
v -0.239418 0.007162 0.044786
v -0.570986 0.015417 0.024500
v -0.414471 -0.003688 0.030693
v -0.492576 0.052867 0.046026
v -0.414021 -0.004088 0.030953
v -0.214869 0.638784 0.361203
v -0.370832 0.696797 -0.339459
v -0.367905 0.688336 0.468851
v -0.524460 0.103438 0.338442
v -0.322152 0.016054 -0.164483
v -0.414471 -0.003688 -0.301227
v -0.393664 0.012619 -0.284985
v -0.449327 0.045975 -0.187601
v -0.448770 0.045387 0.269384
v -0.537151 0.048820 0.238564
v -0.460608 0.103423 0.377759
v -0.577991 0.073676 -0.190589
v -0.524863 0.104111 -0.246974
v -0.536567 0.049610 -0.150940
v -0.461381 0.103951 -0.285895
v -0.278940 2.006045 0.736568
v -0.631585 1.875898 -0.039369
v -0.576227 1.809646 -0.125074
v -0.670123 1.603140 0.056945
v -0.586510 1.698020 0.145552
v -0.584250 1.707374 -0.145566
v -0.667806 1.612170 -0.060307
v -0.572619 1.811246 0.134890
v -0.628033 1.877821 0.046730
v -0.591143 1.890055 -0.042920
v -0.607452 1.620578 -0.147688
v -0.609384 1.613043 0.148712
v -0.689639 1.641086 0.124217
v -0.677573 1.848197 -0.073894
v -0.656786 1.752696 -0.130827
v -0.721496 1.594259 0.017732
v -0.687884 1.647928 -0.089417
v -0.795939 1.744024 -0.109015
v -0.881977 1.743663 -0.108106
v -0.954991 1.743663 -0.107987
v -1.024274 1.743663 -0.105256
v -1.024274 1.642174 -0.063218
v -0.954991 1.640243 -0.065149
v -0.881976 1.640159 -0.065233
v -0.797182 1.640470 -0.066201
v -1.024274 1.600136 0.038271
v -0.954991 1.597405 0.038271
v -0.881977 1.597286 0.038271
v -0.798527 1.597165 0.037449
v -1.024274 1.642174 0.139760
v -0.954991 1.640243 0.141691
v -0.881977 1.640159 0.141775
v -0.797253 1.640196 0.141073
v -1.024274 1.743663 0.181798
v -0.954991 1.743663 0.184529
v -0.881977 1.743663 0.184648
v -0.795929 1.743970 0.184076
v -1.024274 1.845152 0.139760
v -0.954991 1.847083 0.141691
v -0.881977 1.847167 0.141775
v -0.796662 1.847267 0.140749
v -1.024274 1.887190 0.038271
v -0.954991 1.889921 0.038271
v -0.881977 1.890040 0.038271
v -0.797552 1.889962 0.037524
v -1.024274 1.845152 -0.063218
v -0.954991 1.847083 -0.065149
v -0.881977 1.847167 -0.065233
v -0.796770 1.847208 -0.065580
v -0.738523 1.801286 -0.101519
v -0.841455 1.799615 -0.096808
v -0.919610 1.799615 -0.096808
v -0.989579 1.799252 -0.095931
v -1.056901 1.797799 -0.092425
v -0.747749 1.878268 -0.021295
v -0.841455 1.878742 -0.017681
v -0.919610 1.878742 -0.017681
v -0.989579 1.877865 -0.017318
v -1.056901 1.874359 -0.015865
v -0.747157 1.878588 0.086307
v -0.841455 1.878742 0.094222
v -0.919610 1.878742 0.094222
v -0.989579 1.877865 0.093859
v -1.056901 1.874359 0.092407
v -0.737921 1.801553 0.166940
v -0.841455 1.799615 0.173350
v -0.919610 1.799615 0.173350
v -0.989579 1.799252 0.172473
v -1.056901 1.797799 0.168966
v -0.740237 1.689429 0.168717
v -0.841455 1.687712 0.173350
v -0.919610 1.687712 0.173350
v -0.989579 1.688075 0.172473
v -1.056901 1.689527 0.168966
v -0.754172 1.607677 0.088009
v -0.841455 1.608584 0.094222
v -0.919610 1.608584 0.094222
v -0.989579 1.609461 0.093859
v -1.056901 1.612967 0.092407
v -0.753786 1.609182 -0.024785
v -0.841455 1.608584 -0.017681
v -0.919610 1.608584 -0.017681
v -0.989579 1.609461 -0.017318
v -1.056901 1.612967 -0.015865
v -0.739860 1.690988 -0.104934
v -0.841455 1.687711 -0.096808
v -0.919610 1.687711 -0.096808
v -0.989579 1.688075 -0.095931
v -1.056901 1.689527 -0.092425
v -1.151442 1.645574 -0.058867
v -1.115741 1.690251 -0.090678
v -1.151642 1.743461 -0.099375
v -1.197283 1.688032 -0.085368
v -1.151063 1.605224 0.038978
v -1.115741 1.614715 -0.015141
v -1.194757 1.613207 -0.009528
v -1.150762 1.645574 0.136593
v -1.115741 1.614714 0.091683
v -1.191800 1.613207 0.096746
v -1.150686 1.743461 0.177009
v -1.115741 1.690251 0.167219
v -1.190236 1.688032 0.170590
v -1.150843 1.841407 0.136780
v -1.115741 1.797075 0.167219
v -1.190560 1.796119 0.171601
v -1.151206 1.881933 0.039044
v -1.115741 1.872612 0.091683
v -1.192763 1.872240 0.097897
v -1.151549 1.841407 -0.058851
v -1.115741 1.872612 -0.015141
v -1.195862 1.872240 -0.009317
v -1.115741 1.797075 -0.090678
v -1.197749 1.796118 -0.085297
v -1.085963 1.743663 -0.102407
v -1.085963 1.644189 -0.061204
v -1.085964 1.843137 -0.061204
v -1.085963 1.602985 0.038271
v -1.085963 1.644189 0.137745
v -1.085964 1.743663 0.178949
v -1.085964 1.843137 0.137745
v -1.085964 1.884341 0.038271
v -1.351436 1.669611 0.141119
v -1.363299 1.779003 0.143103
v -1.333112 1.827150 0.175055
v -1.232155 1.738592 0.193082
v -1.322652 1.623134 0.155574
v -1.412236 1.614403 0.020322
v -1.375597 1.621560 0.119538
v -1.242120 1.594811 0.055420
v -1.366449 1.629096 -0.039754
v -1.407494 1.788584 -0.084567
v -1.415131 1.681853 -0.071467
v -1.255513 1.738768 -0.092246
v -1.369836 1.836275 -0.071595
v -1.403047 1.826008 0.124638
v -1.355430 1.877723 -0.038329
v -1.253701 1.846198 -0.049637
v -1.278225 1.793813 0.191463
v -1.274552 1.673414 0.186325
v -1.313837 1.729027 0.173208
v -1.287538 1.596540 0.121173
v -1.234276 1.633402 0.153505
v -1.304194 1.598198 0.008996
v -1.353607 1.594400 0.075769
v -1.314196 1.675299 -0.077726
v -1.251035 1.633706 -0.049205
v -1.314990 1.796156 -0.080897
v -1.368485 1.733528 -0.091339
v -1.301733 1.887931 0.006298
v -1.236196 1.845721 0.158724
v -1.280547 1.884234 0.129828
v -1.370159 1.886028 0.086332
v -1.423654 1.671010 0.090925
v -1.346941 1.904035 0.050356
v -1.427557 1.793869 0.093496
v -1.390837 1.727446 0.109089
v -1.468511 1.644276 0.024146
v -1.364777 1.897828 0.002408
v -1.447222 1.647641 -0.025024
v -1.449918 1.635563 0.064665
v -1.344176 1.862230 0.186797
v -1.398220 1.861182 0.147483
v -1.311076 1.892341 0.144654
v -1.365120 1.891293 0.105340
v -1.377234 1.840728 0.163618
v -1.307416 1.867004 0.173218
v -1.397666 1.865526 0.110370
v -1.322280 1.896471 0.104317
v -1.360673 1.896773 0.201550
v -1.411874 1.895781 0.163802
v -1.329113 1.922876 0.158222
v -1.380314 1.921884 0.120474
v -1.391302 1.869704 0.194346
v -1.325369 1.891620 0.182551
v -1.338254 1.913578 0.121208
v -1.400360 1.890167 0.127360
v -1.396587 1.924812 0.194088
v -1.377018 1.937985 0.192532
v -1.352156 1.937585 0.194232
v -1.368212 1.918822 0.205791
v -1.415996 1.917897 0.170562
v -1.410170 1.936461 0.151460
v -1.401212 1.937516 0.174695
v -1.362677 1.950311 0.172756
v -1.362170 1.954257 0.146632
v -1.339844 1.942996 0.166678
v -1.387627 1.942070 0.131449
v -1.386871 1.949842 0.154918
v -1.339224 1.920483 0.193974
v -1.396775 1.904586 0.194958
v -1.413076 1.919052 0.139525
v -1.351947 1.942018 0.133336
v -1.439304 1.860094 -0.045507
v -1.460164 1.829015 -0.028543
v -1.471732 1.772311 -0.035101
v -1.471601 1.717034 -0.033711
v -1.465612 1.839406 0.065608
v -1.404851 1.877467 0.130758
v -1.426569 1.866395 0.075332
v -1.473487 1.712346 0.054909
v -1.411931 1.850177 0.066731
v -1.475114 1.773369 0.055615
v -1.482234 1.827631 0.022811
v -1.420985 1.866070 0.009815
v -1.490407 1.787956 0.018570
v -1.486670 1.701967 0.018834
v -1.486647 1.810019 0.060699
v -1.478595 1.803670 -0.022665
v -1.421295 1.835124 -0.065356
v -1.397412 1.876289 -0.034513
v -1.447137 1.740730 -0.071617
v -1.386153 1.890043 0.045953
v -1.473179 1.679218 -0.019944
v -1.478927 1.671798 0.059959
v -1.429085 1.854584 0.086874
v -1.451226 1.738126 0.076690
v -1.444888 1.860420 0.020010
v -1.471034 1.742948 0.006226
v -1.245319 1.889654 0.057254
v -0.674882 1.849654 0.116140
v -0.656552 1.751350 0.170350
v -0.697122 1.888099 0.019593
v -0.636883 2.240958 -0.640797
v -0.238495 2.222515 -0.716396
v -0.672216 3.592521 -0.667713
v -0.751443 3.243960 -0.770436
v -0.772415 2.714855 -0.732424
v -0.764043 2.337788 -0.645712
v -0.668663 3.581731 0.782721
v -0.739777 3.177225 0.808519
v -0.768719 2.722762 0.851200
v -0.764043 2.351115 0.925553
v -0.527655 3.756178 0.779555
v -0.193766 3.825648 0.842996
v -0.671236 3.699306 -0.526769
v -0.765469 3.773756 -0.185160
v -0.765469 3.800602 0.244700
v -0.671236 3.754271 0.629255
v -0.238495 2.203324 1.053232
v -0.636883 2.238063 0.975671
v -0.193766 3.740754 -0.739207
v -0.527655 3.686005 -0.667807
v -0.797904 2.205749 0.837356
v -0.879193 2.123129 0.373034
v -0.879193 2.128237 -0.174020
v -0.797904 2.204118 -0.505331
v -0.202918 3.959131 -0.404317
v -0.412226 3.976478 -0.195954
v -0.217750 4.080477 -0.043623
v -0.466184 4.019284 0.245693
v -0.151975 4.109082 0.185822
v -0.190233 4.048260 0.550309
v -0.381558 3.827451 -0.565642
v -0.381019 3.924725 0.667475
v -0.574177 3.914326 0.466491
v -0.615984 3.917712 0.025901
v -0.573055 3.833912 -0.378315
v -0.415535 2.725990 1.074080
v -0.406317 3.177561 1.025372
v -0.213284 2.512928 1.154816
v -0.210890 2.951304 1.091821
v -0.202345 3.406850 1.047070
v -0.610820 2.523945 1.019418
v -0.599368 2.954646 0.943299
v -0.565897 3.393038 0.929614
v -0.380826 3.615204 0.932647
v -0.433704 2.352041 1.093572
v -0.488903 2.125608 -0.548576
v -0.710566 2.093709 -0.366064
v -0.710809 2.084915 0.674987
v -0.489147 2.114118 0.893839
v -0.418727 1.975136 0.526196
v -0.987319 2.662063 -0.415535
v -1.458104 3.377721 -0.586020
v -1.030610 2.402727 -0.205171
v -1.062650 2.888510 -0.293329
v -0.997757 3.572622 -0.217452
v -1.068797 2.649971 -0.036414
v -1.030610 2.401541 0.290739
v -1.036709 2.944507 0.175843
v -0.979504 3.450978 0.207914
v -0.983052 2.671559 0.482170
v -0.952926 3.185256 0.418115
v -0.889157 2.461053 -0.554384
v -0.922923 2.905017 -0.592102
v -0.851510 3.547325 -0.555526
v -0.836926 3.647524 -0.379432
v -0.920389 3.664024 0.012208
v -0.834184 3.615808 0.443400
v -0.823245 3.391473 0.639389
v -0.882668 2.945114 0.640480
v -0.889157 2.475290 0.753657
v -0.931120 2.262323 0.614975
v -0.996085 2.220761 0.052983
v -0.931120 2.262662 -0.368739
v -0.213284 2.554681 -0.939247
v -0.210890 2.966867 -1.017562
v -0.202345 3.385113 -0.947829
v -0.415535 2.750924 -0.944106
v -0.406317 3.185808 -0.947700
v -0.380826 3.569911 -0.821119
v -0.569000 3.419468 -0.822096
v -0.602327 2.971149 -0.873716
v -0.610820 2.528752 -0.808179
v -0.433704 2.376039 -0.800674
v -1.067532 3.251869 -0.023582
v -1.496955 3.352716 -0.579657
v -1.566417 3.359753 -0.528933
v -1.579628 3.337516 -0.502830
v -1.573877 3.379390 -0.480267
v -1.530248 3.332703 -0.561861
v -1.519271 3.377894 -0.555592
v -1.586963 3.358140 -0.462343
v -0.924173 3.123261 -0.677207
v -1.534483 3.300470 -0.535263
v -1.136323 3.052800 -0.282521
v -1.123952 3.500886 -0.162498
v -1.022804 3.510619 -0.409888
v -0.895938 3.428720 -0.654427
v -1.127502 3.386603 -0.599869
v -1.326180 3.372982 -0.593947
v -1.470522 3.311332 -0.593631
v -1.341681 3.241484 -0.593458
v -1.146407 3.201629 -0.602227
v -1.063524 3.020164 -0.456170
v -1.241836 3.130277 -0.485224
v -1.419867 3.210001 -0.518344
v -1.565913 3.317093 -0.475280
v -1.457342 3.226523 -0.475048
v -1.291646 3.153185 -0.416257
v -1.562290 3.383884 -0.425461
v -1.452105 3.413485 -0.356508
v -1.284636 3.440352 -0.278309
v -1.519203 3.402145 -0.512875
v -1.398470 3.427732 -0.484501
v -1.215627 3.447849 -0.445456
v -1.057973 3.459282 -0.538682
v -1.267144 3.416647 -0.543061
v -1.430499 3.408985 -0.557266
v -1.165716 3.477496 -0.305924
v -1.351279 3.438297 -0.377454
v -1.499490 3.417948 -0.432433
v -1.209537 3.273283 -0.305323
v -1.372677 3.275377 -0.407378
v -1.539966 3.339377 -0.430875
v -1.090079 3.113226 -0.559866
v -1.292288 3.173927 -0.546527
v -1.450821 3.258681 -0.568974
v -1.007821 3.298554 -0.654153
v -1.227868 3.291782 -0.606341
v -1.397807 3.326921 -0.609779
v -1.185367 3.091952 -0.402788
v -1.366585 3.174015 -0.470580
v -1.511393 3.260834 -0.502447
v -1.121887 3.283493 -0.197481
v -1.154899 3.174387 -0.262889
v -1.152541 3.387302 -0.220073
v -1.439820 3.261615 -0.455855
v -1.291311 3.209856 -0.386864
v -1.440144 3.334724 -0.405720
v -1.290375 3.338715 -0.322242
v -1.480286 3.315125 -0.446591
v -1.112051 3.126783 -0.188133
v -1.107558 3.426541 -0.128483
v -1.212015 3.139193 -0.340524
v -1.208374 3.429583 -0.229115
v -1.496733 3.281850 -0.463653
v -1.379996 3.205482 -0.444694
v -1.378981 3.383414 -0.327472
v -1.495985 3.365841 -0.402569
v -0.389938 4.068758 0.181220
v -0.086804 4.124326 0.051647
v -0.396251 4.068216 0.098525
v -0.385205 4.054983 0.333248
v -0.084751 4.103851 0.404973
v -0.284378 4.193437 0.130322
v -0.327412 4.184163 0.154249
v -0.327478 4.184051 0.203564
v -0.184278 4.134734 0.118697
v -0.291578 4.198159 0.225684
v -0.294964 4.065442 0.407269
v -0.226052 4.181993 0.212462
v -0.144340 4.092921 0.418509
v -0.223814 4.187208 0.144676
v -0.314992 4.085484 0.039960
v -0.270455 4.227261 0.197037
v -0.317505 4.143641 0.109151
v -0.357793 4.134860 0.179299
v -0.317358 4.141134 0.249836
v -0.233477 4.149621 0.253659
v -0.194234 4.158751 0.175968
v -0.234503 4.157900 0.105655
v -0.269124 4.122379 0.080486
v -0.204058 4.109424 0.072786
v -0.272337 4.112033 0.281416
v -0.325604 4.070788 0.290564
v -0.160852 4.112713 0.035564
v -0.259673 4.222303 0.159033
v -0.240614 4.210448 0.177526
v -0.260199 4.187302 0.234465
v -0.362488 4.104194 0.122648
v -0.359361 4.098488 0.237873
v -0.210241 4.090065 0.296404
v -0.326658 4.088377 0.074025
v -0.185996 4.127757 0.241460
v -0.409789 1.985982 -0.308217
v -0.524853 1.858411 0.150225
v -0.457446 1.931986 0.284633
v -0.613150 1.911587 0.009010
v -0.276334 2.019315 -0.452155
v -0.587378 2.004410 -0.193217
v -0.589984 1.997469 0.379233
v -0.744565 2.037076 0.068294
v -0.043311 1.824185 0.590512
v -0.041056 1.978836 0.591316
v -0.077603 1.943220 0.591286
v -0.079858 1.859802 0.590542
v -0.085918 1.802971 0.700977
v -0.086937 1.812563 0.623653
v -0.077512 1.978836 0.626772
v -0.077512 1.978836 0.706214
v -0.078248 1.943562 0.741633
v -0.078822 1.863585 0.746517
v -0.043734 1.824009 0.741084
v -0.041056 1.978836 0.741670
v -0.044792 1.903499 0.565014
v -0.106916 1.900020 0.622302
v -0.105172 1.946756 0.666422
v -0.110153 1.912725 0.707884
v -0.117294 1.843736 0.654034
v -0.045309 1.903613 0.768090
v -0.053423 1.785797 0.663509
v -0.044702 2.005108 0.666493
v -0.107417 1.816567 0.690505
v -0.115464 1.856356 0.708934
v -0.132430 1.885992 0.690550
v -0.124383 1.846203 0.672121
v -0.110228 1.815428 0.676978
v -0.096399 1.834610 0.717628
v -0.107566 1.886943 0.721131
v -0.123318 1.881168 0.679857
v -0.241365 1.743552 0.691783
v -0.250278 1.759148 0.699157
v -0.261249 1.771749 0.692924
v -0.252336 1.756153 0.685551
v -0.246937 1.789373 0.696738
v -0.160469 1.863506 0.668581
v -0.222492 1.746597 0.676514
v -0.125211 1.813526 0.694602
v -0.152687 1.867448 0.692221
v -0.209521 1.833966 0.689615
v -0.252603 1.786372 0.680153
v -0.218804 1.829152 0.662780
v -0.125483 1.805287 0.665661
v -0.170088 1.764442 0.656890
v -0.222514 1.751810 0.697248
v -0.170240 1.772966 0.690602
v -0.164392 1.822732 0.694570
v -0.212343 1.787584 0.698805
v -0.170567 1.813464 0.652770
v -0.217688 1.779806 0.663462
v -0.138261 1.774145 0.672397
v -0.189192 1.747074 0.679651
v -0.196698 1.862050 0.674942
v -0.240839 1.820316 0.682615
v -0.668782 1.899905 0.035364
v -0.656069 1.873426 -0.128340
v -0.609327 1.899905 -0.278863
v -0.643980 1.924590 -0.124111
v -0.644793 1.945768 0.035364
v -0.587080 1.945768 -0.263083
v -0.610950 1.962045 -0.112560
v -0.603244 1.972247 0.035364
v -0.548779 1.972247 -0.235751
v -0.566063 1.975754 -0.096779
v -0.554996 1.972765 0.035364
v -0.509576 1.972765 -0.204012
v -0.519989 1.966187 -0.080261
v -0.519989 1.780665 -0.080261
v -0.554996 1.774088 0.035364
v -0.509576 1.774088 -0.204012
v -0.566063 1.771098 -0.096779
v -0.603244 1.774606 0.035364
v -0.548779 1.774606 -0.235751
v -0.610950 1.784807 -0.112560
v -0.644793 1.801084 0.035364
v -0.587081 1.801084 -0.263083
v -0.643980 1.822262 -0.124111
v -0.668782 1.846947 0.035364
v -0.609327 1.846947 -0.278863
v -0.540688 1.873426 -0.411883
v -0.416262 1.899905 -0.508893
v -0.529716 1.924590 -0.400331
v -0.398379 1.945768 -0.481561
v -0.499741 1.962045 -0.368770
v -0.368329 1.972247 -0.434220
v -0.464104 1.975754 -0.325658
v -0.354528 1.972765 -0.379247
v -0.447797 1.966187 -0.280530
v -0.447797 1.780665 -0.280530
v -0.354528 1.774088 -0.379247
v -0.464104 1.771098 -0.325658
v -0.368329 1.774606 -0.434220
v -0.499741 1.784807 -0.368770
v -0.398379 1.801084 -0.481561
v -0.529716 1.822262 -0.400331
v -0.416262 1.846947 -0.508893
v -0.229027 1.873426 -0.575586
v -0.223717 1.924590 -0.559806
v -0.209210 1.962045 -0.516693
v -0.194473 1.975754 -0.457801
v -0.199129 1.966188 -0.396155
v -0.199129 1.780665 -0.396155
v -0.194473 1.771098 -0.457801
v -0.209210 1.784808 -0.516693
v -0.223717 1.822262 -0.559806
v -0.229027 1.873426 0.646314
v -0.416262 1.899905 0.579621
v -0.223717 1.924590 0.630533
v -0.398379 1.945768 0.552289
v -0.209210 1.962045 0.587421
v -0.368329 1.972247 0.504948
v -0.194473 1.975754 0.528528
v -0.354528 1.972765 0.449975
v -0.199129 1.966187 0.466883
v -0.199129 1.780665 0.466883
v -0.354528 1.774088 0.449975
v -0.194473 1.771098 0.528528
v -0.368329 1.774606 0.504948
v -0.209210 1.784808 0.587421
v -0.398379 1.801084 0.552289
v -0.223717 1.822262 0.630533
v -0.416262 1.846947 0.579621
v -0.540688 1.873426 0.482610
v -0.609327 1.899905 0.349591
v -0.529716 1.924590 0.471058
v -0.587081 1.945768 0.333810
v -0.499741 1.962045 0.439498
v -0.548779 1.972247 0.306478
v -0.464104 1.975754 0.396385
v -0.509576 1.972765 0.274740
v -0.447797 1.966187 0.351258
v -0.447797 1.780665 0.351258
v -0.509576 1.774088 0.274740
v -0.464104 1.771098 0.396385
v -0.548779 1.774606 0.306478
v -0.499741 1.784807 0.439498
v -0.587081 1.801084 0.333810
v -0.529716 1.822262 0.471058
v -0.609327 1.846947 0.349591
v -0.656069 1.873426 0.199067
v -0.643980 1.924590 0.194839
v -0.610950 1.962045 0.183287
v -0.566063 1.975754 0.167507
v -0.519989 1.966187 0.150989
v -0.519989 1.780665 0.150989
v -0.566063 1.771098 0.167507
v -0.610950 1.784807 0.183287
v -0.643980 1.822262 0.194839
v -0.057589 4.118617 0.346047
v -0.074843 4.123100 0.106210
v -0.062700 1.015754 -0.610552
v -0.197826 1.045399 -0.549613
v -0.141588 1.087683 -0.570562
v -0.106392 0.916709 -0.604314
v -0.076624 0.820275 -0.608571
v -0.192192 0.831480 -0.540106
v -0.204812 0.905693 -0.545562
v -0.073688 4.124341 0.190476
v 0.106828 0.876482 -0.665959
v 0.085585 0.827943 -0.666496
v -0.044273 1.014271 -0.661568
v -0.059994 0.815000 -0.758891
v -0.034604 1.061697 -0.713343
v -0.035228 1.066767 -0.770535
v -0.064985 0.939890 -0.804873
v -0.060954 0.846153 -0.794656
v 0.052935 0.815576 -0.794230
v -0.025685 0.815576 -0.794230
v -0.017122 1.073073 -0.796214
v 0.031789 1.081758 -0.796214
v 0.092312 0.940291 -0.804873
v 0.088204 0.846153 -0.794656
v 0.087734 0.816010 -0.758667
v 0.058444 1.081676 -0.770535
v 0.055292 1.076606 -0.713343
v -0.087631 0.873133 -0.660055
v 0.027524 1.076691 -0.691508
v -0.017610 1.068006 -0.691508
v -0.093217 0.934988 -0.719422
v -0.088543 0.885829 -0.764733
v -0.081538 0.838421 -0.715780
v -0.029969 0.886389 -0.824325
v 0.013472 0.941638 -0.834669
v 0.057219 0.886390 -0.824325
v 0.013625 0.842695 -0.820782
v 0.115600 0.886043 -0.764949
v 0.116600 0.935684 -0.719638
v 0.112174 0.843602 -0.719088
v 0.013518 0.792025 -0.762585
v 0.054163 0.794157 -0.715846
v -0.040881 0.800067 -0.671196
v -0.026714 0.788337 -0.721083
v -0.004571 1.115510 -0.773359
v -0.025470 1.107791 -0.745525
v -0.004855 1.115176 -0.720311
v 0.022637 1.118390 -0.745525
v -0.041864 1.032358 -0.797963
v 0.069938 1.041445 -0.797963
v -0.058800 1.032249 -0.734214
v 0.009466 1.046564 -0.817959
v 0.086987 1.043330 -0.734214
v 0.002617 1.045045 -0.655395
v 0.009851 0.785903 -0.671313
v 0.103562 0.996549 -0.770479
v 0.051572 0.997442 -0.823486
v -0.025623 0.995596 -0.823486
v -0.075269 0.992775 -0.770479
v -0.069964 4.142394 0.262656
v 0.048260 4.154246 0.321538
v 0.086501 4.221816 0.226557
v 0.078176 4.220985 0.270825
v 0.067506 4.229675 0.248600
v 0.099243 4.218455 0.249183
v 0.096119 4.185561 0.280895
v 0.066878 4.216681 0.226673
v 0.104075 4.187270 0.221981
v 0.058489 4.215869 0.270834
v -0.021242 4.179815 0.221717
v -0.029040 4.178035 0.281375
v 0.044470 4.188838 0.190599
v 0.027823 4.185790 0.304295
v 0.045304 4.223402 0.221045
v 0.034709 4.222362 0.277078
v 0.000014 4.215666 0.277532
v 0.010385 4.216796 0.220648
v -0.017385 4.214173 0.249643
v 0.038195 4.232077 0.249018
v -0.006813 4.151049 0.321744
v 0.002602 4.156785 0.172103
v 0.058738 4.159914 0.172372
v 0.114652 4.146759 0.262617
v -0.076628 0.973714 -0.670749
v 0.093605 0.977332 -0.670749
v 0.060300 1.023202 -0.661568
v 0.138025 1.860671 -0.382015
v 0.411104 1.859680 -0.196168
v 0.416762 1.856917 0.291049
v 0.120433 0.723469 0.635384
v 0.161487 0.877943 0.752247
v 0.475161 0.877158 0.509012
v 0.517190 1.073927 0.527126
v 0.487531 1.271288 0.484002
v 0.428443 1.468731 0.422954
v 0.391528 1.665508 0.375193
v 0.694906 0.878810 0.169566
v 0.760426 1.073987 0.176971
v 0.734919 1.271288 0.155134
v 0.674172 1.467072 0.124347
v 0.645086 1.588068 0.106511
v 0.694906 0.878810 -0.110447
v 0.760426 1.073987 -0.117152
v 0.734919 1.271288 -0.113877
v 0.674116 1.467291 -0.106655
v 0.643440 1.594486 -0.107352
v 0.476930 0.876968 -0.354398
v 0.518462 1.071948 -0.366035
v 0.486892 1.270813 -0.346803
v 0.428434 1.468768 -0.307245
v 0.391242 1.665889 -0.275528
v 0.130397 0.748086 -0.441274
v 0.131753 0.807079 -0.562520
v 0.151127 1.272320 -0.524498
v 0.124690 1.468652 -0.460946
v 0.112831 1.666007 -0.420243
v 0.113070 1.665742 0.614000
v 0.124690 1.468652 0.662580
v 0.153284 1.271288 0.725341
v 0.170207 1.073924 0.770706
v 0.251362 1.027593 -0.527312
v 0.143589 1.854264 0.570722
v 0.466341 0.697945 -0.294281
v 0.634475 0.699370 -0.092584
v 0.634475 0.699370 0.155050
v 0.466120 0.696904 0.400354
v 0.282036 0.665867 0.450406
v 0.171652 0.614777 0.221688
v 0.182883 0.638357 -0.076757
v 0.293488 0.690525 -0.296264
v 0.335682 0.060535 -0.267449
v 0.318170 0.226443 -0.272883
v 0.321178 0.355339 -0.260830
v 0.322949 0.511065 -0.250708
v 0.179202 0.081323 -0.084558
v 0.176535 0.227173 -0.092115
v 0.186779 0.354882 -0.086558
v 0.194691 0.498833 -0.080612
v 0.178593 0.081806 0.168718
v 0.176501 0.227200 0.176135
v 0.186779 0.354882 0.166640
v 0.194203 0.497808 0.159693
v 0.316127 0.076804 0.344568
v 0.317570 0.226912 0.363760
v 0.321178 0.355339 0.344539
v 0.322438 0.509993 0.330331
v 0.492759 0.228170 0.364181
v 0.490257 0.355360 0.344539
v 0.489112 0.511602 0.328289
v 0.632492 0.078238 0.165004
v 0.637362 0.226921 0.176397
v 0.628033 0.355360 0.166639
v 0.625333 0.511710 0.156938
v 0.622890 0.062673 -0.106868
v 0.636989 0.226483 -0.093160
v 0.628033 0.355360 -0.086558
v 0.625333 0.511710 -0.081387
v 0.492786 0.228162 -0.273059
v 0.490257 0.355360 -0.260831
v 0.489134 0.511649 -0.250771
v 0.194864 0.013211 0.043319
v 0.318981 0.003002 0.043053
v 0.603584 0.007974 -0.017493
v 0.533203 0.037692 0.043275
v 0.452534 0.034763 0.043435
v 0.086531 0.664552 -0.137582
v 0.075788 0.639897 0.310605
v 0.437674 0.073236 0.371041
v 0.410902 -0.001228 -0.307223
v 0.493373 0.124424 -0.274661
v 0.547072 0.074441 0.309682
v 0.492888 0.123908 0.366497
v 0.546617 0.074854 -0.220450
v 0.438973 0.073302 -0.283295
v 0.613279 1.899635 -0.021957
v 0.566850 1.858077 0.105728
v 0.610884 1.900932 0.037916
v 0.569106 1.856913 -0.084873
v 0.577605 1.662145 -0.167719
v 0.579237 1.655647 0.172484
v 1.085963 1.797436 -0.091549
v 1.085963 1.613843 0.092044
v 1.085963 1.689890 0.168090
v 1.085963 1.797436 0.168090
v 1.085963 1.873483 0.092044
v 1.085963 1.873483 -0.015502
v 1.085963 1.689890 -0.091549
v 1.085963 1.613843 -0.015502
v 0.614644 1.749414 0.001725
v 0.662733 1.804839 -0.111530
v 0.796176 1.799824 -0.097397
v 0.881977 1.799615 -0.096808
v 0.954991 1.799569 -0.096699
v 1.024274 1.798525 -0.094178
v 0.691565 1.877261 -0.028977
v 0.797330 1.878682 -0.018133
v 0.881977 1.878742 -0.017681
v 0.954991 1.878632 -0.017635
v 1.024274 1.876112 -0.016591
v 0.689715 1.878262 0.069487
v 0.797256 1.878723 0.093233
v 0.881977 1.878742 0.094222
v 0.954991 1.878632 0.094177
v 1.024274 1.876112 0.093133
v 0.660853 1.805673 0.153319
v 0.796101 1.799857 0.172548
v 0.881977 1.799614 0.173350
v 0.954991 1.799569 0.173240
v 1.024274 1.798525 0.170720
v 0.668089 1.693080 0.158872
v 0.796391 1.687926 0.172771
v 0.881977 1.687711 0.173350
v 0.954991 1.687757 0.173240
v 1.024274 1.688801 0.170720
v 0.711637 1.605748 0.074807
v 0.798132 1.608471 0.093446
v 0.881977 1.608584 0.094222
v 0.954991 1.608694 0.094177
v 1.024274 1.611214 0.093133
v 0.710430 1.610452 -0.039882
v 0.798084 1.608659 -0.018569
v 0.881977 1.608584 -0.017681
v 0.954991 1.608694 -0.017635
v 1.024274 1.611214 -0.016591
v 0.666911 1.697952 -0.122203
v 0.796344 1.688121 -0.097824
v 0.881977 1.687711 -0.096808
v 0.954991 1.687757 -0.096699
v 1.024274 1.688801 -0.094178
v 1.151575 1.690514 -0.088708
v 1.151259 1.615832 -0.013899
v 1.150890 1.615832 0.091775
v 1.150694 1.690514 0.166335
v 1.150735 1.796415 0.166461
v 1.151010 1.871259 0.091919
v 1.151397 1.871259 -0.013873
v 1.151633 1.796415 -0.088699
v 1.322407 1.784730 0.174029
v 1.233609 1.796395 0.185291
v 1.232374 1.680984 0.182183
v 1.314370 1.669867 0.169606
v 1.337919 1.599494 0.123940
v 1.237711 1.604292 0.109287
v 1.246817 1.604500 -0.000685
v 1.362011 1.602675 0.015835
v 1.369020 1.675698 -0.076382
v 1.254066 1.681219 -0.081018
v 1.255337 1.796690 -0.081225
v 1.365592 1.791300 -0.086272
v 1.446907 1.627003 0.022545
v 1.249350 1.878248 -0.000472
v 1.239428 1.877820 0.113136
v 1.352319 1.879342 0.194705
v 1.388063 1.668246 0.113284
v 1.391898 1.885994 0.004115
v 1.338665 1.897014 0.004934
v 1.398233 1.783442 0.114116
v 1.453133 1.691788 -0.055094
v 1.389080 1.885905 0.074309
v 1.394747 1.860557 -0.057443
v 1.449759 1.795575 -0.061609
v 1.459398 1.803879 0.080260
v 1.482722 1.672881 0.023172
v 1.457688 1.681688 0.076933
v 1.339662 1.849025 0.179236
v 1.400171 1.847892 0.136150
v 1.301258 1.886991 0.139285
v 1.363733 1.886135 0.096957
v 1.372152 1.905321 0.113412
v 1.403875 1.878343 0.156761
v 1.320596 1.906320 0.151356
v 1.415718 1.908217 0.167517
v 1.334550 1.934882 0.163091
v 1.385323 1.933898 0.125657
v 1.382515 1.945840 0.174449
v 1.372213 1.928666 0.202547
v 1.411962 1.927896 0.173242
v 1.348633 1.948843 0.170033
v 1.388382 1.948073 0.140727
v 1.364945 1.909201 0.204950
v 1.413793 1.864833 0.070694
v 1.491142 1.808871 0.022284
v 1.433078 1.863400 0.014277
v 1.465508 1.843044 0.021329
v 1.479002 1.766259 0.010992
v 1.477975 1.722819 0.011025
v 0.209700 4.030664 -0.207808
v 0.543199 3.769217 -0.540754
v 0.196633 3.865819 -0.585482
v 0.195417 3.962597 0.691162
v 0.543136 3.859141 0.644219
v 0.607229 3.928200 0.251781
v 0.601799 3.883622 -0.187340
v 0.210971 2.722456 1.127694
v 0.207862 3.179448 1.075900
v 0.619356 2.359945 1.021462
v 0.605899 2.729385 0.980342
v 0.586259 3.177566 0.938327
v 0.541218 3.594772 0.876069
v 0.196512 3.631768 0.967745
v 0.222858 2.341668 1.134945
v 0.257163 2.102879 -0.579131
v 0.673029 2.154247 -0.519035
v 0.737789 2.055480 -0.177404
v 0.738067 2.049294 0.381922
v 0.673075 2.148265 0.869417
v 0.257441 2.089282 0.908278
v 1.047007 2.648689 -0.242585
v 1.043990 2.654721 0.224414
v 0.863367 2.300199 -0.523094
v 0.897835 2.685146 -0.581096
v 1.555632 3.303662 -0.505476
v 0.765181 3.621573 -0.539911
v 0.894510 3.665168 -0.193025
v 0.892424 3.643059 0.230278
v 0.761771 3.592682 0.634565
v 0.861238 3.176063 0.632044
v 0.893046 2.699256 0.689440
v 0.863367 2.310316 0.802654
v 0.977868 2.230484 0.342480
v 0.977868 2.233612 -0.182744
v 0.210971 2.755379 -0.997974
v 0.207862 3.179144 -1.000456
v 0.196512 3.576914 -0.860507
v 0.541968 3.574418 -0.758273
v 0.588139 3.208827 -0.863667
v 0.606613 2.736663 -0.854842
v 0.619356 2.362954 -0.735862
v 0.222858 2.374742 -0.841501
v 1.019719 3.214332 0.183802
v 1.454544 3.343338 -0.598847
v 1.534532 3.357472 -0.557391
v 1.585496 3.360652 -0.494030
v 1.501892 3.299850 -0.568476
v 1.569592 3.350400 -0.440342
v 1.546099 3.399684 -0.458615
v 1.484620 3.396478 -0.557277
v 0.952050 3.494926 -0.549010
v 1.165104 3.432635 -0.537287
v 1.357047 3.412311 -0.551407
v 1.082430 3.515038 -0.261744
v 1.258297 3.452912 -0.344340
v 1.433162 3.429369 -0.406117
v 1.154420 3.280466 -0.250204
v 1.289433 3.269288 -0.360521
v 1.436941 3.294442 -0.437331
v 0.994060 3.043401 -0.578606
v 1.192913 3.147417 -0.547519
v 1.379799 3.213043 -0.557816
v 0.888216 3.279679 -0.701309
v 1.121664 3.295845 -0.621889
v 1.321386 3.305237 -0.607480
v 1.110529 3.023839 -0.352583
v 1.275277 3.136187 -0.441475
v 1.446935 3.215657 -0.491228
v 1.098669 3.276035 -0.136443
v 1.149980 3.103062 -0.265037
v 1.145566 3.459325 -0.172039
v 1.450409 3.240611 -0.465614
v 1.294455 3.174223 -0.401978
v 1.449594 3.378192 -0.367476
v 1.292199 3.399957 -0.281441
v 1.511325 3.328862 -0.438459
v 0.140778 4.118018 0.050135
v 0.409066 4.057369 0.218549
v 0.346018 4.062016 0.356327
v 0.311724 4.177837 0.129434
v 0.340245 4.172220 0.178971
v 0.312776 4.178099 0.228357
v 0.239816 4.173040 0.237063
v 0.268079 4.088782 0.183470
v 0.217444 4.185315 0.175819
v 0.249371 4.193473 0.131348
v 0.322488 4.112538 0.090200
v 0.374770 4.098759 0.180116
v 0.321914 4.103413 0.271089
v 0.222658 4.119001 0.274357
v 0.172587 4.132444 0.179811
v 0.219251 4.130545 0.087050
v 0.258813 4.227705 0.177439
v 0.275260 4.208734 0.221146
v 0.230215 4.097803 0.020286
v 0.356434 4.080451 0.059786
v 0.000000 4.110055 0.530080
v 0.164639 4.082839 0.471577
v 0.141943 4.094962 0.375799
v 0.485327 1.979189 -0.216540
v 0.301876 1.969735 0.612618
v 0.492864 1.971292 0.388150
v 0.294339 1.982278 -0.374530
v 0.043088 1.945358 0.571496
v 0.043573 1.861026 0.571329
v 0.104419 1.850981 0.621774
v 0.098115 1.944935 0.624710
v 0.098501 1.946270 0.708002
v 0.254999 1.794768 0.688807
v 0.043579 1.861443 0.761944
v 0.043235 1.945360 0.761490
v 0.049070 1.797328 0.622680
v 0.049001 1.796311 0.705879
v 0.043077 1.998652 0.624774
v 0.043077 1.998652 0.708212
v 0.100915 1.814497 0.697192
v 0.099222 1.862650 0.726619
v 0.117911 1.894897 0.701144
v 0.119604 1.845911 0.670884
v 0.256491 1.753930 0.693957
v 0.217760 1.741958 0.686670
v 0.238307 1.765559 0.674997
v 0.234453 1.771167 0.700480
v 0.138194 1.841629 0.698341
v 0.189025 1.804716 0.695785
v 0.143731 1.833254 0.662192
v 0.195302 1.795546 0.654159
v 0.119491 1.798893 0.680081
v 0.161914 1.756919 0.673286
v 0.162434 1.875990 0.680451
v 0.222412 1.843344 0.676657
v 0.652976 1.899905 -0.127258
v 0.629626 1.945768 -0.119091
v 0.589211 1.972247 -0.104946
v 0.542939 1.972765 -0.088520
v 0.542939 1.774088 -0.088520
v 0.589211 1.774606 -0.104946
v 0.629626 1.801085 -0.119091
v 0.652976 1.846947 -0.127258
v 0.537881 1.899905 -0.408927
v 0.516689 1.945768 -0.386615
v 0.480649 1.972247 -0.347970
v 0.453959 1.972765 -0.303094
v 0.453959 1.774088 -0.303094
v 0.480649 1.774606 -0.347970
v 0.516689 1.801085 -0.386615
v 0.537881 1.846947 -0.408927
v 0.227669 1.899905 -0.571549
v 0.217413 1.945768 -0.541070
v 0.200284 1.972247 -0.488279
v 0.194896 1.972765 -0.426978
v 0.194896 1.774088 -0.426978
v 0.200284 1.774606 -0.488280
v 0.217413 1.801085 -0.541070
v 0.227669 1.846947 -0.571549
v 0.227669 1.899905 0.642276
v 0.217413 1.945768 0.611798
v 0.200284 1.972247 0.559007
v 0.194896 1.972765 0.497706
v 0.194896 1.774088 0.497706
v 0.200284 1.774606 0.559007
v 0.217413 1.801085 0.611798
v 0.227669 1.846947 0.642276
v 0.537881 1.899905 0.479655
v 0.516689 1.945768 0.457343
v 0.480649 1.972247 0.418697
v 0.453959 1.972765 0.373822
v 0.453959 1.774088 0.373821
v 0.480649 1.774606 0.418697
v 0.516689 1.801085 0.457343
v 0.537881 1.846947 0.479655
v 0.652976 1.899905 0.197986
v 0.629626 1.945768 0.189819
v 0.589211 1.972247 0.175674
v 0.542939 1.972765 0.159248
v 0.542939 1.774088 0.159248
v 0.589211 1.774606 0.175674
v 0.629626 1.801085 0.189819
v 0.652976 1.846947 0.197986
v 0.037623 4.109109 0.429460
v 0.051302 4.127569 0.066302
v 0.101502 4.116450 0.159739
v 0.136424 1.046221 -0.574374
v 0.107549 1.123514 -0.580326
v 0.243262 0.870365 -0.522411
v 0.163871 0.927712 -0.565187
v -0.138025 1.860671 -0.382015
v -0.411104 1.859680 -0.196168
v -0.416762 1.856917 0.291049
v -0.120433 0.723469 0.635384
v -0.161487 0.877943 0.752248
v -0.475161 0.877158 0.509012
v -0.517190 1.073927 0.527126
v -0.487531 1.271288 0.484002
v -0.428443 1.468731 0.422954
v -0.391528 1.665508 0.375193
v -0.694906 0.878810 0.169566
v -0.760426 1.073987 0.176971
v -0.734919 1.271288 0.155134
v -0.674172 1.467072 0.124347
v -0.645086 1.588068 0.106511
v -0.694906 0.878810 -0.110447
v -0.760426 1.073987 -0.117152
v -0.734919 1.271288 -0.113877
v -0.674116 1.467291 -0.106655
v -0.643440 1.594486 -0.107352
v -0.476930 0.876968 -0.354398
v -0.518462 1.071948 -0.366035
v -0.486892 1.270813 -0.346803
v -0.428434 1.468768 -0.307245
v -0.391242 1.665889 -0.275528
v -0.130519 0.748086 -0.441274
v -0.133007 0.808432 -0.562243
v -0.151127 1.272320 -0.524498
v -0.124690 1.468652 -0.460946
v -0.112831 1.666007 -0.420243
v -0.113070 1.665742 0.614000
v -0.124690 1.468652 0.662580
v -0.153284 1.271288 0.725341
v -0.170207 1.073924 0.770706
v -0.251231 1.027546 -0.527312
v -0.143589 1.854264 0.570722
v -0.466341 0.697945 -0.294281
v -0.634475 0.699370 -0.092584
v -0.634475 0.699370 0.155050
v -0.466120 0.696904 0.400354
v -0.282036 0.665867 0.450406
v -0.171652 0.614777 0.221688
v -0.182883 0.638357 -0.076757
v -0.293488 0.690525 -0.296264
v -0.335682 0.060535 -0.267449
v -0.318170 0.226443 -0.272883
v -0.321178 0.355339 -0.260830
v -0.322949 0.511065 -0.250708
v -0.179202 0.081323 -0.084558
v -0.176535 0.227174 -0.092115
v -0.186779 0.354882 -0.086558
v -0.194691 0.498833 -0.080612
v -0.178593 0.081806 0.168718
v -0.176501 0.227200 0.176135
v -0.186779 0.354882 0.166640
v -0.194203 0.497808 0.159693
v -0.316127 0.076804 0.344568
v -0.317570 0.226912 0.363760
v -0.321178 0.355339 0.344539
v -0.322438 0.509993 0.330331
v -0.492759 0.228170 0.364181
v -0.490257 0.355360 0.344539
v -0.489112 0.511602 0.328289
v -0.632492 0.078238 0.165004
v -0.637362 0.226921 0.176397
v -0.628033 0.355360 0.166639
v -0.625333 0.511710 0.156938
v -0.622890 0.062673 -0.106868
v -0.636989 0.226483 -0.093160
v -0.628033 0.355360 -0.086558
v -0.625333 0.511710 -0.081387
v -0.492786 0.228162 -0.273059
v -0.490257 0.355360 -0.260830
v -0.489134 0.511649 -0.250771
v -0.194864 0.013211 0.043319
v -0.318981 0.003002 0.043053
v -0.603584 0.007974 -0.017493
v -0.533203 0.037692 0.043275
v -0.452534 0.034763 0.043435
v -0.086531 0.664552 -0.137582
v -0.075788 0.639897 0.310605
v -0.437674 0.073236 0.371041
v -0.410902 -0.001228 -0.307223
v -0.493373 0.124424 -0.274661
v -0.547072 0.074441 0.309682
v -0.492888 0.123908 0.366497
v -0.546617 0.074854 -0.220450
v -0.438973 0.073302 -0.283295
v -0.613279 1.899635 -0.021957
v -0.566850 1.858077 0.105728
v -0.610884 1.900932 0.037916
v -0.569106 1.856913 -0.084873
v -0.577605 1.662145 -0.167719
v -0.579237 1.655647 0.172484
v -1.085963 1.797436 -0.091549
v -1.085963 1.613843 0.092044
v -1.085963 1.689890 0.168090
v -1.085963 1.797436 0.168090
v -1.085963 1.873483 0.092044
v -1.085963 1.873483 -0.015502
v -1.085963 1.689890 -0.091549
v -1.085963 1.613843 -0.015502
v -0.614644 1.749414 0.001725
v -0.662733 1.804839 -0.111530
v -0.796176 1.799823 -0.097397
v -0.881977 1.799615 -0.096808
v -0.954991 1.799569 -0.096699
v -1.024274 1.798525 -0.094178
v -0.691565 1.877261 -0.028977
v -0.797330 1.878683 -0.018133
v -0.881977 1.878742 -0.017681
v -0.954991 1.878632 -0.017635
v -1.024274 1.876112 -0.016591
v -0.689715 1.878262 0.069487
v -0.797256 1.878723 0.093233
v -0.881977 1.878742 0.094222
v -0.954991 1.878632 0.094177
v -1.024274 1.876112 0.093133
v -0.660853 1.805673 0.153319
v -0.796101 1.799857 0.172548
v -0.881977 1.799614 0.173350
v -0.954991 1.799569 0.173240
v -1.024274 1.798525 0.170720
v -0.668089 1.693080 0.158872
v -0.796391 1.687926 0.172771
v -0.881977 1.687712 0.173350
v -0.954991 1.687757 0.173240
v -1.024274 1.688801 0.170720
v -0.711637 1.605748 0.074807
v -0.798132 1.608471 0.093446
v -0.881976 1.608584 0.094222
v -0.954991 1.608694 0.094177
v -1.024274 1.611214 0.093133
v -0.710430 1.610452 -0.039882
v -0.798084 1.608659 -0.018569
v -0.881977 1.608584 -0.017681
v -0.954991 1.608694 -0.017635
v -1.024274 1.611214 -0.016591
v -0.666911 1.697952 -0.122203
v -0.796344 1.688121 -0.097824
v -0.881977 1.687711 -0.096808
v -0.954991 1.687757 -0.096699
v -1.024274 1.688801 -0.094178
v -1.151575 1.690514 -0.088708
v -1.151259 1.615832 -0.013899
v -1.150890 1.615832 0.091775
v -1.150694 1.690515 0.166335
v -1.150735 1.796415 0.166461
v -1.151010 1.871259 0.091919
v -1.151397 1.871259 -0.013873
v -1.151633 1.796415 -0.088699
v -1.322407 1.784730 0.174029
v -1.233609 1.796395 0.185291
v -1.232374 1.680984 0.182183
v -1.314370 1.669867 0.169606
v -1.337919 1.599494 0.123940
v -1.237712 1.604292 0.109287
v -1.246817 1.604500 -0.000685
v -1.362010 1.602675 0.015835
v -1.369020 1.675698 -0.076382
v -1.254066 1.681219 -0.081018
v -1.255337 1.796690 -0.081225
v -1.365592 1.791300 -0.086272
v -1.446908 1.627002 0.022545
v -1.249350 1.878248 -0.000472
v -1.239427 1.877820 0.113136
v -1.352319 1.879341 0.194705
v -1.388063 1.668246 0.113284
v -1.391898 1.885994 0.004115
v -1.338665 1.897014 0.004934
v -1.398233 1.783442 0.114116
v -1.453133 1.691787 -0.055094
v -1.389081 1.885905 0.074309
v -1.394747 1.860557 -0.057443
v -1.449759 1.795575 -0.061609
v -1.459398 1.803879 0.080260
v -1.482722 1.672881 0.023172
v -1.457688 1.681688 0.076933
v -1.339662 1.849025 0.179236
v -1.400171 1.847892 0.136150
v -1.301258 1.886991 0.139285
v -1.363733 1.886135 0.096957
v -1.372152 1.905321 0.113412
v -1.403875 1.878343 0.156761
v -1.320596 1.906320 0.151356
v -1.415718 1.908217 0.167517
v -1.334550 1.934882 0.163091
v -1.385323 1.933899 0.125657
v -1.382515 1.945840 0.174449
v -1.372213 1.928666 0.202547
v -1.411963 1.927896 0.173242
v -1.348633 1.948843 0.170033
v -1.388381 1.948073 0.140727
v -1.364945 1.909200 0.204950
v -1.413793 1.864833 0.070694
v -1.491142 1.808871 0.022284
v -1.433078 1.863400 0.014277
v -1.465508 1.843044 0.021329
v -1.479002 1.766259 0.010992
v -1.477975 1.722819 0.011025
v -0.209700 4.030664 -0.207808
v -0.543199 3.769217 -0.540754
v -0.196633 3.865819 -0.585482
v -0.195417 3.962597 0.691162
v -0.543136 3.859141 0.644218
v -0.607229 3.928200 0.251781
v -0.601799 3.883622 -0.187340
v -0.210971 2.722456 1.127694
v -0.207862 3.179448 1.075900
v -0.619356 2.359945 1.021462
v -0.605899 2.729385 0.980342
v -0.586259 3.177566 0.938327
v -0.541218 3.594772 0.876069
v -0.196512 3.631768 0.967745
v -0.222858 2.341668 1.134945
v -0.257163 2.102879 -0.579131
v -0.673029 2.154247 -0.519035
v -0.737789 2.055480 -0.177404
v -0.738067 2.049294 0.381922
v -0.673075 2.148265 0.869417
v -0.257441 2.089283 0.908278
v -1.047007 2.648689 -0.242585
v -1.043990 2.654721 0.224414
v -0.863367 2.300198 -0.523094
v -0.897835 2.685146 -0.581096
v -1.555632 3.303662 -0.505476
v -0.765181 3.621573 -0.539911
v -0.894510 3.665168 -0.193025
v -0.892424 3.643059 0.230278
v -0.761771 3.592682 0.634565
v -0.861238 3.176064 0.632044
v -0.893046 2.699257 0.689440
v -0.863367 2.310316 0.802654
v -0.977868 2.230484 0.342480
v -0.977868 2.233612 -0.182744
v -0.210971 2.755379 -0.997974
v -0.207862 3.179144 -1.000456
v -0.196512 3.576914 -0.860507
v -0.541968 3.574418 -0.758273
v -0.588139 3.208828 -0.863667
v -0.606613 2.736664 -0.854842
v -0.619356 2.362955 -0.735862
v -0.222858 2.374742 -0.841501
v -1.019719 3.214332 0.183802
v -1.454544 3.343337 -0.598846
v -1.534532 3.357471 -0.557391
v -1.585496 3.360652 -0.494030
v -1.501892 3.299850 -0.568476
v -1.569592 3.350400 -0.440342
v -1.546099 3.399684 -0.458615
v -1.484620 3.396478 -0.557277
v -0.952050 3.494926 -0.549010
v -1.165104 3.432635 -0.537287
v -1.357047 3.412312 -0.551407
v -1.082430 3.515038 -0.261744
v -1.258297 3.452912 -0.344340
v -1.433162 3.429369 -0.406117
v -1.154420 3.280466 -0.250204
v -1.289433 3.269288 -0.360520
v -1.436941 3.294442 -0.437331
v -0.994060 3.043401 -0.578606
v -1.192913 3.147418 -0.547519
v -1.379799 3.213043 -0.557816
v -0.888216 3.279679 -0.701309
v -1.121664 3.295845 -0.621889
v -1.321386 3.305238 -0.607480
v -1.110529 3.023839 -0.352583
v -1.275277 3.136188 -0.441475
v -1.446935 3.215657 -0.491228
v -1.098669 3.276035 -0.136443
v -1.149980 3.103062 -0.265037
v -1.145566 3.459325 -0.172039
v -1.450409 3.240611 -0.465614
v -1.294455 3.174223 -0.401978
v -1.449594 3.378192 -0.367476
v -1.292199 3.399957 -0.281441
v -1.511325 3.328862 -0.438459
v -0.140778 4.118038 0.050135
v -0.409066 4.057369 0.218549
v -0.346018 4.062036 0.356327
v -0.311724 4.177837 0.129434
v -0.340245 4.172220 0.178971
v -0.312776 4.178100 0.228357
v -0.239816 4.173096 0.237063
v -0.268079 4.089416 0.183470
v -0.217444 4.185352 0.175819
v -0.249371 4.193474 0.131348
v -0.322488 4.112538 0.090200
v -0.374770 4.098760 0.180116
v -0.321914 4.103454 0.271089
v -0.222658 4.119950 0.274357
v -0.172587 4.133394 0.179811
v -0.219251 4.130586 0.087050
v -0.258813 4.227704 0.177439
v -0.275260 4.208735 0.221146
v -0.230215 4.097803 0.020286
v -0.356434 4.080451 0.059786
v -0.164639 4.082887 0.471577
v -0.141943 4.096197 0.375799
v -0.485327 1.979189 -0.216540
v -0.301876 1.969735 0.612618
v -0.492864 1.971292 0.388150
v -0.294339 1.982278 -0.374530
v -0.043088 1.945358 0.571496
v -0.043573 1.861026 0.571329
v -0.104419 1.850981 0.621774
v -0.098115 1.944935 0.624710
v -0.098501 1.946270 0.708002
v -0.254999 1.794768 0.688807
v -0.043579 1.861443 0.761944
v -0.043235 1.945360 0.761490
v -0.049070 1.797327 0.622680
v -0.049001 1.796311 0.705879
v -0.043077 1.998652 0.624774
v -0.043077 1.998652 0.708212
v -0.100915 1.814497 0.697192
v -0.099222 1.862650 0.726619
v -0.117911 1.894897 0.701144
v -0.119604 1.845911 0.670884
v -0.256491 1.753930 0.693957
v -0.217760 1.741958 0.686670
v -0.238307 1.765559 0.674997
v -0.234453 1.771167 0.700480
v -0.138194 1.841629 0.698341
v -0.189025 1.804716 0.695785
v -0.143731 1.833254 0.662192
v -0.195302 1.795546 0.654159
v -0.119491 1.798893 0.680081
v -0.161914 1.756919 0.673286
v -0.162434 1.875990 0.680451
v -0.222412 1.843343 0.676657
v -0.652976 1.899905 -0.127258
v -0.629626 1.945768 -0.119091
v -0.589211 1.972247 -0.104946
v -0.542939 1.972765 -0.088520
v -0.542939 1.774088 -0.088520
v -0.589211 1.774606 -0.104946
v -0.629626 1.801085 -0.119091
v -0.652976 1.846947 -0.127258
v -0.537881 1.899905 -0.408927
v -0.516689 1.945768 -0.386615
v -0.480649 1.972247 -0.347970
v -0.453959 1.972765 -0.303094
v -0.453959 1.774088 -0.303094
v -0.480649 1.774606 -0.347970
v -0.516689 1.801085 -0.386615
v -0.537881 1.846947 -0.408927
v -0.227669 1.899905 -0.571549
v -0.217413 1.945768 -0.541070
v -0.200284 1.972247 -0.488279
v -0.194896 1.972765 -0.426978
v -0.194896 1.774088 -0.426978
v -0.200284 1.774606 -0.488280
v -0.217413 1.801085 -0.541070
v -0.227669 1.846947 -0.571549
v -0.227669 1.899905 0.642276
v -0.217413 1.945768 0.611798
v -0.200284 1.972247 0.559007
v -0.194896 1.972765 0.497706
v -0.194896 1.774088 0.497706
v -0.200284 1.774606 0.559007
v -0.217413 1.801085 0.611798
v -0.227669 1.846947 0.642276
v -0.537881 1.899905 0.479655
v -0.516689 1.945768 0.457343
v -0.480649 1.972247 0.418697
v -0.453959 1.972765 0.373822
v -0.453959 1.774088 0.373821
v -0.480649 1.774606 0.418697
v -0.516689 1.801085 0.457343
v -0.537881 1.846947 0.479655
v -0.652976 1.899905 0.197986
v -0.629626 1.945768 0.189819
v -0.589211 1.972247 0.175674
v -0.542939 1.972765 0.159248
v -0.542939 1.774088 0.159248
v -0.589211 1.774606 0.175674
v -0.629626 1.801085 0.189819
v -0.652976 1.846947 0.197986
v -0.036178 4.109781 0.429461
v -0.050947 4.127641 0.066302
v -0.098965 4.117452 0.159740
v -0.135883 1.045933 -0.574374
v -0.107527 1.123514 -0.580326
v -0.243555 0.870543 -0.522134
v -0.163466 0.927843 -0.564910
v -0.068763 0.830858 -0.663684
v -0.053991 1.020345 -0.693751
v -0.054910 1.033513 -0.770723
v -0.079958 0.843746 -0.760916
v -0.027751 0.844280 -0.814353
v -0.019638 1.039502 -0.813228
v 0.042159 1.044926 -0.813228
v 0.055001 0.844280 -0.814353
v 0.107631 0.844394 -0.761329
v 0.084960 1.044316 -0.770723
v 0.077339 1.031109 -0.693751
v 0.104924 0.846907 -0.681112
v 0.033989 1.036229 -0.654492
v -0.025000 1.030844 -0.654492
v -0.027344 0.797789 -0.761274
v 0.054619 0.798516 -0.760620
v 0.050901 0.802728 -0.664385
v -0.020836 0.786222 -0.686424
v 0.025205 1.108003 -0.772289
v -0.021715 1.097671 -0.772289
v -0.021714 1.096580 -0.719987
v 0.024394 1.106912 -0.719987
v 0.103255 0.923506 -0.662331
v 0.113955 0.940243 -0.768306
v 0.056513 0.940996 -0.827188
v -0.029425 0.940765 -0.827188
v -0.087024 0.939744 -0.768279
v -0.088760 0.922737 -0.661688
v 0.094885 4.152362 0.211214
v 0.087849 4.148677 0.303291
v 0.037469 4.166961 0.169360
v -0.046719 4.144342 0.303372
v 0.093549 4.212902 0.267686
v 0.073901 4.223984 0.231245
v 0.100181 4.213662 0.230641
v 0.067191 4.223363 0.266036
v -0.043144 4.148054 0.211177
v 0.035942 4.212969 0.210608
v 0.023706 4.161499 0.320528
v 0.021971 4.211452 0.287134
v -0.010767 4.207944 0.230119
v 0.042887 4.224751 0.267186
v 0.049912 4.225399 0.230783
v -0.017634 4.207131 0.268954
vn 0.2487 0.1346 -0.9592
vn 0.2620 -0.2470 -0.9329
vn 0.5132 -0.2405 -0.8239
vn 0.4853 0.0991 -0.8687
vn 0.5025 0.1669 -0.8483
vn 0.5767 -0.2309 -0.7836
vn 0.6109 -0.0156 -0.7915
vn 0.4560 0.3399 -0.8225
vn 0.7244 0.1820 0.6649
vn 0.7436 -0.3545 0.5670
vn 0.6602 -0.5018 0.5589
vn 0.7167 0.0603 0.6948
vn 0.1394 -0.9431 0.3019
vn 0.3365 -0.7473 0.5730
vn 0.1497 -0.7476 0.6471
vn 0.0807 -0.9338 0.3485
vn 0.4527 -0.4810 0.7508
vn 0.4926 -0.2580 0.8311
vn 0.1937 -0.2269 0.9544
vn 0.1837 -0.4791 0.8583
vn 0.7286 -0.4346 0.5294
vn 0.7529 -0.3340 0.5671
vn 0.6722 -0.2524 0.6960
vn 0.6208 -0.4365 0.6513
vn 0.7742 -0.0940 0.6259
vn 0.7548 0.1585 0.6365
vn 0.6394 0.1819 0.7470
vn 0.6656 -0.0264 0.7459
vn 0.7133 0.3314 0.6175
vn 0.6915 0.3763 0.6167
vn 0.5968 0.3975 0.6970
vn 0.6109 0.3311 0.7191
vn 0.6792 0.3889 0.6225
vn 0.6910 0.3315 0.6424
vn 0.6359 0.3043 0.7092
vn 0.6112 0.3677 0.7008
vn 0.7136 0.2344 0.6602
vn 0.7128 0.2127 0.6683
vn 0.6853 0.1565 0.7113
vn 0.6650 0.2102 0.7167
vn 0.8803 -0.4248 0.2114
vn 0.8858 -0.4198 0.1977
vn 0.8055 -0.4072 0.4306
vn 0.7911 -0.4309 0.4341
vn 0.9577 -0.2072 0.1996
vn 0.9781 0.0482 0.2025
vn 0.8729 0.1073 0.4759
vn 0.8700 -0.1658 0.4643
vn 0.9482 0.2429 0.2049
vn 0.9214 0.3253 0.2125
vn 0.8080 0.3297 0.4884
vn 0.8299 0.2965 0.4725
vn 0.9205 0.3159 0.2301
vn 0.9254 0.2754 0.2605
vn 0.7817 0.3093 0.5416
vn 0.7802 0.3691 0.5050
vn 0.9516 0.0152 0.3069
vn 0.8311 0.2511 0.4962
vn 0.7875 0.1972 0.5840
vn 0.7526 -0.3695 -0.5451
vn 0.7487 -0.3587 -0.5575
vn 0.8818 -0.4115 -0.2304
vn 0.8760 -0.4189 -0.2393
vn 0.7857 -0.1746 -0.5935
vn 0.7944 0.0289 -0.6067
vn 0.9717 0.0220 -0.2352
vn 0.9489 -0.2126 -0.2331
vn 0.7729 0.1917 -0.6048
vn 0.7463 0.2593 -0.6130
vn 0.9271 0.2862 -0.2419
vn 0.9491 0.2083 -0.2361
vn 0.7305 0.2450 -0.6375
vn 0.7217 0.1946 -0.6643
vn 0.9294 0.2388 -0.2816
vn 0.9300 0.2621 -0.2577
vn 0.7164 0.0423 -0.6964
vn 0.7927 0.2067 -0.5735
vn 0.9428 0.0165 -0.3329
vn 0.5368 -0.3829 -0.7518
vn 0.6021 -0.2430 -0.7605
vn 0.6728 -0.2547 -0.6946
vn 0.6831 -0.3051 -0.6635
vn 0.5654 -0.0816 -0.8208
vn 0.5477 0.0774 -0.8331
vn 0.6450 0.0472 -0.7627
vn 0.6575 -0.1138 -0.7448
vn 0.5012 0.2609 -0.8251
vn 0.4855 0.3143 -0.8158
vn 0.5837 0.2653 -0.7674
vn 0.6175 0.2019 -0.7602
vn 0.4660 0.2968 -0.8335
vn 0.4526 0.2466 -0.8569
vn 0.5331 0.1913 -0.8241
vn 0.5555 0.2490 -0.7934
vn 0.4464 0.2009 -0.8720
vn 0.4590 0.1708 -0.8719
vn 0.4621 0.2502 -0.8508
vn 0.5076 0.1447 -0.8493
vn 0.1904 -0.9492 -0.2506
vn 0.1597 -0.9256 -0.3431
vn 0.1885 -0.9291 -0.3183
vn 0.1787 -0.9692 -0.1697
vn 0.2281 -0.8381 -0.4955
vn 0.5475 -0.3622 -0.7543
vn 0.3659 -0.6028 -0.7091
vn 0.1593 0.2909 -0.9434
vn 0.1763 0.3310 -0.9270
vn 0.3929 0.3505 -0.8502
vn 0.4005 0.2862 -0.8705
vn 0.1945 0.3021 -0.9332
vn 0.2123 0.2441 -0.9462
vn 0.4184 0.2554 -0.8716
vn 0.4030 0.3309 -0.8533
vn 0.2278 0.1499 -0.9621
vn 0.2377 0.1290 -0.9627
vn 0.4526 0.1201 -0.8836
vn 0.4346 0.1574 -0.8867
vn 0.5637 0.1837 0.8053
vn 0.5873 0.1274 0.7993
vn 0.2715 0.1470 0.9512
vn 0.2570 0.1854 0.9485
vn 0.4989 0.3283 0.8021
vn 0.5317 0.2757 0.8008
vn 0.2370 0.2717 0.9327
vn 0.2149 0.3086 0.9266
vn 0.4583 0.3166 0.8305
vn 0.4653 0.3729 0.8028
vn 0.1940 0.3145 0.9292
vn 0.1833 0.2715 0.9448
vn 0.4912 0.0162 0.8709
vn 0.4718 0.1884 0.8614
vn 0.1843 0.1935 0.9636
vn 0.1917 0.0362 0.9808
vn 0.4635 -0.0377 -0.8853
vn 0.4856 0.0071 -0.8742
vn 0.4050 0.0653 -0.9120
vn 0.6216 0.0341 0.7826
vn 0.5759 -0.4974 0.6488
vn 0.2887 -0.5530 0.7816
vn 0.2985 0.0712 0.9518
vn 0.3152 -0.2622 -0.9121
vn 0.4062 -0.3350 -0.8502
vn 0.6929 -0.2063 -0.6909
vn 0.6821 -0.0796 -0.7269
vn 0.8365 -0.0913 -0.5403
vn 0.8009 -0.2317 -0.5521
vn 0.9385 -0.2413 -0.2471
vn 0.9673 -0.0997 -0.2334
vn 0.9723 -0.0478 0.2288
vn 0.9497 -0.2107 0.2319
vn 0.8480 -0.2001 0.4907
vn 0.8546 -0.0392 0.5179
vn 0.7138 -0.1130 0.6912
vn 0.7532 -0.2639 0.6025
vn 0.5341 -0.4619 0.7081
vn 0.3763 -0.4134 0.8292
vn -0.0825 -0.7980 0.5970
vn 0.1392 -0.8894 0.4354
vn -0.0039 -0.9560 0.2932
vn -0.3501 -0.8021 0.4838
vn -0.6737 -0.6326 0.3820
vn -0.1920 -0.9555 0.2239
vn -0.5398 -0.8395 0.0622
vn -0.9478 -0.2889 0.1347
vn -0.9743 -0.1404 -0.1763
vn -0.6233 -0.7425 -0.2455
vn -0.4857 -0.7709 -0.4120
vn -0.8867 -0.1201 -0.4465
vn -0.6949 -0.2307 -0.6810
vn -0.3994 -0.8238 -0.4023
vn -0.2077 -0.8441 -0.4944
vn -0.2789 -0.5223 -0.8059
vn -0.3844 -0.7583 -0.5266
vn -0.6408 -0.1503 -0.7529
vn -0.2860 -0.0593 -0.9564
vn -0.1133 -0.8000 -0.5893
vn -0.6371 -0.7708 -0.0004
vn -0.6452 -0.0221 -0.7637
vn -0.6475 0.0450 -0.7607
vn -0.2637 0.0562 -0.9630
vn -0.2845 0.0251 -0.9583
vn -0.6452 0.1336 -0.7522
vn -0.6515 0.1159 -0.7498
vn -0.2650 0.1227 -0.9564
vn -0.2599 0.1377 -0.9558
vn -0.6596 0.0259 -0.7512
vn -0.6660 -0.0546 -0.7440
vn -0.2723 -0.1892 -0.9434
vn -0.2707 0.0102 -0.9626
vn -0.9608 -0.2197 -0.1691
vn -0.9854 -0.0488 -0.1633
vn -0.8650 -0.0787 -0.4956
vn -0.7228 -0.4953 -0.4818
vn -0.9865 -0.0032 -0.1635
vn -0.9856 0.0477 -0.1623
vn -0.8820 0.0450 -0.4691
vn -0.8786 -0.0212 -0.4771
vn -0.9784 0.1304 -0.1604
vn -0.9803 0.1162 -0.1595
vn -0.8807 0.1104 -0.4606
vn -0.8768 0.1302 -0.4629
vn -0.9870 0.0211 -0.1594
vn -0.9864 -0.0325 -0.1611
vn -0.8886 -0.0204 -0.4582
vn -0.8874 0.0262 -0.4602
vn -0.7427 -0.4787 0.4682
vn -0.8845 -0.0716 0.4609
vn -0.9866 -0.0480 0.1558
vn -0.9629 -0.2143 0.1637
vn -0.8918 -0.0030 0.4525
vn -0.8901 0.0599 0.4519
vn -0.9860 0.0508 0.1586
vn -0.9874 -0.0018 0.1582
vn -0.8796 0.1619 0.4474
vn -0.8818 0.1396 0.4505
vn -0.9804 0.1184 0.1576
vn -0.9779 0.1375 0.1574
vn -0.8891 0.0109 0.4577
vn -0.8697 -0.1894 0.4557
vn -0.9845 -0.0773 0.1572
vn -0.9872 0.0178 0.1588
vn 0.0431 -0.9322 0.3593
vn -0.3041 -0.2321 0.9239
vn -0.6371 -0.1433 0.7574
vn -0.3166 -0.7695 0.5547
vn -0.2912 0.0274 0.9563
vn -0.2667 0.0877 0.9598
vn -0.6590 0.0721 0.7487
vn -0.6628 -0.0021 0.7488
vn -0.2587 0.2195 0.9407
vn -0.2635 0.1958 0.9446
vn -0.6523 0.1717 0.7382
vn -0.6484 0.1957 0.7357
vn -0.2713 0.0100 0.9625
vn -0.2414 -0.3794 0.8932
vn -0.6200 -0.3226 0.7152
vn -0.6617 0.0051 0.7497
vn 0.6730 0.0530 0.7378
vn 0.6816 0.0746 0.7279
vn 0.2821 0.0912 0.9550
vn 0.3058 0.0720 0.9494
vn 0.6731 0.1819 0.7168
vn 0.6768 0.1551 0.7196
vn 0.2808 0.1915 0.9405
vn 0.2762 0.2157 0.9366
vn 0.6823 0.0240 0.7307
vn 0.6809 -0.0500 0.7306
vn 0.2972 -0.1791 0.9379
vn 0.2877 0.0171 0.9576
vn 0.9155 -0.3608 0.1780
vn 0.9766 -0.1374 0.1652
vn 0.8955 -0.1130 0.4306
vn 0.7043 -0.5950 0.3872
vn 0.9793 -0.0438 0.1977
vn 0.9760 0.0474 0.2126
vn 0.8622 0.0605 0.5029
vn 0.8712 0.0120 0.4908
vn 0.9682 0.1326 0.2122
vn 0.9730 0.0902 0.2122
vn 0.8561 0.1197 0.5028
vn 0.8524 0.1533 0.5000
vn 0.9767 -0.0149 0.2141
vn 0.9747 -0.0428 0.2195
vn 0.8543 -0.0339 0.5187
vn 0.8597 0.0108 0.5106
vn 0.9482 -0.2288 -0.2204
vn 0.4939 -0.0839 -0.8655
vn 0.8598 -0.0061 -0.5107
vn 0.9698 -0.1094 -0.2178
vn 0.9384 -0.3240 -0.1200
vn 0.8595 0.0117 -0.5109
vn 0.8529 0.0472 -0.5200
vn 0.9747 0.0408 -0.2196
vn 0.9748 -0.0325 -0.2205
vn 0.8482 0.1178 -0.5164
vn 0.8538 0.0876 -0.5132
vn 0.9732 0.0816 -0.2148
vn 0.9679 0.1283 -0.2161
vn 0.8580 0.0015 -0.5137
vn 0.8512 -0.0563 -0.5218
vn 0.9730 -0.0703 -0.2199
vn 0.9764 -0.0191 -0.2149
vn 0.3123 0.0796 -0.9466
vn 0.2812 0.0617 -0.9577
vn 0.6706 0.0514 -0.7400
vn 0.6585 0.0557 -0.7505
vn 0.2774 0.1343 -0.9513
vn 0.2823 0.1186 -0.9520
vn 0.6756 0.1007 -0.7304
vn 0.6696 0.1215 -0.7327
vn 0.2871 0.0195 -0.9577
vn 0.2891 -0.1012 -0.9519
vn 0.6760 -0.0379 -0.7359
vn 0.6803 0.0155 -0.7327
vn -0.7364 -0.6741 0.0578
vn -0.2625 -0.9594 -0.1030
vn -0.2618 -0.9588 0.1104
vn -0.0542 -0.9928 -0.1070
vn -0.0823 -0.9946 -0.0638
vn -0.1862 -0.9785 0.0886
vn -0.0493 -0.9918 0.1176
vn -0.0665 -0.9912 -0.1144
vn 0.5890 -0.8079 0.0196
vn -0.0261 -0.9876 0.1548
vn -0.2816 -0.9541 -0.1016
vn -0.3904 -0.9178 -0.0720
vn -0.4731 -0.8788 -0.0621
vn -0.3289 -0.9425 0.0604
vn -0.3768 -0.9238 0.0678
vn 0.4805 -0.8746 0.0650
vn 0.7755 -0.6299 0.0425
vn 0.7172 -0.6955 -0.0437
vn 0.4961 -0.8657 -0.0663
vn -0.0426 -0.9775 -0.2066
vn 0.0375 -0.9896 -0.1388
vn 0.1570 -0.9608 -0.2286
vn 0.1949 -0.9498 -0.2448
vn 0.0102 -0.9846 0.1746
vn 0.0239 -0.9856 0.1676
vn 0.0282 -0.9993 0.0264
vn -0.0471 -0.9988 0.0162
vn 0.2089 -0.9071 0.3655
vn 0.3835 -0.8792 0.2827
vn 0.0776 -0.2723 0.9591
vn -0.6350 -0.7725 -0.0012
vn 0.6162 0.7876 -0.0014
vn 0.5906 0.8067 -0.0206
vn 0.6486 -0.0179 -0.7609
vn 0.2529 -0.8768 -0.4089
vn 0.3330 -0.0112 -0.9429
vn -0.1816 -0.7602 0.6238
vn 0.2026 -0.8481 0.4895
vn 0.7562 -0.1263 0.6421
vn 0.3214 -0.0015 0.9469
vn 0.2550 -0.8739 0.4138
vn 0.6665 -0.0034 0.7455
vn -0.1341 -0.7787 -0.6128
vn -0.0986 -0.9307 -0.3523
vn 0.7011 -0.1164 -0.7035
vn 0.2687 -0.1679 -0.9485
vn 0.7018 -0.5514 -0.4510
vn 0.8118 -0.5324 -0.2399
vn 0.5896 0.7544 -0.2887
vn 0.3038 0.7078 -0.6377
vn 0.3723 0.7909 -0.4857
vn 0.5198 0.2621 0.8131
vn 0.4013 0.5193 0.7545
vn 0.4225 0.5847 0.6926
vn 0.6771 0.6717 0.3007
vn 0.4892 0.5935 0.6392
vn 0.6869 0.6406 0.3432
vn 0.1717 0.8128 -0.5566
vn 0.2117 0.7098 -0.6719
vn 0.1519 0.4473 -0.8814
vn 0.7646 0.1894 -0.6160
vn 0.6671 0.1251 -0.7344
vn 0.6313 0.1412 -0.7626
vn 0.7379 0.2494 0.6272
vn 0.7965 0.2587 0.5465
vn 0.7748 0.1666 0.6099
vn 0.0320 0.5529 -0.8326
vn 0.0311 0.5529 -0.8327
vn 0.0311 0.1978 -0.9797
vn 0.0320 0.1978 -0.9797
vn 0.0320 -0.9797 0.1978
vn 0.0311 -0.9797 0.1978
vn 0.0311 -0.8327 0.5529
vn 0.0320 -0.8327 0.5529
vn 0.0320 -0.5529 0.8326
vn 0.0311 -0.5529 0.8327
vn 0.0311 -0.1978 0.9797
vn 0.0320 -0.1978 0.9797
vn 0.0320 0.1978 0.9797
vn 0.0311 0.1978 0.9797
vn 0.0311 0.5529 0.8327
vn 0.0320 0.5529 0.8326
vn 0.0320 0.8327 0.5529
vn 0.0311 0.8327 0.5529
vn 0.0311 0.9797 0.1978
vn 0.0320 0.9797 0.1978
vn 0.0320 0.9797 -0.1978
vn 0.0311 0.9797 -0.1978
vn 0.0311 0.8327 -0.5529
vn 0.0320 0.8327 -0.5529
vn 0.0320 -0.1978 -0.9797
vn 0.0311 -0.1978 -0.9797
vn 0.0311 -0.5529 -0.8327
vn 0.0320 -0.5529 -0.8326
vn 0.0320 -0.8327 -0.5529
vn 0.0311 -0.8327 -0.5529
vn 0.0311 -0.9797 -0.1978
vn 0.0320 -0.9797 -0.1978
vn -0.7296 -0.1889 0.6573
vn -0.8399 -0.4509 0.3020
vn -0.6259 -0.7785 -0.0476
vn -0.8265 -0.4441 -0.3459
vn -0.9174 -0.2824 -0.2804
vn -0.9028 0.2030 -0.3792
vn -0.9446 0.1918 -0.2664
vn -0.8817 0.2484 0.4011
vn 0.1503 0.6784 -0.7192
vn 0.1310 0.6239 -0.7704
vn 0.2037 0.3193 -0.9255
vn 0.2370 0.4235 -0.8743
vn 0.0727 0.5806 -0.8109
vn 0.0134 0.5573 -0.8302
vn 0.0137 0.2038 -0.9789
vn 0.1136 0.2401 -0.9641
vn -0.0000 0.5532 -0.8331
vn -0.0000 0.1979 -0.9802
vn 0.0033 0.5532 -0.8331
vn 0.0236 0.5530 -0.8328
vn 0.0236 0.1979 -0.9799
vn 0.0033 0.1979 -0.9802
vn 0.0536 0.5524 -0.8319
vn 0.0570 0.5523 -0.8317
vn 0.0570 0.1976 -0.9786
vn 0.0536 0.1976 -0.9788
vn 0.0208 0.9688 -0.2468
vn 0.0125 0.9756 -0.2191
vn 0.0586 0.8297 -0.5551
vn 0.0724 0.8228 -0.5638
vn 0.0048 0.9790 -0.2039
vn 0.0007 0.9801 -0.1986
vn 0.0051 0.8333 -0.5528
vn 0.0295 0.8334 -0.5519
vn -0.0000 0.9802 -0.1979
vn -0.0000 0.8331 -0.5532
vn 0.0033 0.9802 -0.1979
vn 0.0235 0.9799 -0.1979
vn 0.0236 0.8328 -0.5530
vn 0.0033 0.8331 -0.5532
vn 0.0536 0.9788 -0.1976
vn 0.0570 0.9786 -0.1976
vn 0.0570 0.8317 -0.5523
vn 0.0536 0.8319 -0.5524
vn -0.1095 0.8931 0.4363
vn -0.1463 0.8634 0.4829
vn -0.0691 0.9807 0.1831
vn -0.0827 0.9833 0.1619
vn -0.0765 0.8403 0.5368
vn -0.0127 0.8338 0.5518
vn -0.0051 0.9802 0.1977
vn -0.0323 0.9802 0.1951
vn -0.0000 0.8331 0.5532
vn -0.0000 0.9802 0.1979
vn 0.0033 0.8331 0.5532
vn 0.0236 0.8328 0.5530
vn 0.0236 0.9799 0.1979
vn 0.0033 0.9802 0.1979
vn 0.0536 0.8319 0.5524
vn 0.0570 0.8317 0.5523
vn 0.0570 0.9786 0.1976
vn 0.0536 0.9788 0.1976
vn -0.1623 0.4053 0.8997
vn -0.1497 0.3066 0.9400
vn -0.1705 0.6673 0.7250
vn -0.0906 0.7461 0.6596
vn -0.0866 0.2317 0.9689
vn -0.0162 0.2020 0.9792
vn -0.0178 0.5571 0.8303
vn -0.0988 0.5872 0.8034
vn -0.0000 0.1979 0.9802
vn -0.0000 0.5532 0.8331
vn 0.0033 0.1979 0.9802
vn 0.0235 0.1979 0.9799
vn 0.0235 0.5530 0.8328
vn 0.0033 0.5532 0.8331
vn 0.0536 0.1976 0.9788
vn 0.0570 0.1976 0.9786
vn 0.0570 0.5523 0.8317
vn 0.0536 0.5524 0.8319
vn -0.1623 -0.6283 0.7608
vn -0.1385 -0.5884 0.7966
vn -0.1317 -0.2166 0.9673
vn -0.1552 -0.2416 0.9579
vn -0.0746 -0.5594 0.8256
vn -0.0133 -0.5533 0.8328
vn -0.0136 -0.1978 0.9801
vn -0.0731 -0.2004 0.9770
vn -0.0000 -0.5532 0.8331
vn -0.0000 -0.1979 0.9802
vn 0.0033 -0.5532 0.8331
vn 0.0235 -0.5530 0.8328
vn 0.0236 -0.1979 0.9799
vn 0.0033 -0.1979 0.9802
vn 0.0536 -0.5524 0.8319
vn 0.0570 -0.5523 0.8317
vn 0.0570 -0.1976 0.9786
vn 0.0536 -0.1976 0.9788
vn -0.0257 -0.9817 0.1887
vn -0.0193 -0.9808 0.1941
vn -0.1215 -0.8322 0.5411
vn -0.1471 -0.8426 0.5180
vn -0.0074 -0.9803 0.1973
vn -0.0010 -0.9802 0.1979
vn -0.0078 -0.8323 0.5543
vn -0.0539 -0.8291 0.5566
vn -0.0000 -0.9802 0.1979
vn -0.0000 -0.8331 0.5532
vn 0.0033 -0.9802 0.1979
vn 0.0235 -0.9799 0.1979
vn 0.0236 -0.8328 0.5530
vn 0.0033 -0.8331 0.5532
vn 0.0536 -0.9788 0.1976
vn 0.0570 -0.9786 0.1976
vn 0.0570 -0.8317 0.5523
vn 0.0536 -0.8319 0.5524
vn 0.1740 -0.6786 -0.7136
vn 0.1075 -0.7687 -0.6305
vn 0.0703 -0.9567 -0.2824
vn 0.1412 -0.9175 -0.3718
vn 0.0417 -0.8177 -0.5741
vn 0.0063 -0.8315 -0.5555
vn 0.0024 -0.9796 -0.2010
vn 0.0198 -0.9746 -0.2232
vn -0.0000 -0.8331 -0.5532
vn -0.0000 -0.9802 -0.1979
vn 0.0033 -0.8331 -0.5532
vn 0.0235 -0.8328 -0.5530
vn 0.0235 -0.9799 -0.1979
vn 0.0033 -0.9802 -0.1979
vn 0.0536 -0.8319 -0.5524
vn 0.0570 -0.8317 -0.5523
vn 0.0570 -0.9786 -0.1976
vn 0.0536 -0.9788 -0.1976
vn 0.2187 -0.0328 -0.9752
vn 0.1797 -0.1206 -0.9763
vn 0.1551 -0.4952 -0.8548
vn 0.2027 -0.4180 -0.8856
vn 0.0974 -0.1783 -0.9791
vn 0.0180 -0.1961 -0.9804
vn 0.0137 -0.5527 -0.8332
vn 0.0778 -0.5423 -0.8366
vn -0.0000 -0.1979 -0.9802
vn -0.0000 -0.5532 -0.8331
vn 0.0033 -0.1979 -0.9802
vn 0.0235 -0.1979 -0.9799
vn 0.0235 -0.5530 -0.8328
vn 0.0033 -0.5532 -0.8331
vn 0.0536 -0.1976 -0.9788
vn 0.0570 -0.1976 -0.9786
vn 0.0570 -0.5523 -0.8317
vn 0.0536 -0.5524 -0.8319
vn 0.0500 -0.5526 -0.8320
vn 0.0552 -0.1973 -0.9788
vn 0.0610 -0.1948 -0.9790
vn 0.0315 -0.5535 -0.8323
vn 0.0398 -0.9797 -0.1964
vn 0.0455 -0.8333 -0.5510
vn 0.0036 -0.8410 -0.5411
vn -0.0304 -0.9815 -0.1889
vn 0.0247 -0.8329 0.5528
vn 0.0306 -0.9799 0.1970
vn -0.0856 -0.9785 0.1875
vn -0.1246 -0.8291 0.5451
vn 0.0268 -0.1979 0.9799
vn 0.0253 -0.5517 0.8337
vn -0.1234 -0.5478 0.8275
vn -0.1143 -0.1963 0.9739
vn 0.0238 0.5530 0.8328
vn 0.0250 0.1979 0.9799
vn -0.1241 0.1939 0.9731
vn -0.1284 0.5463 0.8277
vn 0.0361 0.9796 0.1978
vn 0.0282 0.8327 0.5529
vn -0.0984 0.8287 0.5511
vn -0.0492 0.9791 0.1975
vn 0.0507 0.8320 -0.5524
vn 0.0442 0.9793 -0.1977
vn -0.0014 0.9803 -0.1977
vn 0.0357 0.8327 -0.5526
vn 0.0580 0.1973 -0.9786
vn 0.0560 0.5523 -0.8318
vn 0.0649 0.5517 -0.8315
vn 0.0758 0.1951 -0.9779
vn 0.4071 -0.3139 0.8577
vn 0.3453 -0.1097 0.9321
vn 0.4758 -0.0861 0.8753
vn 0.5773 -0.1795 0.7966
vn -0.3303 0.2975 0.8958
vn -0.2706 0.4674 0.8416
vn -0.2561 0.1355 0.9571
vn -0.0454 0.0671 0.9967
vn -0.1228 -0.1470 0.9815
vn -0.2887 -0.1791 0.9405
vn -0.3317 -0.4967 0.8021
vn -0.2520 -0.4493 0.8571
vn 0.6094 0.0174 0.7927
vn 0.3826 -0.0527 0.9224
vn 0.1352 -0.2629 0.9553
vn 0.4338 0.0115 0.9009
vn 0.4102 -0.5563 0.7226
vn 0.0137 -0.7978 0.6028
vn 0.0778 -0.9885 0.1299
vn 0.3361 -0.8666 0.3689
vn -0.2497 -0.8235 0.5095
vn -0.3128 -0.8043 0.5052
vn -0.2279 -0.9619 0.1507
vn -0.1785 -0.9777 0.1108
vn -0.0696 -0.9839 -0.1648
vn -0.1208 -0.9765 -0.1787
vn -0.0547 -0.8534 -0.5184
vn -0.0156 -0.8778 -0.4787
vn 0.2211 -0.9729 0.0683
vn 0.0911 -0.9881 -0.1237
vn 0.0664 -0.9032 -0.4240
vn 0.2066 -0.9024 -0.3781
vn 0.1651 -0.6329 -0.7564
vn 0.0237 -0.6186 -0.7854
vn 0.0255 -0.2501 -0.9679
vn 0.0958 -0.2808 -0.9550
vn 0.0113 -0.5771 -0.8166
vn 0.0005 -0.5564 -0.8309
vn 0.0520 -0.1925 -0.9799
vn 0.0331 -0.2073 -0.9777
vn 0.0397 0.1541 -0.9873
vn 0.0757 0.1866 -0.9795
vn 0.0404 0.5384 -0.8417
vn -0.0635 0.4716 -0.8795
vn 0.0845 0.0624 -0.9945
vn -0.0152 0.0866 -0.9961
vn -0.0702 0.3155 -0.9463
vn 0.0550 0.2394 -0.9694
vn 0.4215 -0.9039 0.0731
vn 0.3380 -0.8642 -0.3727
vn 0.6118 -0.7390 -0.2820
vn 0.5415 -0.8306 0.1301
vn -0.1058 0.8384 -0.5347
vn -0.0037 0.8376 -0.5463
vn -0.0775 0.9770 -0.1985
vn -0.1238 0.9776 -0.1701
vn -0.2200 0.9600 0.1730
vn -0.1764 0.9666 0.1861
vn -0.2613 0.7979 0.5433
vn -0.2662 0.7556 0.5984
vn -0.4089 -0.1312 0.9031
vn -0.1137 -0.3717 0.9214
vn -0.0738 -0.3337 0.9398
vn -0.4557 -0.1283 0.8808
vn 0.6053 0.0115 0.7959
vn 0.7470 -0.1117 0.6554
vn 0.5297 0.0352 0.8475
vn 0.6054 0.0176 0.7957
vn 0.2840 0.9563 0.0694
vn 0.3057 0.9328 -0.1907
vn 0.4892 0.8720 -0.0172
vn 0.7020 0.6743 0.2293
vn -0.3175 0.7671 -0.5575
vn -0.2412 0.9648 -0.1052
vn -0.0438 0.9901 -0.1336
vn -0.2040 0.8956 -0.3952
vn 0.6087 -0.1840 0.7718
vn 0.5152 -0.1439 0.8449
vn 0.6151 -0.2541 0.7464
vn 0.6255 -0.3414 0.7015
vn 0.3839 -0.5966 -0.7048
vn 0.4360 -0.2392 -0.8676
vn 0.8359 -0.0149 -0.5488
vn 0.8390 -0.1549 -0.5217
vn 0.6669 -0.4530 -0.5916
vn 0.1404 0.9187 0.3692
vn 0.3951 0.6825 0.6149
vn -0.6082 0.4847 0.6286
vn 0.3942 0.7281 -0.5607
vn 0.3503 0.8877 0.2987
vn 0.1859 0.4636 -0.8663
vn -0.1277 0.5934 -0.7947
vn 0.0140 0.7581 -0.6520
vn 0.3221 0.9348 -0.1496
vn -0.0157 0.6291 -0.7772
vn 0.4049 0.0892 -0.9100
vn 0.3103 0.2826 -0.9076
vn 0.3851 0.1917 -0.9027
vn 0.7493 0.4276 -0.5057
vn 0.8417 0.0296 -0.5391
vn 0.8359 -0.0167 -0.5486
vn 0.5802 0.0739 0.8111
vn 0.4395 -0.0831 0.8944
vn 0.8333 -0.2797 0.4768
vn 0.6275 -0.2674 0.7312
vn 0.4747 0.3965 0.7857
vn 0.2274 -0.5645 0.7935
vn 0.9195 -0.3840 0.0835
vn 0.8699 -0.4397 -0.2236
vn 0.9693 -0.1595 -0.1873
vn 0.9837 -0.1513 0.0970
vn 0.4148 0.0514 0.9085
vn 0.4517 -0.2903 0.8436
vn 0.5668 -0.2996 0.7675
vn 0.6597 0.1544 0.7355
vn 0.8106 0.2542 0.5275
vn -0.0680 -0.9396 0.3356
vn -0.4710 -0.3115 0.8253
vn -0.2421 -0.1117 0.9638
vn 0.3527 -0.4595 0.8152
vn 0.9712 0.2300 0.0629
vn 0.7615 -0.3522 0.5441
vn 0.7073 -0.2541 0.6597
vn 0.7826 0.5467 0.2979
vn -0.7273 0.5571 0.4010
vn -0.4560 0.8885 -0.0515
vn -0.1955 0.9699 0.1454
vn -0.5004 0.7032 0.5050
vn 0.1399 0.8818 -0.4504
vn 0.5830 0.6454 -0.4935
vn 0.4283 0.8682 0.2504
vn 0.2437 0.9698 0.0107
vn 0.5335 0.2490 -0.8084
vn -0.0680 0.5230 -0.8496
vn -0.1011 0.4319 -0.8962
vn 0.4972 0.1280 -0.8581
vn 0.8432 -0.5118 0.1645
vn 0.9577 -0.2084 -0.1983
vn 0.9160 -0.3253 -0.2350
vn 0.8508 -0.5062 0.1409
vn -0.7292 0.6260 -0.2764
vn -0.8444 0.4093 0.3457
vn -0.8938 0.3372 0.2957
vn -0.7787 0.5356 -0.3268
vn 0.8246 0.5039 0.2572
vn 0.9534 -0.2401 -0.1829
vn 0.9963 -0.0014 -0.0863
vn 0.8058 -0.0914 0.5850
vn -0.7946 0.4997 -0.3448
vn -0.9124 0.3004 0.2781
vn -0.8518 0.4136 0.3215
vn -0.7390 0.6099 -0.2862
vn 0.5066 0.1547 -0.8482
vn -0.1019 0.4296 -0.8973
vn -0.0439 0.5859 -0.8092
vn 0.5649 0.3646 -0.7402
vn 0.3871 0.8780 0.2816
vn 0.2378 0.9397 0.2456
vn 0.1766 0.8821 0.4368
vn 0.3619 0.8256 0.4329
vn 0.3499 0.5520 0.7568
vn 0.0671 0.7142 0.6968
vn -0.2047 0.3804 0.9019
vn 0.3462 0.1612 0.9242
vn 0.7844 0.1527 0.6011
vn 0.9313 0.3584 0.0643
vn 0.6635 0.7026 0.2570
vn 0.6333 0.5465 0.5479
vn -0.2352 0.8677 0.4379
vn -0.1346 0.9766 0.1678
vn -0.5223 0.8461 -0.1064
vn -0.6149 0.6753 0.4074
vn 0.5876 0.6520 -0.4792
vn 0.0739 0.8346 -0.5459
vn 0.2245 0.9696 -0.0970
vn 0.5095 0.8533 -0.1111
vn -0.4562 -0.1314 0.8801
vn 0.2385 -0.3317 0.9128
vn 0.2717 -0.1750 0.9463
vn -0.3811 0.0302 0.9240
vn 0.8403 -0.5137 0.1731
vn 0.9196 0.3023 0.2510
vn 0.9191 0.2834 0.2737
vn -0.1430 0.9897 0.0032
vn 0.8567 -0.5013 0.1213
vn 0.9932 0.0019 0.1162
vn 0.9772 0.0034 -0.2124
vn 0.8726 0.4213 -0.2472
vn 0.9453 0.3100 0.1013
vn -0.8455 -0.5287 0.0747
vn -0.2539 -0.9670 0.0204
vn -0.1811 -0.9789 -0.0948
vn -0.6426 -0.7658 -0.0246
vn 0.6662 0.6976 -0.2636
vn 0.6302 0.7272 -0.2721
vn 0.6408 0.7652 0.0614
vn 0.6769 0.7360 0.0153
vn 0.9811 -0.1652 -0.1008
vn 0.8952 -0.4013 -0.1939
vn 0.8514 -0.5013 0.1541
vn 0.9358 -0.3394 0.0955
vn 0.9294 0.3166 -0.1895
vn 0.9433 0.2845 -0.1712
vn 0.9481 0.2735 0.1622
vn 0.8478 0.5040 0.1648
vn 0.2622 0.9090 -0.3239
vn 0.0874 0.9351 -0.3434
vn 0.0888 0.9519 -0.2932
vn 0.2844 0.9211 -0.2658
vn 0.4603 0.7471 -0.4795
vn 0.3575 0.7606 -0.5419
vn 0.3934 0.8270 -0.4017
vn 0.5038 0.7791 -0.3732
vn 0.2236 0.7664 -0.6022
vn 0.0784 0.7726 -0.6300
vn 0.0820 0.8848 -0.4586
vn 0.2423 0.8656 -0.4382
vn 0.2986 0.8578 0.4183
vn 0.0900 0.8524 0.5151
vn 0.0749 0.7401 0.6683
vn 0.2314 0.7359 0.6364
vn 0.6302 0.7075 0.3199
vn 0.4686 0.8172 0.3356
vn 0.3744 0.7168 0.5882
vn 0.5840 0.6426 0.4959
vn 0.5901 0.8068 0.0287
vn 0.5429 0.8396 -0.0179
vn 0.5333 0.8349 0.1360
vn 0.6228 0.7626 0.1747
vn 0.5395 0.7985 -0.2671
vn 0.4318 0.8549 -0.2875
vn 0.4397 0.8819 -0.1702
vn 0.5537 0.8222 -0.1321
vn 0.2262 0.1275 0.9657
vn 0.2482 0.1501 0.9570
vn 0.0771 0.1516 0.9854
vn 0.0692 0.1204 0.9903
vn 0.2578 0.0605 0.9643
vn 0.2462 0.1085 0.9631
vn 0.0793 0.1273 0.9887
vn 0.0810 0.0705 0.9942
vn 0.4489 -0.1119 0.8866
vn 0.5540 0.0981 0.8267
vn 0.3608 0.0304 0.9322
vn 0.2828 -0.3014 0.9106
vn 0.5916 0.1643 0.7893
vn 0.6185 0.1449 0.7723
vn 0.4348 0.1471 0.8884
vn 0.4039 0.1460 0.9031
vn 0.6401 0.0600 0.7659
vn 0.6438 0.0785 0.7612
vn 0.4342 0.0773 0.8975
vn 0.4515 0.0464 0.8911
vn 0.6173 0.2456 0.7474
vn 0.5632 0.4231 0.7098
vn 0.3438 0.5030 0.7929
vn 0.3883 0.2805 0.8778
vn 0.2216 0.3167 0.9223
vn 0.2044 0.5299 0.8231
vn 0.0727 0.5404 0.8383
vn 0.0750 0.3334 0.9398
vn 0.1461 -0.4330 0.8895
vn 0.1948 -0.0542 0.9793
vn 0.0593 -0.1118 0.9920
vn 0.0457 -0.5042 0.8624
vn 0.0572 -0.7390 -0.6713
vn 0.1358 -0.7376 -0.6614
vn 0.1536 -0.8146 -0.5593
vn 0.0675 -0.7634 -0.6424
vn 0.1838 -0.7468 -0.6392
vn 0.2999 -0.7328 -0.6109
vn 0.3760 -0.8263 -0.4193
vn 0.2091 -0.8554 -0.4739
vn 0.2770 -0.9198 -0.2778
vn 0.4354 -0.8680 -0.2387
vn 0.4576 -0.8857 -0.0790
vn 0.3343 -0.9159 -0.2220
vn 0.4498 -0.8863 0.1107
vn 0.4653 -0.8841 0.0441
vn 0.4685 -0.8707 0.1494
vn 0.2754 -0.9466 0.1674
vn 0.2172 -0.9003 0.3771
vn 0.4647 -0.8114 0.3546
vn 0.4333 -0.6102 0.6633
vn 0.2516 -0.7239 0.6424
vn 0.0798 -0.8705 0.4857
vn 0.1228 -0.8869 0.4453
vn 0.1375 -0.7697 0.6235
vn 0.0464 -0.7882 0.6137
vn 0.9442 -0.1102 -0.3104
vn 0.9339 -0.1313 -0.3325
vn 0.9908 -0.0867 -0.1042
vn 0.9912 -0.0826 -0.1033
vn 0.9960 -0.0307 0.0836
vn 0.9948 0.0407 0.0939
vn 0.9714 0.0777 0.2246
vn 0.9769 0.0213 0.2126
vn 0.6050 -0.5232 -0.6002
vn 0.7163 -0.2421 -0.6544
vn 0.8549 -0.2725 -0.4415
vn 0.6847 -0.6031 -0.4093
vn 0.7501 -0.1068 -0.6526
vn 0.7530 -0.1183 -0.6473
vn 0.8644 -0.1310 -0.4855
vn 0.8775 -0.1053 -0.4679
vn 0.6697 -0.7360 0.0993
vn 0.6313 -0.6786 -0.3755
vn 0.7542 -0.5014 -0.4240
vn 0.7689 -0.6335 -0.0868
vn 0.5397 0.5417 -0.6444
vn 0.5311 0.6566 -0.5356
vn 0.5691 0.7328 -0.3729
vn 0.5615 0.7383 -0.3736
vn 0.6131 0.7497 -0.2490
vn 0.6124 0.7466 -0.2599
vn 0.6393 0.7652 -0.0763
vn 0.7725 0.6349 0.0076
vn 0.7729 0.5321 0.3457
vn 0.6914 0.7054 0.1565
vn 0.7594 0.5861 0.2825
vn 0.8716 0.3559 0.3371
vn 0.8717 0.2976 0.3893
vn 0.7919 0.4935 0.3597
vn 0.7559 0.4157 0.5058
vn 0.8061 0.2590 0.5322
vn 0.9146 0.0992 0.3920
vn 0.9064 0.1502 0.3949
vn 0.8177 0.1251 0.5619
vn 0.8058 0.0961 0.5844
vn 0.9258 0.0893 0.3673
vn 0.9167 0.1149 0.3827
vn 0.7948 0.1398 0.5905
vn 0.7912 0.1515 0.5926
vn 0.8432 -0.4141 0.3429
vn 0.9362 -0.0427 0.3489
vn 0.7856 0.0564 0.6162
vn 0.7422 -0.2596 0.6178
vn 0.7423 -0.6683 0.0491
vn 0.9590 -0.2747 0.0696
vn 0.9676 -0.1709 0.1860
vn 0.8047 -0.5726 0.1567
vn 0.6988 -0.6742 -0.2391
vn 0.9060 -0.3194 -0.2776
vn 0.9394 -0.3306 -0.0906
vn 0.7053 -0.7048 -0.0759
vn 0.0767 -0.2792 -0.9572
vn 0.0845 -0.0919 -0.9922
vn 0.2521 -0.0820 -0.9642
vn 0.2202 -0.2503 -0.9428
vn 0.0857 0.0812 -0.9930
vn 0.0826 0.2511 -0.9644
vn 0.2413 0.2463 -0.9387
vn 0.2586 0.0813 -0.9625
vn 0.0772 0.4151 -0.9065
vn 0.0739 0.5942 -0.8009
vn 0.1905 0.5862 -0.7875
vn 0.2090 0.4105 -0.8876
vn 0.3170 0.4021 -0.8589
vn 0.2793 0.5888 -0.7585
vn 0.3776 0.6385 -0.6707
vn 0.4062 0.4077 -0.8178
vn 0.4252 0.0775 -0.9018
vn 0.3840 0.2307 -0.8940
vn 0.4497 0.2121 -0.8676
vn 0.5471 0.0679 -0.8343
vn 0.3664 -0.1967 -0.9094
vn 0.4183 -0.0653 -0.9059
vn 0.5840 -0.0891 -0.8068
vn 0.5491 -0.1414 -0.8237
vn 0.2133 -0.5813 -0.7853
vn 0.2826 -0.3712 -0.8845
vn 0.4708 -0.2844 -0.8351
vn 0.3456 -0.4943 -0.7976
vn 0.0591 -0.6302 -0.7742
vn 0.0647 -0.4737 -0.8783
vn 0.1735 -0.4381 -0.8820
vn 0.1459 -0.6121 -0.7772
vn 0.9531 0.0827 0.2913
vn 0.9402 0.1276 0.3159
vn 0.9587 0.0521 0.2797
vn 0.9885 -0.0012 0.1510
vn 0.1742 -0.0731 -0.9820
vn 0.1046 0.2750 -0.9557
vn 0.3380 0.2980 -0.8927
vn 0.3713 0.0341 -0.9279
vn 0.5341 0.1484 -0.8323
vn 0.4312 0.3937 -0.8118
vn 0.5171 0.5835 -0.6262
vn 0.6760 0.0160 -0.7367
vn 0.6803 0.6218 -0.3879
vn 0.8506 0.5258 0.0023
vn 0.9713 -0.1942 -0.1371
vn 0.8551 -0.0911 -0.5104
vn 0.5488 -0.6494 -0.5264
vn 0.4175 -0.5088 -0.7529
vn 0.5226 -0.2896 -0.8019
vn 0.6288 -0.4441 -0.6382
vn 0.5389 -0.3628 0.7602
vn 0.4403 -0.6726 0.5948
vn 0.7544 -0.5065 0.4175
vn 0.8113 -0.0804 0.5790
vn 0.3054 0.9457 -0.1110
vn 0.4508 0.8711 0.1949
vn 0.5822 0.8129 -0.0151
vn 0.5079 0.8344 -0.2139
vn 0.1136 0.7250 -0.6793
vn 0.2131 0.9226 -0.3215
vn 0.4404 0.7811 -0.4427
vn 0.3320 0.6200 -0.7109
vn 0.4085 0.6699 -0.6199
vn 0.4530 0.8280 -0.3304
vn 0.3306 0.9043 -0.2702
vn 0.3085 0.7229 -0.6182
vn 0.2483 0.7518 -0.6108
vn 0.2374 0.9419 -0.2377
vn 0.1375 0.9622 -0.2350
vn 0.1463 0.7529 -0.6417
vn -0.0154 0.7499 -0.6614
vn 0.0257 0.9732 -0.2283
vn 0.0249 0.9707 -0.2391
vn -0.0599 0.7542 -0.6539
vn 0.4940 0.8443 -0.2077
vn 0.5239 0.8461 -0.0985
vn 0.3947 0.9181 -0.0360
vn 0.3434 0.9245 -0.1658
vn 0.2200 0.9672 -0.1268
vn 0.2827 0.9567 0.0692
vn 0.1921 0.9753 0.1089
vn 0.1238 0.9871 -0.1017
vn 0.0513 0.9958 -0.0756
vn 0.1671 0.9702 0.1753
vn 0.2459 0.9465 0.2091
vn 0.0945 0.9936 -0.0626
vn 0.8101 -0.1141 0.5751
vn 0.8480 -0.0594 0.5267
vn 0.6994 -0.0818 0.7100
vn 0.6035 -0.2066 0.7701
vn 0.4356 -0.3207 0.8411
vn 0.5509 -0.1947 0.8115
vn 0.4797 -0.3428 0.8077
vn 0.3924 -0.4482 0.8032
vn 0.4511 -0.5328 0.7160
vn 0.4819 -0.3982 0.7805
vn 0.3812 -0.4332 0.8167
vn 0.4252 -0.5794 0.6954
vn 0.7708 -0.3820 -0.5098
vn 0.6656 -0.2745 -0.6940
vn 0.4717 -0.4443 -0.7617
vn 0.4933 -0.7064 -0.5076
vn 0.2957 -0.8360 -0.4622
vn 0.2783 -0.5535 -0.7850
vn 0.1740 -0.6238 -0.7619
vn 0.2680 -0.8752 -0.4027
vn 0.3498 -0.8376 -0.4196
vn 0.1973 -0.6525 -0.7317
vn 0.2921 -0.6304 -0.7193
vn 0.4473 -0.7655 -0.4626
vn 0.4738 -0.0021 -0.8806
vn 0.3838 0.2504 -0.8888
vn 0.3161 0.2697 -0.9096
vn 0.3868 -0.0529 -0.9206
vn 0.2907 -0.1217 -0.9490
vn 0.2683 0.2741 -0.9235
vn 0.1496 0.2240 -0.9630
vn 0.1524 -0.1820 -0.9714
vn 0.0085 -0.2122 -0.9772
vn -0.0367 0.1716 -0.9845
vn -0.0864 0.2010 -0.9758
vn 0.0098 -0.2118 -0.9773
vn 0.9039 -0.4127 0.1120
vn 0.8468 -0.4342 -0.3073
vn 0.5428 -0.7953 -0.2698
vn 0.6778 -0.7333 0.0536
vn 0.5332 -0.8203 0.2068
vn 0.3772 -0.9113 -0.1653
vn 0.3475 -0.9301 -0.1188
vn 0.4598 -0.8298 0.3161
vn 0.4871 -0.8371 0.2489
vn 0.4042 -0.8882 -0.2183
vn 0.5054 -0.8009 -0.3211
vn 0.6015 -0.7656 0.2279
vn 0.9247 -0.0479 0.3778
vn 0.9348 -0.0813 0.3457
vn 0.9654 -0.0703 0.2513
vn 0.9519 -0.0571 0.3009
vn 0.7579 -0.1632 0.6316
vn 0.8453 -0.0742 0.5291
vn 0.7751 -0.3849 0.5010
vn 0.7765 -0.4796 0.4086
vn 0.8177 -0.2797 0.5031
vn 0.4692 -0.4581 0.7550
vn 0.7029 0.2095 0.6797
vn 0.8615 0.0416 0.5061
vn 0.1299 -0.1922 0.9727
vn 0.3792 -0.2257 0.8973
vn 0.4233 -0.3510 0.8353
vn 0.3036 -0.3948 0.8672
vn 0.5070 -0.2677 0.8193
vn 0.6218 -0.2587 0.7392
vn 0.6456 -0.4860 0.5891
vn 0.5212 -0.3859 0.7612
vn 0.3686 -0.5802 0.7263
vn 0.3314 -0.6628 0.6714
vn 0.3604 -0.3001 0.8832
vn 0.4059 -0.1110 0.9072
vn 0.3245 -0.5000 0.8029
vn 0.3151 -0.5327 0.7855
vn 0.4265 0.0097 0.9045
vn 0.5249 0.1272 0.8416
vn 0.0999 -0.6713 0.7344
vn -0.0255 -0.4660 0.8844
vn 0.0006 -0.5861 0.8103
vn 0.2133 -0.5261 0.8232
vn 0.1161 0.9922 0.0450
vn 0.1502 0.9850 -0.0852
vn 0.0946 0.9622 -0.2554
vn 0.4146 0.9096 0.0257
vn 0.3229 0.9387 0.1209
vn 0.5092 0.8517 0.1236
vn 0.7018 0.7054 -0.0990
vn 0.1841 0.9775 0.1031
vn 0.1590 0.9840 0.0807
vn 0.2981 0.9245 0.2377
vn 0.2942 0.5239 -0.7994
vn 0.4616 0.6836 -0.5653
vn 0.6706 0.4970 -0.5507
vn 0.8899 0.4164 -0.1863
vn 0.7935 0.6086 0.0003
vn 0.8675 0.4353 0.2409
vn 0.6645 0.4352 0.6074
vn 0.5532 0.7002 0.4514
vn 0.3441 0.4719 0.8118
vn -0.1492 0.5933 0.7910
vn -0.4897 0.6250 0.6079
vn -0.5441 0.6442 0.5375
vn -0.1670 -0.9822 -0.0859
vn -0.1651 -0.9826 -0.0847
vn -0.1631 -0.9834 -0.0794
vn -0.1590 -0.9840 -0.0806
vn -0.1511 -0.9851 -0.0821
vn -0.1583 -0.9829 -0.0938
vn -0.7279 0.6509 0.2157
vn -0.7233 0.6512 0.2299
vn -0.7628 0.6358 -0.1176
vn -0.7675 0.6224 -0.1538
vn -0.4674 0.6406 -0.6092
vn -0.4612 0.6881 -0.5602
vn -0.0203 0.6963 -0.7175
vn -0.0355 0.5947 -0.8032
vn 0.2898 0.4669 -0.8355
vn 0.6477 0.4694 -0.6001
vn 0.6027 0.5131 -0.6111
vn 0.2389 0.4425 -0.8643
vn 0.8702 0.4599 -0.1769
vn 0.8803 0.4190 0.2224
vn 0.8645 0.4456 0.2327
vn 0.8639 0.4921 -0.1072
vn 0.6521 0.4771 0.5893
vn 0.2559 0.4979 0.8286
vn 0.2102 0.5176 0.8294
vn 0.6063 0.5134 0.6074
vn -0.1442 0.4868 0.8615
vn -0.4591 0.6068 0.6488
vn -0.3890 0.6352 0.6672
vn -0.0498 0.4982 0.8656
vn -0.7381 0.6369 0.2226
vn -0.7714 0.6234 -0.1276
vn -0.7812 0.6177 -0.0909
vn -0.7336 0.6402 0.2279
vn -0.4669 0.6535 -0.5957
vn -0.0152 0.5683 -0.8227
vn 0.0058 0.5553 -0.8316
vn -0.4685 0.6749 -0.5702
vn -0.5603 0.8269 -0.0473
vn -0.6551 0.6924 0.3025
vn 0.0624 0.9979 -0.0145
vn -0.4133 0.6804 0.6052
vn 0.0237 0.5861 0.8099
vn 0.3759 0.7886 0.4866
vn 0.1063 0.9453 -0.3084
vn 0.1728 0.9713 -0.1633
vn 0.3231 0.8448 -0.4265
vn 0.4721 0.8549 -0.2152
vn 0.1904 0.9705 -0.1476
vn 0.2431 0.9695 -0.0314
vn 1.0000 -0.0000 -0.0000
vn 0.2579 0.9188 0.2988
vn 0.1839 0.9771 0.1074
vn 0.1594 0.9872 -0.0098
vn 0.2641 0.9117 0.3146
vn 0.1565 0.9865 0.0476
vn 0.1522 0.9872 0.0486
vn 0.1676 0.9840 0.0609
vn 0.3963 -0.8934 -0.2115
vn 0.3648 -0.8425 -0.3964
vn 0.2670 -0.9196 -0.2881
vn 0.1006 -0.9151 0.3905
vn 0.2700 -0.9191 0.2868
vn 0.2007 -0.9565 0.2116
vn 0.2657 -0.9498 0.1653
vn 0.3333 -0.9204 0.2046
vn 0.3693 -0.9215 0.1204
vn 0.2089 -0.8629 -0.4602
vn 0.3105 -0.8114 -0.4952
vn 0.1291 -0.7738 -0.6201
vn 0.1608 0.1574 -0.9744
vn 0.1463 0.5105 -0.8473
vn 0.4702 0.4236 -0.7743
vn 0.5039 0.1468 -0.8512
vn 0.1002 -0.4601 -0.8822
vn 0.1459 -0.1496 -0.9779
vn 0.4630 -0.0993 -0.8808
vn 0.3204 -0.4393 -0.8393
vn 0.6911 -0.3455 -0.6348
vn 0.7811 -0.0331 -0.6236
vn 0.9245 -0.0430 -0.3787
vn 0.8200 -0.3936 -0.4156
vn 0.8114 0.1886 -0.5532
vn 0.7603 0.4280 -0.4886
vn 0.8384 0.5196 -0.1645
vn 0.9297 0.2705 -0.2498
vn 0.9544 0.2765 0.1123
vn 0.8293 0.5411 0.1394
vn 0.7501 0.4467 0.4877
vn 0.8037 0.2319 0.5479
vn 0.7919 0.3139 -0.5238
vn 0.4556 0.4400 0.7738
vn 0.6517 0.3014 0.6960
vn 0.9086 0.2367 -0.3441
vn 0.3206 -0.4020 0.8577
vn 0.4041 -0.1481 0.9026
vn 0.1385 -0.1667 0.9762
vn 0.1060 -0.4837 0.8688
vn 0.4792 0.1746 0.8602
vn 0.4610 0.4350 0.7735
vn 0.1457 0.5110 0.8471
vn 0.1560 0.1618 0.9744
vn 0.0942 -0.7878 -0.6087
vn 0.3137 -0.7005 -0.6410
vn 0.3637 -0.8856 -0.2889
vn 0.0534 -0.9710 -0.2332
vn 0.0411 -0.9728 0.2279
vn 0.2044 -0.9449 0.2558
vn 0.2985 -0.7279 0.6173
vn 0.0950 -0.8021 0.5895
vn 0.4701 0.7742 -0.4237
vn 0.1461 0.8473 -0.5106
vn 0.1612 0.9743 -0.1571
vn 0.5111 0.8482 -0.1388
vn 0.5111 0.8482 0.1388
vn 0.1612 0.9743 0.1571
vn 0.1462 0.8473 0.5106
vn 0.4701 0.7742 0.4237
vn 0.8752 -0.4318 0.2182
vn 0.6829 -0.5337 0.4989
vn 0.5635 -0.5232 0.6394
vn 0.6867 -0.6684 0.2856
vn 0.6560 -0.2979 0.6935
vn 0.7173 -0.0903 0.6909
vn 0.6899 -0.1243 0.7131
vn 0.6078 -0.2973 0.7363
vn 0.7517 0.3788 0.5398
vn 0.1486 0.8478 -0.5090
vn 0.9243 0.3748 0.0724
vn 0.8143 0.1985 0.5454
vn -0.0258 0.2491 -0.9681
vn 0.2568 -0.2707 -0.9278
vn 0.9467 -0.3092 -0.0899
vn 0.9644 0.0262 -0.2630
vn 0.6474 -0.7058 -0.2876
vn 0.8047 -0.3389 -0.4874
vn 0.5826 -0.1089 0.8054
vn 0.3537 -0.6553 0.6675
vn -0.2921 -0.6309 0.7188
vn -0.0530 -0.8973 -0.4381
vn 0.1247 -0.9522 -0.2787
vn -0.1464 -0.7562 0.6377
vn 0.2885 -0.3138 -0.9046
vn 0.4424 -0.0827 -0.8930
vn 0.5139 -0.1756 -0.8397
vn 0.3650 -0.3727 -0.8532
vn 0.0499 0.1713 0.9840
vn -0.1353 -0.0814 0.9875
vn -0.0181 -0.1329 0.9910
vn 0.1284 0.1144 0.9851
vn 0.3696 0.0128 0.9291
vn 0.2800 -0.2369 0.9303
vn 0.0356 -0.1479 0.9884
vn 0.1750 0.0973 0.9798
vn 0.0654 0.1708 0.9831
vn -0.1131 -0.0879 0.9897
vn -0.1713 -0.0599 0.9834
vn 0.0157 0.1958 0.9805
vn -0.4787 0.2064 -0.8534
vn -0.2473 0.3293 -0.9113
vn -0.1091 0.3029 -0.9468
vn -0.2951 0.1358 -0.9458
vn -0.0169 -0.0836 -0.9964
vn 0.1570 0.1410 -0.9775
vn 0.3709 -0.0213 -0.9284
vn 0.2126 -0.2551 -0.9433
vn -0.2743 -0.6503 0.7084
vn -0.8441 -0.3251 -0.4264
vn -0.7575 -0.4191 -0.5006
vn -0.4275 -0.5471 0.7197
vn -0.4295 -0.5464 0.7190
vn -0.4802 -0.6875 -0.5447
vn -0.1936 -0.8515 -0.4872
vn -0.3786 -0.5816 0.7200
vn 0.0293 0.6863 -0.7267
vn 0.4238 0.5292 0.7351
vn 0.3500 0.5650 0.7472
vn 0.1548 0.6666 -0.7292
vn 0.4540 0.5612 -0.6920
vn 0.3534 0.5549 0.7531
vn 0.3939 0.5126 0.7629
vn 0.6963 0.4030 -0.5940
vn 0.9883 0.1186 -0.0961
vn 0.9537 0.1226 -0.2746
vn 0.8960 0.3597 -0.2605
vn 0.9326 0.3492 -0.0910
vn 0.8180 0.5696 -0.0803
vn 0.7793 0.5828 -0.2303
vn 0.6085 0.7720 -0.1838
vn 0.6456 0.7610 -0.0640
vn 0.4147 0.9090 -0.0415
vn 0.3871 0.9142 -0.1197
vn 0.1353 0.9899 -0.0416
vn 0.1447 0.9894 -0.0144
vn -0.1223 0.9924 0.0119
vn -0.1163 0.9926 0.0336
vn -0.2533 0.9652 0.0649
vn -0.2616 0.9649 0.0243
vn -0.2616 -0.9649 0.0243
vn -0.2533 -0.9652 0.0649
vn -0.1163 -0.9926 0.0336
vn -0.1223 -0.9924 0.0119
vn 0.1446 -0.9894 -0.0144
vn 0.1353 -0.9899 -0.0416
vn 0.3871 -0.9142 -0.1197
vn 0.4147 -0.9090 -0.0415
vn 0.6456 -0.7610 -0.0640
vn 0.6085 -0.7720 -0.1838
vn 0.7793 -0.5828 -0.2303
vn 0.8180 -0.5696 -0.0803
vn 0.9326 -0.3492 -0.0910
vn 0.8960 -0.3597 -0.2605
vn 0.9537 -0.1226 -0.2746
vn 0.9883 -0.1186 -0.0961
vn 0.8685 0.1343 -0.4771
vn 0.6276 0.1518 -0.7636
vn 0.5696 0.4319 -0.6993
vn 0.8046 0.3897 -0.4481
vn 0.6825 0.6189 -0.3889
vn 0.4675 0.6649 -0.5826
vn 0.3420 0.8330 -0.4350
vn 0.5168 0.8004 -0.3038
vn 0.3211 0.9267 -0.1950
vn 0.2077 0.9401 -0.2705
vn 0.0757 0.9921 -0.0998
vn 0.1151 0.9909 -0.0698
vn -0.1078 0.9923 0.0605
vn -0.0749 0.9924 0.0978
vn -0.1809 0.9564 0.2294
vn -0.2536 0.9595 0.1223
vn -0.2536 -0.9595 0.1223
vn -0.1809 -0.9564 0.2294
vn -0.0749 -0.9924 0.0978
vn -0.1078 -0.9923 0.0605
vn 0.1151 -0.9909 -0.0698
vn 0.0757 -0.9921 -0.0999
vn 0.2077 -0.9401 -0.2704
vn 0.3211 -0.9267 -0.1950
vn 0.5168 -0.8004 -0.3038
vn 0.3420 -0.8330 -0.4350
vn 0.4675 -0.6649 -0.5826
vn 0.6825 -0.6188 -0.3889
vn 0.8046 -0.3897 -0.4481
vn 0.5696 -0.4319 -0.6993
vn 0.6276 -0.1518 -0.7636
vn 0.8685 -0.1343 -0.4771
vn 0.3118 0.1560 -0.9373
vn 0.0931 0.1547 -0.9836
vn 0.0846 0.4390 -0.8945
vn 0.2828 0.4421 -0.8512
vn 0.2317 0.6756 -0.7000
vn 0.0696 0.6725 -0.7368
vn 0.0511 0.8384 -0.5427
vn 0.1693 0.8403 -0.5149
vn 0.1025 0.9437 -0.3145
vn 0.0308 0.9438 -0.3292
vn 0.0104 0.9936 -0.1124
vn 0.0353 0.9930 -0.1127
vn -0.0313 0.9940 0.1048
vn -0.0081 0.9953 0.0966
vn -0.0162 0.9774 0.2108
vn -0.0669 0.9689 0.2382
vn -0.0669 -0.9689 0.2382
vn -0.0162 -0.9774 0.2108
vn -0.0081 -0.9953 0.0966
vn -0.0313 -0.9940 0.1048
vn 0.0353 -0.9930 -0.1127
vn 0.0104 -0.9936 -0.1124
vn 0.0308 -0.9438 -0.3292
vn 0.1025 -0.9437 -0.3145
vn 0.1693 -0.8403 -0.5149
vn 0.0511 -0.8384 -0.5426
vn 0.0696 -0.6725 -0.7368
vn 0.2317 -0.6756 -0.7000
vn 0.2828 -0.4421 -0.8512
vn 0.0846 -0.4391 -0.8945
vn 0.0931 -0.1547 -0.9836
vn 0.3118 -0.1560 -0.9373
vn 0.0931 0.1553 0.9835
vn 0.3113 0.1588 0.9370
vn 0.2808 0.4486 0.8485
vn 0.0844 0.4403 0.8939
vn 0.0692 0.6739 0.7356
vn 0.2284 0.6823 0.6944
vn 0.1657 0.8450 0.5085
vn 0.0507 0.8393 0.5412
vn 0.0304 0.9444 0.3275
vn 0.0992 0.9460 0.3085
vn 0.0347 0.9936 0.1077
vn 0.0099 0.9938 0.1104
vn -0.0084 0.9956 -0.0933
vn -0.0304 0.9948 -0.0969
vn -0.0648 0.9741 -0.2168
vn -0.0170 0.9793 -0.2018
vn -0.0170 -0.9793 -0.2018
vn -0.0648 -0.9741 -0.2168
vn -0.0304 -0.9948 -0.0969
vn -0.0084 -0.9956 -0.0932
vn 0.0099 -0.9938 0.1104
vn 0.0347 -0.9936 0.1077
vn 0.0992 -0.9460 0.3085
vn 0.0304 -0.9444 0.3274
vn 0.0507 -0.8393 0.5412
vn 0.1657 -0.8450 0.5085
vn 0.2284 -0.6823 0.6944
vn 0.0692 -0.6739 0.7356
vn 0.0844 -0.4403 0.8939
vn 0.2808 -0.4486 0.8485
vn 0.3113 -0.1588 0.9370
vn 0.0931 -0.1553 0.9835
vn 0.6279 0.1603 0.7616
vn 0.8681 0.1450 0.4747
vn 0.7970 0.4161 0.4378
vn 0.5664 0.4520 0.6891
vn 0.4595 0.6860 0.5641
vn 0.6648 0.6488 0.3703
vn 0.4939 0.8227 0.2814
vn 0.3321 0.8476 0.4138
vn 0.2004 0.9460 0.2549
vn 0.3047 0.9354 0.1791
vn 0.1155 0.9908 0.0701
vn 0.0741 0.9926 0.0964
vn -0.0763 0.9920 -0.1007
vn -0.1242 0.9894 -0.0752
vn -0.3243 0.9283 -0.1820
vn -0.1897 0.9501 -0.2477
vn -0.1898 -0.9501 -0.2478
vn -0.3243 -0.9283 -0.1820
vn -0.1242 -0.9894 -0.0753
vn -0.0763 -0.9920 -0.1007
vn 0.0741 -0.9926 0.0964
vn 0.1155 -0.9908 0.0701
vn 0.3047 -0.9355 0.1791
vn 0.2004 -0.9460 0.2549
vn 0.3321 -0.8476 0.4138
vn 0.4939 -0.8227 0.2814
vn 0.6648 -0.6488 0.3703
vn 0.4595 -0.6860 0.5641
vn 0.5664 -0.4521 0.6891
vn 0.7970 -0.4161 0.4378
vn 0.8681 -0.1450 0.4747
vn 0.6279 -0.1603 0.7616
vn 0.9533 0.1277 0.2736
vn 0.9882 0.1194 0.0959
vn 0.9319 0.3512 0.0906
vn 0.8917 0.3728 0.2567
vn 0.7689 0.5990 0.2236
vn 0.8163 0.5721 0.0796
vn 0.6431 0.7632 0.0631
vn 0.5939 0.7852 0.1755
vn 0.3760 0.9196 0.1136
vn 0.4127 0.9099 0.0409
vn 0.1448 0.9894 0.0145
vn 0.1361 0.9898 0.0421
vn -0.1262 0.9912 -0.0388
vn -0.1239 0.9922 -0.0124
vn -0.2668 0.9634 -0.0260
vn -0.2879 0.9541 -0.0832
vn -0.2879 -0.9540 -0.0832
vn -0.2668 -0.9634 -0.0260
vn -0.1239 -0.9922 -0.0124
vn -0.1262 -0.9912 -0.0388
vn 0.1361 -0.9898 0.0421
vn 0.1448 -0.9894 0.0145
vn 0.4127 -0.9100 0.0409
vn 0.3760 -0.9196 0.1136
vn 0.5938 -0.7852 0.1755
vn 0.6431 -0.7632 0.0632
vn 0.8163 -0.5721 0.0796
vn 0.7689 -0.5990 0.2236
vn 0.8917 -0.3728 0.2567
vn 0.9319 -0.3512 0.0906
vn 0.9882 -0.1194 0.0959
vn 0.9533 -0.1277 0.2736
vn 0.1449 0.9746 0.1710
vn 0.0743 0.9971 0.0184
vn 0.1632 0.9852 0.0522
vn 0.3473 0.9224 0.1689
vn 0.0488 0.9978 -0.0438
vn 0.1124 0.9924 0.0502
vn 0.0292 0.9879 -0.1520
vn 0.1528 0.9873 0.0431
vn 0.2693 0.9608 0.0664
vn 0.1333 0.9870 0.0898
vn 0.3959 0.0761 -0.9151
vn 0.3664 0.1964 -0.9095
vn 0.1511 0.3606 -0.9204
vn 0.3800 0.1213 -0.9170
vn 0.2719 -0.0030 -0.9623
vn 0.1258 0.2231 -0.9666
vn 0.5026 -0.3725 -0.7801
vn 0.5683 -0.1573 -0.8076
vn 0.4721 -0.0721 -0.8786
vn 0.4501 -0.0085 -0.8930
vn 0.4751 0.1182 -0.8719
vn 0.5802 0.0968 -0.8087
vn -0.2487 0.1346 -0.9592
vn -0.4853 0.0991 -0.8687
vn -0.5132 -0.2405 -0.8239
vn -0.2620 -0.2470 -0.9329
vn -0.5025 0.1669 -0.8483
vn -0.4560 0.3399 -0.8225
vn -0.6109 -0.0156 -0.7915
vn -0.5767 -0.2309 -0.7836
vn -0.7458 0.3348 0.5760
vn -0.7499 0.1637 0.6410
vn -0.7573 -0.3641 0.5422
vn -0.9082 0.0827 0.4102
vn -0.1394 -0.9431 0.3019
vn -0.0807 -0.9338 0.3485
vn -0.1497 -0.7476 0.6471
vn -0.2917 -0.7721 0.5647
vn -0.4527 -0.4810 0.7508
vn -0.1837 -0.4791 0.8583
vn -0.1937 -0.2269 0.9544
vn -0.4926 -0.2580 0.8311
vn -0.7286 -0.4346 0.5294
vn -0.6208 -0.4365 0.6513
vn -0.6288 -0.3290 0.7046
vn -0.7146 -0.3947 0.5775
vn -0.7572 -0.1381 0.6384
vn -0.6486 -0.0713 0.7578
vn -0.6376 0.1741 0.7505
vn -0.7496 0.1307 0.6489
vn -0.7114 0.3025 0.6344
vn -0.6109 0.3311 0.7191
vn -0.5968 0.3975 0.6970
vn -0.6915 0.3763 0.6166
vn -0.6785 0.3767 0.6307
vn -0.6142 0.3916 0.6851
vn -0.6408 0.3350 0.6908
vn -0.6911 0.3333 0.6413
vn -0.7136 0.2344 0.6602
vn -0.6724 0.2468 0.6978
vn -0.7009 0.2171 0.6794
vn -0.7176 0.2301 0.6574
vn -0.8920 -0.4057 0.1991
vn -0.8024 -0.4149 0.4289
vn -0.8066 -0.4056 0.4300
vn -0.8962 -0.4024 0.1866
vn -0.9584 -0.2051 0.1984
vn -0.8634 -0.1819 0.4707
vn -0.8667 0.0728 0.4935
vn -0.9768 0.0348 0.2111
vn -0.9497 0.2238 0.2190
vn -0.8281 0.2525 0.5005
vn -0.8080 0.3297 0.4884
vn -0.9245 0.3031 0.2311
vn -0.9235 0.2820 0.2601
vn -0.7776 0.3245 0.5386
vn -0.7776 0.2883 0.5588
vn -0.9238 0.1534 0.3508
vn -0.9516 0.0152 0.3069
vn -0.7875 0.1972 0.5840
vn -0.8067 0.2420 0.5392
vn -0.7526 -0.3695 -0.5451
vn -0.8760 -0.4189 -0.2393
vn -0.8818 -0.4115 -0.2304
vn -0.7487 -0.3587 -0.5575
vn -0.7857 -0.1746 -0.5935
vn -0.9489 -0.2126 -0.2331
vn -0.9700 0.0308 -0.2413
vn -0.7866 0.0475 -0.6156
vn -0.7531 0.2238 -0.6186
vn -0.9435 0.2220 -0.2462
vn -0.9187 0.3020 -0.2545
vn -0.7198 0.2954 -0.6282
vn -0.7077 0.2760 -0.6504
vn -0.9165 0.2870 -0.2788
vn -0.9294 0.2388 -0.2816
vn -0.7209 0.1958 -0.6648
vn -0.7164 0.0423 -0.6964
vn -0.9428 0.0165 -0.3329
vn -0.8291 0.2224 -0.5130
vn -0.5368 -0.3829 -0.7518
vn -0.6831 -0.3051 -0.6635
vn -0.6728 -0.2547 -0.6946
vn -0.5648 -0.1288 -0.8151
vn -0.5654 -0.0816 -0.8208
vn -0.6575 -0.1138 -0.7448
vn -0.6294 0.0820 -0.7727
vn -0.5285 0.1114 -0.8416
vn -0.5012 0.2609 -0.8251
vn -0.5854 0.2548 -0.7696
vn -0.5425 0.3244 -0.7749
vn -0.4560 0.3561 -0.8156
vn -0.4403 0.3336 -0.8336
vn -0.5176 0.3040 -0.7998
vn -0.4942 0.2510 -0.8323
vn -0.4389 0.2672 -0.8579
vn -0.4580 0.1823 -0.8700
vn -0.4670 0.2027 -0.8607
vn -0.4621 0.2502 -0.8508
vn -0.4590 0.1708 -0.8719
vn -0.1491 -0.9392 -0.3093
vn -0.1431 -0.9549 -0.2603
vn -0.1867 -0.9221 -0.3391
vn -0.1580 -0.9229 -0.3512
vn -0.2957 -0.7754 -0.5580
vn -0.3692 -0.5941 -0.7147
vn -0.4424 -0.3380 -0.8307
vn -0.1593 0.2909 -0.9434
vn -0.4005 0.2862 -0.8704
vn -0.4018 0.3387 -0.8508
vn -0.1941 0.3085 -0.9312
vn -0.1945 0.3021 -0.9332
vn -0.4097 0.3222 -0.8534
vn -0.4184 0.2554 -0.8716
vn -0.2123 0.2441 -0.9462
vn -0.2278 0.1499 -0.9621
vn -0.4346 0.1574 -0.8867
vn -0.4526 0.1201 -0.8836
vn -0.2377 0.1290 -0.9627
vn -0.5779 0.2175 0.7866
vn -0.2689 0.2003 0.9421
vn -0.2943 0.1758 0.9394
vn -0.6113 0.1798 0.7707
vn -0.5138 0.3702 0.7739
vn -0.2322 0.3325 0.9141
vn -0.2504 0.2890 0.9240
vn -0.5451 0.3104 0.7788
vn -0.4583 0.3166 0.8305
vn -0.1833 0.2715 0.9448
vn -0.1940 0.3145 0.9292
vn -0.4653 0.3729 0.8028
vn -0.4804 -0.0078 0.8770
vn -0.1878 0.0293 0.9818
vn -0.1867 0.1979 0.9623
vn -0.4740 0.1942 0.8589
vn -0.4444 -0.0636 -0.8936
vn -0.4452 0.0435 -0.8944
vn -0.4697 0.0052 -0.8828
vn -0.6564 0.1059 0.7469
vn -0.3475 0.1426 0.9268
vn -0.4308 -0.3945 0.8117
vn -0.6096 -0.4577 0.6472
vn -0.4068 -0.3307 -0.8516
vn -0.7032 -0.1152 -0.7016
vn -0.6989 -0.2235 -0.6794
vn -0.5182 -0.4533 -0.7253
vn -0.8215 -0.0502 -0.5680
vn -0.9643 -0.0723 -0.2548
vn -0.9389 -0.2277 -0.2579
vn -0.7931 -0.1958 -0.5767
vn -0.9695 -0.0602 0.2374
vn -0.8546 -0.0392 0.5179
vn -0.8480 -0.2001 0.4907
vn -0.9509 -0.2074 0.2298
vn -0.7138 -0.1130 0.6912
vn -0.3763 -0.4134 0.8292
vn -0.5341 -0.4619 0.7081
vn -0.7532 -0.2639 0.6025
vn -0.0309 -0.7021 0.7114
vn 0.3469 -0.7924 0.5018
vn 0.0077 -0.9300 0.3675
vn -0.2578 -0.7536 0.6047
vn 0.6361 -0.7031 0.3180
vn 0.9063 -0.4150 0.0799
vn 0.4455 -0.8948 0.0283
vn 0.1699 -0.9640 0.2047
vn 0.9677 -0.1652 -0.1903
vn 0.8867 -0.1201 -0.4465
vn 0.4857 -0.7710 -0.4120
vn 0.6233 -0.7425 -0.2455
vn 0.6949 -0.2307 -0.6810
vn 0.4118 -0.4352 -0.8006
vn 0.2077 -0.8441 -0.4944
vn 0.3994 -0.8238 -0.4023
vn 0.3844 -0.7583 -0.5266
vn 0.3252 -0.8518 -0.4107
vn -0.6354 0.7721 -0.0086
vn 0.2860 -0.0593 -0.9564
vn 0.6408 -0.1503 -0.7529
vn 0.6483 -0.0166 -0.7612
vn 0.2640 0.0011 -0.9645
vn 0.2620 0.0538 -0.9636
vn 0.6502 0.0509 -0.7580
vn 0.6490 0.1446 -0.7469
vn 0.2642 0.1449 -0.9535
vn 0.2687 0.1279 -0.9547
vn 0.6555 0.1253 -0.7448
vn 0.6596 0.0259 -0.7512
vn 0.2786 0.0182 -0.9602
vn 0.3309 -0.1397 -0.9333
vn 0.6660 -0.0546 -0.7440
vn 0.9608 -0.2197 -0.1691
vn 0.7228 -0.4953 -0.4818
vn 0.8650 -0.0787 -0.4956
vn 0.9854 -0.0488 -0.1633
vn 0.9865 -0.0032 -0.1635
vn 0.8830 -0.0065 -0.4694
vn 0.8832 0.0503 -0.4663
vn 0.9856 0.0489 -0.1616
vn 0.9782 0.1332 -0.1591
vn 0.8777 0.1381 -0.4589
vn 0.8823 0.1199 -0.4552
vn 0.9803 0.1162 -0.1595
vn 0.9870 0.0211 -0.1594
vn 0.8874 0.0262 -0.4602
vn 0.8886 -0.0204 -0.4582
vn 0.9851 -0.0409 -0.1671
vn 0.7493 -0.5434 0.3785
vn 0.9598 -0.2382 0.1482
vn 0.9865 -0.0441 0.1579
vn 0.8884 -0.0896 0.4502
vn 0.8917 -0.0027 0.4526
vn 0.9874 -0.0018 0.1582
vn 0.9860 0.0508 0.1586
vn 0.8901 0.0599 0.4519
vn 0.8796 0.1619 0.4474
vn 0.9779 0.1375 0.1574
vn 0.9804 0.1184 0.1576
vn 0.8818 0.1396 0.4505
vn 0.8919 0.0018 0.4523
vn 0.9879 0.0110 0.1546
vn 0.9841 -0.1191 0.1320
vn 0.8754 -0.2444 0.4170
vn -0.0431 -0.9322 0.3593
vn 0.3904 -0.8091 0.4392
vn 0.6535 -0.1770 0.7359
vn 0.2960 -0.2236 0.9286
vn 0.2912 0.0274 0.9563
vn 0.6628 -0.0021 0.7488
vn 0.6590 0.0721 0.7487
vn 0.2667 0.0877 0.9598
vn 0.2587 0.2195 0.9407
vn 0.6484 0.1957 0.7357
vn 0.6523 0.1717 0.7382
vn 0.2635 0.1958 0.9446
vn 0.2713 0.0100 0.9625
vn 0.6658 -0.0015 0.7462
vn 0.6328 -0.3492 0.6911
vn 0.2001 -0.3374 0.9198
vn -0.6730 0.0530 0.7378
vn -0.2838 0.0402 0.9580
vn -0.2817 0.0906 0.9552
vn -0.6825 0.0766 0.7268
vn -0.6735 0.1831 0.7161
vn -0.2791 0.2202 0.9347
vn -0.2823 0.1934 0.9396
vn -0.6747 0.1502 0.7226
vn -0.6816 0.0229 0.7314
vn -0.3011 0.0305 0.9531
vn -0.2972 -0.1791 0.9379
vn -0.6809 -0.0500 0.7307
vn -0.9155 -0.3608 0.1780
vn -0.7043 -0.5950 0.3872
vn -0.8955 -0.1130 0.4306
vn -0.9766 -0.1374 0.1652
vn -0.9793 -0.0438 0.1977
vn -0.8637 -0.0140 0.5037
vn -0.8612 0.0559 0.5052
vn -0.9758 0.0448 0.2139
vn -0.9681 0.1347 0.2112
vn -0.8522 0.1521 0.5005
vn -0.8544 0.1113 0.5075
vn -0.9730 0.0883 0.2133
vn -0.9753 -0.0226 0.2197
vn -0.8548 -0.0019 0.5190
vn -0.8543 -0.0339 0.5187
vn -0.9720 -0.0545 0.2287
vn -0.7383 -0.2672 -0.6193
vn -0.9384 -0.3240 -0.1200
vn -0.9698 -0.1094 -0.2178
vn -0.8598 -0.0061 -0.5107
vn -0.6247 -0.6574 -0.4214
vn -0.8595 0.0117 -0.5109
vn -0.9748 -0.0325 -0.2205
vn -0.9747 0.0408 -0.2196
vn -0.8529 0.0472 -0.5200
vn -0.8482 0.1178 -0.5164
vn -0.9691 0.1229 -0.2139
vn -0.9732 0.0816 -0.2148
vn -0.8538 0.0876 -0.5132
vn -0.8580 0.0015 -0.5137
vn -0.9764 -0.0191 -0.2149
vn -0.9707 -0.0526 -0.2343
vn -0.8396 -0.0275 -0.5425
vn -0.3123 0.0796 -0.9466
vn -0.6710 0.0301 -0.7409
vn -0.6706 0.0514 -0.7400
vn -0.2812 0.0617 -0.9577
vn -0.2774 0.1343 -0.9513
vn -0.6696 0.1215 -0.7327
vn -0.6756 0.1007 -0.7304
vn -0.2823 0.1186 -0.9520
vn -0.2905 0.0162 -0.9567
vn -0.6803 0.0155 -0.7327
vn -0.6834 -0.0484 -0.7284
vn -0.3237 -0.1297 -0.9372
vn 0.7329 -0.6778 -0.0586
vn 0.2618 -0.9588 0.1104
vn 0.2625 -0.9594 -0.1030
vn 0.1381 -0.9883 -0.0643
vn 0.0493 -0.9918 0.1176
vn 0.0743 -0.9972 0.0011
vn 0.2146 -0.9767 0.0002
vn -0.5256 -0.8504 -0.0233
vn 0.2816 -0.9541 -0.1016
vn 0.0261 -0.9876 0.1548
vn -0.5890 -0.8079 0.0196
vn 0.3904 -0.9178 -0.0720
vn 0.3457 -0.9364 0.0603
vn 0.4658 -0.8786 0.1050
vn 0.4731 -0.8788 -0.0621
vn -0.4805 -0.8746 0.0650
vn -0.4141 -0.9088 -0.0499
vn -0.7172 -0.6955 -0.0437
vn -0.7755 -0.6299 0.0425
vn 0.0426 -0.9775 -0.2066
vn -0.1949 -0.9498 -0.2448
vn -0.1570 -0.9608 -0.2286
vn -0.0375 -0.9896 -0.1388
vn -0.0201 -0.9856 0.1679
vn 0.0818 -0.9963 0.0276
vn 0.0006 -0.9994 0.0356
vn -0.0302 -0.9859 0.1645
vn -0.2089 -0.9071 0.3655
vn 0.0312 -0.3045 0.9520
vn -0.6563 -0.6003 0.4570
vn 0.6350 -0.7725 -0.0012
vn 0.6545 -0.7558 -0.0193
vn -0.6162 0.7876 -0.0014
vn -0.6486 -0.0179 -0.7609
vn -0.3330 -0.0112 -0.9429
vn -0.2529 -0.8768 -0.4089
vn 0.0669 -0.9357 0.3464
vn -0.7224 -0.1132 0.6821
vn -0.2026 -0.8481 0.4895
vn -0.3214 -0.0015 0.9469
vn -0.6665 -0.0034 0.7455
vn -0.2550 -0.8739 0.4138
vn 0.1341 -0.7787 -0.6128
vn -0.6831 -0.1101 -0.7220
vn 0.2295 -0.7419 -0.6301
vn -0.1673 -0.2041 -0.9645
vn -0.2281 -0.7629 -0.6049
vn -0.4377 -0.8509 -0.2904
vn -0.6113 0.7171 -0.3349
vn -0.3723 0.7909 -0.4857
vn -0.3038 0.7078 -0.6377
vn -0.5198 0.2621 0.8131
vn -0.6359 0.4898 0.5965
vn -0.3926 0.6045 0.6932
vn -0.5086 0.5776 0.6385
vn -0.6630 0.6841 0.3041
vn -0.4892 0.5934 0.6392
vn -0.1717 0.8128 -0.5566
vn -0.1519 0.4473 -0.8814
vn -0.2040 0.6519 -0.7303
vn -0.7573 0.2538 -0.6018
vn -0.6313 0.1412 -0.7626
vn -0.5536 0.1683 -0.8156
vn -0.7766 0.2201 0.5903
vn -0.7748 0.1666 0.6099
vn -0.8006 0.2175 0.5583
vn -0.0320 0.5529 -0.8327
vn -0.0320 0.1978 -0.9797
vn -0.0311 0.1978 -0.9797
vn -0.0311 0.5529 -0.8327
vn -0.0320 -0.9797 0.1978
vn -0.0320 -0.8327 0.5529
vn -0.0311 -0.8327 0.5529
vn -0.0311 -0.9797 0.1978
vn -0.0320 -0.5529 0.8326
vn -0.0320 -0.1978 0.9797
vn -0.0311 -0.1978 0.9797
vn -0.0311 -0.5529 0.8327
vn -0.0320 0.1978 0.9797
vn -0.0320 0.5529 0.8326
vn -0.0311 0.5529 0.8327
vn -0.0311 0.1978 0.9797
vn -0.0320 0.8326 0.5529
vn -0.0320 0.9797 0.1978
vn -0.0311 0.9797 0.1978
vn -0.0311 0.8327 0.5529
vn -0.0320 0.9797 -0.1978
vn -0.0320 0.8326 -0.5529
vn -0.0311 0.8327 -0.5529
vn -0.0311 0.9797 -0.1978
vn -0.0320 -0.1978 -0.9797
vn -0.0320 -0.5529 -0.8326
vn -0.0311 -0.5529 -0.8327
vn -0.0311 -0.1978 -0.9797
vn -0.0320 -0.8326 -0.5529
vn -0.0320 -0.9797 -0.1978
vn -0.0311 -0.9797 -0.1978
vn -0.0311 -0.8327 -0.5529
vn 0.7296 -0.1889 0.6573
vn 0.8957 0.2298 0.3806
vn 0.9612 0.1929 0.1974
vn 0.8795 0.2365 -0.4130
vn 0.9510 0.0184 -0.3086
vn 0.8520 -0.4175 -0.3158
vn 0.6259 -0.7785 -0.0476
vn 0.8296 -0.4627 0.3127
vn -0.0922 0.6346 -0.7674
vn -0.1639 0.3259 -0.9311
vn -0.1382 0.2386 -0.9612
vn -0.0789 0.5800 -0.8108
vn -0.0406 0.5566 -0.8298
vn -0.0750 0.2030 -0.9763
vn -0.0137 0.2038 -0.9789
vn -0.0070 0.5531 -0.8331
vn -0.0033 0.5532 -0.8331
vn -0.0033 0.1979 -0.9802
vn -0.0235 0.1979 -0.9799
vn -0.0236 0.5530 -0.8328
vn -0.0536 0.5524 -0.8319
vn -0.0536 0.1976 -0.9788
vn -0.0570 0.1976 -0.9786
vn -0.0570 0.5523 -0.8317
vn -0.0377 0.9744 -0.2217
vn -0.0780 0.8258 -0.5586
vn -0.0607 0.8309 -0.5532
vn -0.0249 0.9786 -0.2044
vn -0.0105 0.9800 -0.1987
vn -0.0283 0.8328 -0.5528
vn -0.0045 0.8331 -0.5532
vn -0.0016 0.9802 -0.1979
vn -0.0033 0.9802 -0.1979
vn -0.0033 0.8331 -0.5532
vn -0.0235 0.8328 -0.5530
vn -0.0236 0.9799 -0.1979
vn -0.0536 0.9788 -0.1976
vn -0.0536 0.8319 -0.5524
vn -0.0570 0.8317 -0.5523
vn -0.0570 0.9786 -0.1976
vn 0.1095 0.8931 0.4363
vn 0.0743 0.9804 0.1823
vn 0.0622 0.9791 0.1936
vn 0.1163 0.8388 0.5318
vn 0.0621 0.8326 0.5504
vn 0.0299 0.9798 0.1975
vn 0.0049 0.9802 0.1979
vn 0.0108 0.8330 0.5531
vn -0.0033 0.8331 0.5532
vn -0.0033 0.9802 0.1979
vn -0.0235 0.9799 0.1979
vn -0.0236 0.8328 0.5530
vn -0.0536 0.8319 0.5524
vn -0.0536 0.9788 0.1977
vn -0.0570 0.9786 0.1976
vn -0.0570 0.8317 0.5523
vn 0.1115 0.3053 0.9457
vn 0.0906 0.7461 0.6596
vn 0.1103 0.5872 0.8019
vn 0.1024 0.2317 0.9674
vn 0.0586 0.2018 0.9777
vn 0.0636 0.5564 0.8285
vn 0.0118 0.5531 0.8330
vn 0.0110 0.1979 0.9802
vn -0.0033 0.1979 0.9802
vn -0.0033 0.5532 0.8331
vn -0.0235 0.5530 0.8328
vn -0.0235 0.1979 0.9799
vn -0.0536 0.1976 0.9788
vn -0.0536 0.5524 0.8319
vn -0.0570 0.5523 0.8317
vn -0.0570 0.1976 0.9786
vn 0.2100 -0.6010 0.7711
vn 0.1702 -0.2228 0.9599
vn 0.1425 -0.2033 0.9687
vn 0.1741 -0.5621 0.8086
vn 0.0842 -0.5523 0.8294
vn 0.0758 -0.1978 0.9773
vn 0.0135 -0.1979 0.9801
vn 0.0137 -0.5531 0.8330
vn -0.0033 -0.5532 0.8331
vn -0.0033 -0.1979 0.9802
vn -0.0236 -0.1979 0.9799
vn -0.0235 -0.5530 0.8328
vn -0.0536 -0.5524 0.8319
vn -0.0536 -0.1976 0.9788
vn -0.0570 -0.1976 0.9786
vn -0.0570 -0.5523 0.8317
vn 0.0256 -0.9817 0.1887
vn 0.1718 -0.8359 0.5213
vn 0.1315 -0.8283 0.5447
vn 0.0193 -0.9808 0.1941
vn 0.0074 -0.9803 0.1973
vn 0.0539 -0.8291 0.5566
vn 0.0078 -0.8323 0.5543
vn 0.0010 -0.9802 0.1979
vn -0.0033 -0.9802 0.1979
vn -0.0033 -0.8331 0.5532
vn -0.0236 -0.8328 0.5530
vn -0.0235 -0.9799 0.1979
vn -0.0536 -0.9788 0.1977
vn -0.0536 -0.8319 0.5524
vn -0.0570 -0.8317 0.5523
vn -0.0570 -0.9786 0.1976
vn -0.1740 -0.6786 -0.7136
vn -0.1412 -0.9175 -0.3718
vn -0.0703 -0.9567 -0.2824
vn -0.1075 -0.7687 -0.6305
vn -0.0417 -0.8177 -0.5741
vn -0.0198 -0.9746 -0.2232
vn -0.0024 -0.9796 -0.2010
vn -0.0063 -0.8315 -0.5555
vn -0.0033 -0.8331 -0.5532
vn -0.0033 -0.9802 -0.1979
vn -0.0236 -0.9799 -0.1979
vn -0.0235 -0.8328 -0.5530
vn -0.0536 -0.8319 -0.5524
vn -0.0536 -0.9788 -0.1976
vn -0.0570 -0.9786 -0.1976
vn -0.0570 -0.8317 -0.5523
vn -0.2187 -0.0328 -0.9752
vn -0.2027 -0.4180 -0.8856
vn -0.1551 -0.4952 -0.8548
vn -0.1797 -0.1206 -0.9763
vn -0.0974 -0.1783 -0.9791
vn -0.0778 -0.5423 -0.8366
vn -0.0137 -0.5527 -0.8332
vn -0.0180 -0.1961 -0.9804
vn -0.0033 -0.1979 -0.9802
vn -0.0033 -0.5532 -0.8331
vn -0.0235 -0.5530 -0.8328
vn -0.0235 -0.1979 -0.9799
vn -0.0536 -0.1976 -0.9788
vn -0.0536 -0.5524 -0.8319
vn -0.0570 -0.5523 -0.8317
vn -0.0570 -0.1976 -0.9786
vn -0.0498 -0.5525 -0.8320
vn -0.0308 -0.5530 -0.8326
vn -0.0638 -0.1972 -0.9783
vn -0.0558 -0.1976 -0.9787
vn -0.0377 -0.9795 -0.1978
vn 0.0394 -0.9797 -0.1967
vn 0.0102 -0.8340 -0.5517
vn -0.0426 -0.8323 -0.5527
vn -0.0250 -0.8328 0.5530
vn 0.1198 -0.8274 0.5487
vn 0.0754 -0.9777 0.1962
vn -0.0319 -0.9797 0.1978
vn -0.0268 -0.1979 0.9799
vn 0.1143 -0.1963 0.9739
vn 0.1234 -0.5478 0.8275
vn -0.0228 -0.5530 0.8329
vn -0.0238 0.5530 0.8328
vn 0.1284 0.5463 0.8277
vn 0.1241 0.1939 0.9731
vn -0.0250 0.1979 0.9799
vn -0.0361 0.9796 0.1978
vn 0.0492 0.9791 0.1975
vn 0.0984 0.8287 0.5511
vn -0.0282 0.8327 0.5529
vn -0.0507 0.8320 -0.5524
vn -0.0357 0.8327 -0.5526
vn 0.0014 0.9803 -0.1977
vn -0.0442 0.9793 -0.1977
vn -0.0576 0.1976 -0.9786
vn -0.0734 0.1971 -0.9776
vn -0.0649 0.5517 -0.8315
vn -0.0560 0.5523 -0.8318
vn -0.4071 -0.3139 0.8577
vn -0.5773 -0.1795 0.7966
vn -0.3728 0.0334 0.9273
vn -0.1319 0.2544 0.9581
vn 0.3303 0.2975 0.8958
vn 0.1281 0.1357 0.9824
vn 0.2996 0.1715 0.9385
vn 0.3276 0.5082 0.7965
vn 0.0733 -0.1857 0.9799
vn 0.1747 -0.5134 0.8402
vn 0.3063 -0.5194 0.7977
vn 0.2785 -0.1881 0.9418
vn -0.6599 -0.0397 0.7503
vn -0.6037 -0.1292 0.7867
vn -0.3260 -0.3930 0.8598
vn -0.4700 -0.1260 0.8736
vn -0.5000 -0.5605 0.6602
vn -0.5107 -0.8216 0.2532
vn -0.0496 -0.9874 0.1505
vn -0.0635 -0.8199 0.5690
vn 0.2622 -0.8153 0.5163
vn 0.1785 -0.9777 0.1108
vn 0.2279 -0.9620 0.1507
vn 0.3128 -0.8043 0.5052
vn 0.0696 -0.9839 -0.1648
vn 0.0156 -0.8778 -0.4787
vn 0.0547 -0.8534 -0.5184
vn 0.1208 -0.9765 -0.1787
vn -0.3925 -0.9170 -0.0716
vn -0.2421 -0.8837 -0.4007
vn -0.1227 -0.8778 -0.4630
vn -0.1145 -0.9834 -0.1407
vn -0.1912 -0.6130 -0.7666
vn -0.1352 -0.2469 -0.9596
vn -0.0255 -0.2501 -0.9679
vn -0.0777 -0.5791 -0.8116
vn -0.0113 -0.5771 -0.8166
vn -0.0331 -0.2073 -0.9777
vn -0.0520 -0.1925 -0.9799
vn -0.0005 -0.5564 -0.8309
vn -0.0397 0.1541 -0.9873
vn -0.0095 0.5381 -0.8428
vn -0.0535 0.5503 -0.8333
vn -0.0757 0.1866 -0.9795
vn -0.0845 0.0624 -0.9945
vn -0.0550 0.2394 -0.9694
vn 0.0702 0.3155 -0.9463
vn 0.0152 0.0866 -0.9961
vn -0.4215 -0.9039 0.0731
vn -0.5415 -0.8306 0.1301
vn -0.5624 -0.7599 -0.3260
vn -0.3571 -0.8631 -0.3571
vn 0.1058 0.8384 -0.5347
vn 0.1527 0.9674 -0.2018
vn 0.0770 0.9772 -0.1979
vn 0.0094 0.8338 -0.5520
vn 0.2156 0.9597 0.1805
vn 0.3355 0.7813 0.5263
vn 0.2701 0.8016 0.5335
vn 0.1736 0.9664 0.1896
vn 0.4089 -0.1312 0.9031
vn 0.4557 -0.1283 0.8808
vn 0.0738 -0.3337 0.9398
vn 0.1137 -0.3717 0.9214
vn -0.6554 -0.0743 0.7516
vn -0.6054 0.0176 0.7957
vn -0.5297 0.0352 0.8475
vn -0.7470 -0.1117 0.6554
vn -0.2841 0.9563 0.0694
vn -0.5654 0.8248 -0.0022
vn -0.4033 0.9082 -0.1120
vn -0.3057 0.9328 -0.1907
vn 0.3175 0.7671 -0.5575
vn 0.0695 0.9008 -0.4286
vn 0.0259 0.9886 -0.1481
vn 0.1862 0.9689 -0.1630
vn -0.6087 -0.1840 0.7718
vn -0.6255 -0.3414 0.7015
vn -0.6151 -0.2541 0.7464
vn -0.5152 -0.1439 0.8449
vn -0.3839 -0.5966 -0.7048
vn -0.6669 -0.4530 -0.5916
vn -0.8390 -0.1549 -0.5217
vn -0.8359 -0.0149 -0.5488
vn -0.4360 -0.2392 -0.8676
vn -0.1404 0.9187 0.3692
vn -0.3503 0.8877 0.2987
vn -0.7765 0.6300 0.0118
vn 0.6082 0.4847 0.6286
vn -0.3111 0.6684 0.6757
vn -0.0583 0.4573 -0.8874
vn 0.0157 0.6291 -0.7772
vn -0.3221 0.9348 -0.1496
vn -0.1679 0.8037 -0.5709
vn 0.1277 0.5934 -0.7947
vn -0.4049 0.0892 -0.9100
vn -0.8359 -0.0166 -0.5486
vn -0.8418 0.0296 -0.5391
vn -0.7493 0.4276 -0.5057
vn -0.8792 0.1675 -0.4461
vn -0.3103 0.2826 -0.9076
vn -0.5803 0.0739 0.8111
vn -0.2274 -0.5645 0.7935
vn -0.6425 0.1934 0.7415
vn -0.5985 -0.3287 0.7306
vn -0.8333 -0.2797 0.4768
vn -0.4395 -0.0831 0.8944
vn -0.8957 -0.4442 0.0228
vn -0.9837 -0.1513 0.0970
vn -0.9400 -0.2391 -0.2432
vn -0.8699 -0.4397 -0.2236
vn -0.3745 0.0211 0.9270
vn -0.8106 0.2542 0.5276
vn -0.6378 0.2047 0.7425
vn -0.4801 -0.3497 0.8045
vn -0.4517 -0.2903 0.8436
vn 0.1465 -0.4533 0.8792
vn -0.3184 -0.2691 0.9090
vn 0.2421 -0.1117 0.9638
vn 0.4710 -0.3115 0.8253
vn -0.9845 0.1722 -0.0324
vn -0.7826 0.5467 0.2979
vn -0.7594 -0.3640 0.5392
vn -0.7423 -0.6567 0.1331
vn 0.7273 0.5571 0.4010
vn 0.5004 0.7032 0.5050
vn 0.1955 0.9699 0.1454
vn 0.4560 0.8885 -0.0515
vn -0.0844 0.8424 -0.5322
vn -0.2437 0.9698 0.0107
vn -0.4284 0.8682 0.2504
vn -0.5829 0.6454 -0.4935
vn -0.5069 0.2247 -0.8322
vn -0.4927 0.1244 -0.8613
vn 0.1008 0.4322 -0.8961
vn 0.0657 0.5250 -0.8486
vn -0.8631 -0.4287 0.2669
vn -0.8641 -0.4695 0.1811
vn -0.9124 -0.3301 -0.2419
vn -0.9504 -0.2216 -0.2181
vn 0.7276 0.6279 -0.2763
vn 0.7784 0.5360 -0.3269
vn 0.8938 0.3372 0.2957
vn 0.8444 0.4093 0.3457
vn -0.8246 0.5039 0.2572
vn -0.8192 -0.1933 0.5399
vn -0.9947 -0.0188 -0.1011
vn -0.9357 -0.2767 -0.2189
vn 0.7947 0.4996 -0.3448
vn 0.7396 0.6091 -0.2863
vn 0.8521 0.4130 0.3215
vn 0.9124 0.3004 0.2781
vn -0.5066 0.1547 -0.8482
vn -0.5649 0.3646 -0.7402
vn 0.0434 0.5865 -0.8088
vn 0.1019 0.4296 -0.8973
vn -0.3769 0.8873 0.2659
vn -0.3619 0.8256 0.4329
vn -0.1649 0.8914 0.4222
vn -0.2378 0.9398 0.2456
vn -0.3156 0.6144 0.7231
vn -0.3462 0.1612 0.9242
vn 0.2047 0.3804 0.9019
vn -0.0671 0.7142 0.6968
vn -0.7835 0.1548 0.6018
vn -0.6333 0.5465 0.5479
vn -0.7023 0.6803 0.2097
vn -0.9339 0.3529 0.0582
vn 0.1724 0.8980 0.4047
vn 0.6085 0.6819 0.4058
vn 0.5223 0.8461 -0.1064
vn 0.1346 0.9766 0.1678
vn -0.5876 0.6520 -0.4792
vn -0.5095 0.8533 -0.1111
vn -0.2002 0.9713 -0.1285
vn -0.0787 0.8377 -0.5404
vn 0.4562 -0.1314 0.8801
vn 0.3811 0.0302 0.9240
vn -0.2717 -0.1750 0.9463
vn -0.0416 0.5249 0.8502
vn -0.9493 -0.1887 0.2516
vn -0.8567 -0.5013 0.1213
vn -0.1890 0.9662 -0.1751
vn -0.9191 0.2835 0.2737
vn -0.9196 0.3023 0.2510
vn -0.9952 -0.0499 0.0839
vn -0.9453 0.3099 0.1014
vn -0.8988 0.3297 -0.2890
vn -0.9772 0.0034 -0.2124
vn 0.8456 -0.5286 0.0747
vn 0.6426 -0.7658 -0.0246
vn -0.0776 -0.9953 0.0571
vn -0.0261 -0.9929 0.1159
vn -0.6601 0.7017 -0.2681
vn -0.6768 0.7360 0.0153
vn -0.6409 0.7652 0.0614
vn -0.8466 0.5270 -0.0745
vn -0.9811 -0.1652 -0.1008
vn -0.9358 -0.3394 0.0955
vn -0.8514 -0.5013 0.1541
vn -0.8952 -0.4013 -0.1939
vn -0.9395 0.2960 -0.1722
vn -0.8774 0.4387 0.1944
vn -0.9286 0.3498 0.1239
vn -0.9805 0.1710 -0.0971
vn -0.2466 0.9079 -0.3390
vn -0.2631 0.9196 -0.2919
vn -0.0888 0.9519 -0.2932
vn -0.0832 0.9340 -0.3473
vn -0.3989 0.7440 -0.5361
vn -0.4725 0.7855 -0.3997
vn -0.3639 0.8262 -0.4300
vn -0.3091 0.7456 -0.5903
vn -0.2036 0.7576 -0.6202
vn -0.2274 0.8625 -0.4521
vn -0.0794 0.8839 -0.4609
vn -0.0755 0.7710 -0.6323
vn -0.2986 0.8578 0.4183
vn -0.2314 0.7359 0.6364
vn -0.0856 0.7325 0.6754
vn -0.1894 0.7728 0.6057
vn -0.6302 0.7075 0.3199
vn -0.5840 0.6426 0.4959
vn -0.3744 0.7168 0.5882
vn -0.4686 0.8172 0.3356
vn -0.5901 0.8068 0.0287
vn -0.6228 0.7626 0.1747
vn -0.5333 0.8349 0.1360
vn -0.5166 0.8552 -0.0431
vn -0.5170 0.8062 -0.2877
vn -0.5537 0.8222 -0.1321
vn -0.4397 0.8819 -0.1702
vn -0.4009 0.8591 -0.3181
vn -0.2482 0.1511 0.9569
vn -0.0775 0.1288 0.9886
vn -0.0802 0.1544 0.9847
vn -0.2547 0.1562 0.9543
vn -0.2578 0.0605 0.9643
vn -0.0810 0.0705 0.9942
vn -0.0793 0.1273 0.9887
vn -0.2462 0.1085 0.9631
vn -0.4489 -0.1119 0.8866
vn -0.2828 -0.3014 0.9106
vn -0.3608 0.0304 0.9322
vn -0.5540 0.0981 0.8267
vn -0.6148 0.1907 0.7653
vn -0.4321 0.1785 0.8840
vn -0.4452 0.1578 0.8814
vn -0.6333 0.1619 0.7568
vn -0.6401 0.0600 0.7659
vn -0.4515 0.0464 0.8911
vn -0.4342 0.0773 0.8975
vn -0.6438 0.0785 0.7612
vn -0.6173 0.2456 0.7474
vn -0.3883 0.2805 0.8778
vn -0.3438 0.5030 0.7929
vn -0.5632 0.4231 0.7098
vn -0.2216 0.3167 0.9223
vn -0.0750 0.3334 0.9398
vn -0.0727 0.5404 0.8383
vn -0.2044 0.5299 0.8231
vn -0.1461 -0.4330 0.8895
vn -0.0457 -0.5042 0.8624
vn -0.0593 -0.1118 0.9920
vn -0.1948 -0.0542 0.9793
vn -0.0572 -0.7390 -0.6713
vn -0.0675 -0.7634 -0.6424
vn -0.1536 -0.8146 -0.5593
vn -0.1358 -0.7376 -0.6614
vn -0.1838 -0.7468 -0.6392
vn -0.2091 -0.8554 -0.4739
vn -0.3760 -0.8263 -0.4193
vn -0.2999 -0.7328 -0.6109
vn -0.2770 -0.9198 -0.2778
vn -0.3343 -0.9159 -0.2220
vn -0.4576 -0.8857 -0.0790
vn -0.4354 -0.8680 -0.2387
vn -0.4498 -0.8863 0.1107
vn -0.3246 -0.9349 0.1438
vn -0.4657 -0.8720 0.1510
vn -0.4648 -0.8843 0.0444
vn -0.2600 -0.9021 0.3444
vn -0.2205 -0.7067 0.6723
vn -0.4493 -0.6136 0.6493
vn -0.4661 -0.8110 0.3536
vn -0.0798 -0.8705 0.4857
vn -0.0391 -0.7828 0.6210
vn -0.1212 -0.7591 0.6396
vn -0.1854 -0.9079 0.3760
vn -0.9388 -0.0944 -0.3313
vn -0.9912 -0.0819 -0.1042
vn -0.9908 -0.0867 -0.1042
vn -0.9301 -0.1227 -0.3461
vn -0.9946 -0.0400 0.0953
vn -0.9733 0.0087 0.2295
vn -0.9683 0.0648 0.2414
vn -0.9885 -0.0011 0.1510
vn -0.6086 -0.4721 -0.6377
vn -0.7004 -0.5592 -0.4434
vn -0.8481 -0.2289 -0.4778
vn -0.7152 -0.2394 -0.6567
vn -0.7540 -0.1128 -0.6471
vn -0.8707 -0.0913 -0.4833
vn -0.8607 -0.1229 -0.4940
vn -0.7394 -0.0933 -0.6667
vn -0.6932 -0.7056 0.1473
vn -0.8164 -0.5770 -0.0213
vn -0.7204 -0.5231 -0.4554
vn -0.5951 -0.6891 -0.4135
vn -0.5397 0.5417 -0.6444
vn -0.5657 0.7360 -0.3719
vn -0.5577 0.7381 -0.3797
vn -0.5311 0.6566 -0.5356
vn -0.5979 0.7594 -0.2566
vn -0.6551 0.7515 -0.0784
vn -0.6393 0.7652 -0.0763
vn -0.5947 0.7563 -0.2727
vn -0.7729 0.5321 0.3457
vn -0.8716 0.3559 0.3371
vn -0.7594 0.5861 0.2825
vn -0.6914 0.7054 0.1565
vn -0.8717 0.2976 0.3893
vn -0.8061 0.2590 0.5322
vn -0.7580 0.4405 0.4811
vn -0.7919 0.4935 0.3597
vn -0.9134 0.0955 0.3956
vn -0.8058 0.0961 0.5844
vn -0.8177 0.1251 0.5619
vn -0.9064 0.1502 0.3949
vn -0.9183 0.0763 0.3886
vn -0.7941 0.1548 0.5878
vn -0.8017 0.1491 0.5788
vn -0.9138 0.1089 0.3913
vn -0.7881 -0.4650 0.4034
vn -0.7422 -0.2596 0.6178
vn -0.7878 0.0589 0.6131
vn -0.9132 -0.0802 0.3995
vn -0.7163 -0.6944 0.0684
vn -0.7490 -0.6309 0.2022
vn -0.9469 -0.2214 0.2334
vn -0.9501 -0.2988 0.0892
vn -0.7275 -0.6261 -0.2806
vn -0.7229 -0.6846 -0.0932
vn -0.9447 -0.3091 -0.1095
vn -0.9078 -0.2701 -0.3209
vn -0.0816 -0.2840 -0.9554
vn -0.2397 -0.2701 -0.9325
vn -0.2590 -0.0890 -0.9618
vn -0.0855 -0.0928 -0.9920
vn -0.0846 0.0823 -0.9930
vn -0.2587 0.0813 -0.9625
vn -0.2413 0.2463 -0.9387
vn -0.0826 0.2511 -0.9644
vn -0.0760 0.4161 -0.9061
vn -0.2090 0.4105 -0.8876
vn -0.1906 0.5862 -0.7875
vn -0.0757 0.5927 -0.8018
vn -0.3170 0.4021 -0.8589
vn -0.4062 0.4077 -0.8178
vn -0.4231 0.6027 -0.6765
vn -0.2793 0.5888 -0.7585
vn -0.4252 0.0775 -0.9018
vn -0.5471 0.0679 -0.8343
vn -0.4497 0.2121 -0.8676
vn -0.3840 0.2307 -0.8940
vn -0.3975 -0.2318 -0.8879
vn -0.5710 -0.1688 -0.8034
vn -0.5543 -0.0567 -0.8304
vn -0.4277 -0.0748 -0.9008
vn -0.2276 -0.5938 -0.7717
vn -0.3779 -0.5347 -0.7558
vn -0.4982 -0.3250 -0.8039
vn -0.3189 -0.4118 -0.8536
vn -0.0608 -0.6317 -0.7729
vn -0.1531 -0.6180 -0.7711
vn -0.1968 -0.4599 -0.8659
vn -0.0715 -0.4798 -0.8745
vn -0.9531 0.0827 0.2913
vn -0.9708 0.0542 0.2336
vn -0.9587 0.0521 0.2797
vn -0.9402 0.1276 0.3159
vn -0.2156 -0.0980 -0.9716
vn -0.3713 0.0341 -0.9279
vn -0.3380 0.2980 -0.8927
vn -0.1046 0.2750 -0.9557
vn -0.5341 0.1484 -0.8323
vn -0.6760 0.0160 -0.7367
vn -0.6026 0.5047 -0.6182
vn -0.5119 0.3115 -0.8006
vn -0.6655 0.6636 -0.3417
vn -0.8772 -0.0405 -0.4785
vn -0.9882 -0.1422 -0.0570
vn -0.8906 0.4343 -0.1353
vn -0.5322 -0.6537 -0.5380
vn -0.6476 -0.4326 -0.6273
vn -0.5331 -0.2871 -0.7959
vn -0.4034 -0.5075 -0.7614
vn -0.5389 -0.3628 0.7602
vn -0.8113 -0.0804 0.5790
vn -0.7441 -0.5210 0.4183
vn -0.5401 -0.5822 0.6078
vn -0.3054 0.9457 -0.1110
vn -0.5079 0.8344 -0.2139
vn -0.5602 0.8200 0.1172
vn -0.4327 0.8557 0.2838
vn -0.1136 0.7250 -0.6793
vn -0.3320 0.6200 -0.7109
vn -0.4404 0.7811 -0.4427
vn -0.2131 0.9226 -0.3215
vn -0.4085 0.6699 -0.6199
vn -0.3085 0.7229 -0.6182
vn -0.3306 0.9043 -0.2702
vn -0.4530 0.8280 -0.3304
vn -0.2483 0.7518 -0.6108
vn -0.1463 0.7529 -0.6417
vn -0.1375 0.9622 -0.2350
vn -0.2374 0.9419 -0.2377
vn 0.0154 0.7499 -0.6614
vn 0.0599 0.7542 -0.6539
vn -0.0249 0.9707 -0.2391
vn -0.0257 0.9732 -0.2283
vn -0.4940 0.8443 -0.2077
vn -0.3434 0.9245 -0.1658
vn -0.3942 0.9184 -0.0340
vn -0.4188 0.8867 0.1959
vn -0.2200 0.9672 -0.1268
vn -0.1238 0.9871 -0.1017
vn -0.1921 0.9753 0.1089
vn -0.2963 0.9551 0.0086
vn -0.0513 0.9958 -0.0756
vn -0.0945 0.9936 -0.0626
vn -0.2459 0.9465 0.2091
vn -0.1671 0.9702 0.1753
vn -0.8101 -0.1141 0.5751
vn -0.6035 -0.2066 0.7701
vn -0.6994 -0.0818 0.7100
vn -0.8480 -0.0594 0.5267
vn -0.4356 -0.3207 0.8411
vn -0.3924 -0.4482 0.8032
vn -0.4797 -0.3428 0.8077
vn -0.5509 -0.1947 0.8115
vn -0.4511 -0.5328 0.7160
vn -0.4251 -0.5795 0.6954
vn -0.3832 -0.4282 0.8184
vn -0.4681 -0.4320 0.7709
vn -0.7946 -0.3608 -0.4883
vn -0.5798 -0.6746 -0.4569
vn -0.5192 -0.4459 -0.7291
vn -0.6619 -0.2756 -0.6971
vn -0.3304 -0.8348 -0.4404
vn -0.2371 -0.8729 -0.4264
vn -0.1719 -0.6228 -0.7633
vn -0.3152 -0.5659 -0.7618
vn -0.3170 -0.8377 -0.4448
vn -0.4181 -0.7689 -0.4837
vn -0.2377 -0.6193 -0.7484
vn -0.1545 -0.6374 -0.7549
vn -0.4738 -0.0021 -0.8806
vn -0.3868 -0.0529 -0.9206
vn -0.3161 0.2697 -0.9096
vn -0.3838 0.2504 -0.8888
vn -0.2689 -0.1045 -0.9575
vn -0.1365 -0.1679 -0.9763
vn -0.1496 0.2240 -0.9630
vn -0.2683 0.2741 -0.9235
vn -0.0198 -0.2205 -0.9752
vn -0.0098 -0.2118 -0.9773
vn 0.0864 0.2010 -0.9758
vn 0.0367 0.1716 -0.9845
vn -0.9039 -0.4127 0.1120
vn -0.6778 -0.7333 0.0536
vn -0.5912 -0.7697 -0.2410
vn -0.8468 -0.4342 -0.3073
vn -0.4896 -0.8577 0.1572
vn -0.4430 -0.8499 0.2853
vn -0.3365 -0.9325 -0.1312
vn -0.3747 -0.9119 -0.1673
vn -0.4974 -0.8215 0.2789
vn -0.5850 -0.7955 0.1579
vn -0.4980 -0.8020 -0.3298
vn -0.4194 -0.8856 -0.1994
vn -0.9353 -0.0230 0.3530
vn -0.9643 -0.0053 0.2649
vn -0.9654 -0.0703 0.2513
vn -0.9348 -0.0813 0.3457
vn -0.7579 -0.1632 0.6316
vn -0.7765 -0.4796 0.4086
vn -0.7751 -0.3849 0.5010
vn -0.8453 -0.0742 0.5291
vn -0.7985 -0.2785 0.5336
vn -0.6688 0.1823 0.7208
vn -0.7077 0.1875 0.6811
vn -0.4730 -0.4646 0.7486
vn -0.2927 -0.2776 0.9150
vn -0.3279 -0.4089 0.8516
vn -0.4233 -0.3510 0.8353
vn -0.4357 -0.2953 0.8502
vn -0.5198 -0.2943 0.8020
vn -0.5212 -0.3859 0.7612
vn -0.6456 -0.4860 0.5891
vn -0.6218 -0.2587 0.7392
vn -0.4168 -0.6498 0.6356
vn -0.4547 -0.2937 0.8409
vn -0.3675 -0.6113 0.7009
vn -0.3840 -0.7444 0.5463
vn -0.3346 -0.5294 0.7796
vn -0.5382 0.0355 0.8421
vn -0.4509 -0.1021 0.8867
vn -0.3389 -0.5857 0.7363
vn -0.1024 -0.6678 0.7373
vn -0.0578 -0.6828 0.7283
vn -0.2691 -0.5185 0.8116
vn -0.0663 -0.4291 0.9008
vn -0.1238 0.9918 0.0314
vn -0.0950 0.9617 -0.2571
vn -0.1512 0.9845 -0.0885
vn -0.4146 0.9096 0.0257
vn -0.5491 0.8356 0.0169
vn -0.5092 0.8517 0.1236
vn -0.3229 0.9387 0.1209
vn -0.1856 0.9772 0.1028
vn -0.3044 0.9231 0.2348
vn -0.1580 0.9831 0.0926
vn -0.2809 0.5376 -0.7951
vn -0.6486 0.4664 -0.6015
vn -0.4617 0.6836 -0.5653
vn -0.8598 0.4584 -0.2249
vn -0.8816 0.4160 0.2230
vn -0.7935 0.6086 0.0003
vn -0.7004 0.4780 0.5301
vn -0.3161 0.5056 0.8027
vn -0.5532 0.7002 0.4513
vn 0.2335 0.4887 0.8406
vn 0.5339 0.5795 0.6157
vn 0.4889 0.6257 0.6079
vn 0.1678 -0.9825 -0.0805
vn 0.1680 -0.9825 -0.0804
vn 0.1680 -0.9825 -0.0803
vn 0.1683 -0.9825 -0.0805
vn 0.1681 -0.9825 -0.0806
vn 0.1680 -0.9825 -0.0807
vn 0.7240 0.6559 0.2135
vn 0.7489 0.6528 -0.1143
vn 0.7336 0.6791 -0.0258
vn 0.6468 0.7007 0.3012
vn 0.4656 0.6417 -0.6095
vn 0.0353 0.5948 -0.8031
vn 0.0203 0.6963 -0.7175
vn 0.4609 0.6883 -0.5602
vn -0.2898 0.4669 -0.8355
vn -0.2389 0.4425 -0.8643
vn -0.6027 0.5131 -0.6111
vn -0.6477 0.4694 -0.6001
vn -0.8702 0.4599 -0.1769
vn -0.8849 0.4419 -0.1473
vn -0.8645 0.4456 0.2327
vn -0.8803 0.4190 0.2224
vn -0.6522 0.4770 0.5892
vn -0.6066 0.5133 0.6071
vn -0.2563 0.4541 0.8533
vn -0.3045 0.4436 0.8429
vn 0.1418 0.4890 0.8607
vn 0.0429 0.5012 0.8642
vn 0.3813 0.7091 0.5932
vn 0.4604 0.6840 0.5658
vn 0.7267 0.6528 0.2139
vn 0.7176 0.6620 0.2166
vn 0.7134 0.6902 -0.1213
vn 0.7354 0.6609 -0.1493
vn 0.4548 0.6607 -0.5971
vn 0.4342 0.6966 -0.5711
vn 0.0259 0.5237 -0.8515
vn 0.0456 0.5476 -0.8355
vn 0.5603 0.8269 -0.0473
vn -0.0659 0.9583 -0.2781
vn 0.5764 0.7341 0.3590
vn 0.4163 0.6727 0.6117
vn -0.4239 0.7570 0.4972
vn -0.0235 0.5868 0.8094
vn -0.1063 0.9453 -0.3084
vn -0.3231 0.8448 -0.4265
vn -0.1798 0.9693 -0.1679
vn -0.3158 0.8366 -0.4477
vn -0.3669 0.9264 -0.0845
vn -0.1904 0.9705 -0.1477
vn -0.2580 0.9186 0.2993
vn -0.2640 0.9116 0.3151
vn -0.1987 0.9741 0.1081
vn -0.1850 0.9790 0.0853
vn -0.1660 0.9841 0.0641
vn -0.1685 0.9830 0.0724
vn -0.1690 0.9832 0.0695
vn -0.3963 -0.8934 -0.2115
vn -0.2904 -0.9144 -0.2820
vn -0.3648 -0.8425 -0.3964
vn -0.1006 -0.9151 0.3905
vn -0.1692 -0.9369 0.3058
vn -0.2529 -0.9248 0.2842
vn -0.2657 -0.9498 0.1653
vn -0.3693 -0.9215 0.1204
vn -0.3403 -0.9118 0.2298
vn -0.2256 -0.9123 -0.3419
vn -0.1291 -0.7738 -0.6201
vn -0.3198 -0.8069 -0.4965
vn -0.1522 0.1662 -0.9743
vn -0.4987 0.1524 -0.8533
vn -0.4116 0.4827 -0.7731
vn -0.1343 0.5219 -0.8424
vn -0.1368 -0.4919 -0.8598
vn -0.3204 -0.4393 -0.8393
vn -0.4978 -0.1415 -0.8556
vn -0.1595 -0.1636 -0.9736
vn -0.6902 -0.3400 -0.6388
vn -0.8200 -0.3935 -0.4156
vn -0.9245 -0.0430 -0.3787
vn -0.8136 -0.0943 -0.5737
vn -0.8390 0.1513 -0.5227
vn -0.9650 0.1983 -0.1719
vn -0.8384 0.5196 -0.1645
vn -0.7604 0.4280 -0.4886
vn -0.9544 0.2765 0.1123
vn -0.8122 0.2803 0.5117
vn -0.7483 0.5059 0.4291
vn -0.8293 0.5411 0.1394
vn -0.7917 0.3114 -0.5256
vn -0.8952 0.1693 -0.4122
vn -0.5419 0.3277 0.7739
vn -0.4555 0.4400 0.7739
vn -0.3206 -0.4020 0.8577
vn -0.1060 -0.4837 0.8688
vn -0.1560 -0.1487 0.9765
vn -0.4824 -0.0668 0.8734
vn -0.4792 0.1746 0.8602
vn -0.1560 0.1618 0.9744
vn -0.1457 0.5110 0.8471
vn -0.4610 0.4350 0.7735
vn -0.0942 -0.7878 -0.6087
vn -0.0534 -0.9710 -0.2332
vn -0.3637 -0.8856 -0.2889
vn -0.3137 -0.7005 -0.6410
vn -0.0272 -0.9695 0.2434
vn -0.0560 -0.7806 0.6225
vn -0.2167 -0.7023 0.6781
vn -0.2646 -0.9428 0.2026
vn -0.4116 0.7730 -0.4827
vn -0.4996 0.8529 -0.1514
vn -0.1523 0.9743 -0.1662
vn -0.1343 0.8424 -0.5219
vn -0.5111 0.8482 0.1388
vn -0.4701 0.7742 0.4237
vn -0.1462 0.8473 0.5106
vn -0.1612 0.9743 0.1571
vn -0.8752 -0.4318 0.2182
vn -0.6867 -0.6684 0.2856
vn -0.5635 -0.5232 0.6394
vn -0.6829 -0.5337 0.4989
vn -0.6560 -0.2979 0.6935
vn -0.6078 -0.2973 0.7363
vn -0.7293 -0.0975 0.6772
vn -0.6946 -0.1045 0.7118
vn -0.6841 0.3627 0.6328
vn -0.8440 0.1757 0.5068
vn -0.9582 0.2790 0.0634
vn -0.3476 0.7075 -0.6153
vn -0.2421 0.1188 -0.9630
vn -0.9894 -0.0721 -0.1263
vn -0.9467 -0.3092 -0.0899
vn -0.2568 -0.2707 -0.9278
vn -0.6473 -0.7058 -0.2876
vn -0.3537 -0.6553 0.6675
vn -0.5826 -0.1089 0.8054
vn -0.8047 -0.3389 -0.4875
vn 0.2899 -0.6292 0.7211
vn 0.1047 -0.7039 0.7026
vn -0.1117 -0.9226 -0.3693
vn 0.0530 -0.8973 -0.4381
vn -0.2885 -0.3138 -0.9046
vn -0.3650 -0.3727 -0.8531
vn -0.5102 -0.1402 -0.8486
vn -0.4422 -0.0806 -0.8933
vn -0.0499 0.1713 0.9840
vn -0.1284 0.1144 0.9851
vn 0.0429 -0.1388 0.9894
vn 0.1360 -0.0816 0.9873
vn -0.4460 0.0455 0.8939
vn -0.2175 0.1079 0.9701
vn -0.0356 -0.1479 0.9884
vn -0.2800 -0.2369 0.9303
vn -0.0654 0.1708 0.9831
vn -0.0157 0.1958 0.9805
vn 0.1704 -0.0597 0.9836
vn 0.1131 -0.0879 0.9897
vn 0.4334 0.0428 -0.9002
vn 0.2856 0.0678 -0.9559
vn 0.0958 0.2562 -0.9619
vn 0.2171 0.2602 -0.9408
vn 0.0169 -0.0836 -0.9964
vn -0.2126 -0.2551 -0.9433
vn -0.3709 -0.0212 -0.9284
vn -0.1603 0.1314 -0.9783
vn 0.2743 -0.6503 0.7084
vn 0.4275 -0.5471 0.7197
vn 0.7575 -0.4191 -0.5006
vn 0.8441 -0.3251 -0.4264
vn 0.4295 -0.5464 0.7190
vn 0.3779 -0.5814 0.7205
vn 0.1936 -0.8515 -0.4872
vn 0.4802 -0.6875 -0.5447
vn -0.0215 0.7416 -0.6705
vn -0.1547 0.6679 -0.7280
vn -0.3712 0.5779 0.7268
vn -0.4865 0.5895 0.6448
vn -0.4541 0.5608 -0.6923
vn -0.6962 0.4035 -0.5937
vn -0.3939 0.5126 0.7629
vn -0.3595 0.5558 0.7496
vn -0.9882 0.1194 -0.0959
vn -0.9319 0.3512 -0.0906
vn -0.8917 0.3728 -0.2567
vn -0.9533 0.1277 -0.2736
vn -0.8163 0.5721 -0.0796
vn -0.6431 0.7632 -0.0632
vn -0.5939 0.7852 -0.1755
vn -0.7689 0.5989 -0.2236
vn -0.4127 0.9100 -0.0409
vn -0.1448 0.9894 -0.0145
vn -0.1361 0.9898 -0.0421
vn -0.3760 0.9196 -0.1136
vn 0.1239 0.9922 0.0124
vn 0.2668 0.9634 0.0260
vn 0.2879 0.9540 0.0832
vn 0.1262 0.9912 0.0388
vn 0.2616 -0.9649 0.0243
vn 0.1223 -0.9924 0.0119
vn 0.1163 -0.9926 0.0336
vn 0.2533 -0.9652 0.0649
vn -0.1447 -0.9894 -0.0144
vn -0.4147 -0.9090 -0.0415
vn -0.3871 -0.9142 -0.1197
vn -0.1353 -0.9899 -0.0416
vn -0.6456 -0.7610 -0.0640
vn -0.8180 -0.5696 -0.0803
vn -0.7793 -0.5828 -0.2303
vn -0.6085 -0.7719 -0.1838
vn -0.9326 -0.3492 -0.0910
vn -0.9883 -0.1186 -0.0961
vn -0.9537 -0.1226 -0.2746
vn -0.8960 -0.3597 -0.2605
vn -0.8681 0.1450 -0.4747
vn -0.7970 0.4161 -0.4378
vn -0.5664 0.4521 -0.6891
vn -0.6279 0.1603 -0.7616
vn -0.6648 0.6488 -0.3703
vn -0.4939 0.8227 -0.2814
vn -0.3321 0.8476 -0.4138
vn -0.4595 0.6860 -0.5641
vn -0.3047 0.9354 -0.1791
vn -0.1155 0.9908 -0.0701
vn -0.0741 0.9926 -0.0964
vn -0.2004 0.9460 -0.2549
vn 0.1242 0.9894 0.0753
vn 0.3243 0.9283 0.1820
vn 0.1897 0.9501 0.2477
vn 0.0763 0.9920 0.1007
vn 0.2536 -0.9595 0.1223
vn 0.1078 -0.9923 0.0605
vn 0.0749 -0.9924 0.0978
vn 0.1809 -0.9564 0.2294
vn -0.1151 -0.9909 -0.0698
vn -0.3211 -0.9267 -0.1950
vn -0.2077 -0.9401 -0.2705
vn -0.0757 -0.9921 -0.0999
vn -0.5168 -0.8004 -0.3038
vn -0.6825 -0.6188 -0.3889
vn -0.4675 -0.6649 -0.5826
vn -0.3420 -0.8330 -0.4350
vn -0.8046 -0.3897 -0.4481
vn -0.8685 -0.1343 -0.4771
vn -0.6276 -0.1518 -0.7636
vn -0.5696 -0.4319 -0.6993
vn -0.3118 0.1560 -0.9373
vn -0.2828 0.4421 -0.8512
vn -0.0846 0.4390 -0.8945
vn -0.0931 0.1547 -0.9836
vn -0.2317 0.6756 -0.7000
vn -0.1693 0.8403 -0.5149
vn -0.0511 0.8384 -0.5426
vn -0.0696 0.6725 -0.7368
vn -0.1025 0.9437 -0.3145
vn -0.0347 0.9936 -0.1077
vn -0.0104 0.9936 -0.1124
vn -0.0308 0.9438 -0.3292
vn 0.0304 0.9948 0.0969
vn 0.0648 0.9741 0.2167
vn 0.0170 0.9793 0.2018
vn 0.0084 0.9956 0.0933
vn 0.0669 -0.9689 0.2382
vn 0.0313 -0.9940 0.1048
vn 0.0081 -0.9953 0.0966
vn 0.0162 -0.9774 0.2108
vn -0.0353 -0.9930 -0.1127
vn -0.0992 -0.9460 -0.3085
vn -0.0304 -0.9444 -0.3274
vn -0.0099 -0.9938 -0.1104
vn -0.1657 -0.8450 -0.5085
vn -0.2284 -0.6823 -0.6944
vn -0.0692 -0.6739 -0.7356
vn -0.0507 -0.8393 -0.5412
vn -0.2808 -0.4486 -0.8485
vn -0.3113 -0.1588 -0.9370
vn -0.0931 -0.1553 -0.9835
vn -0.0844 -0.4403 -0.8939
vn -0.0931 0.1547 0.9836
vn -0.0846 0.4391 0.8945
vn -0.2828 0.4421 0.8512
vn -0.3118 0.1560 0.9373
vn -0.0696 0.6725 0.7368
vn -0.0511 0.8384 0.5426
vn -0.1693 0.8403 0.5149
vn -0.2317 0.6756 0.7000
vn -0.0308 0.9438 0.3292
vn -0.0104 0.9936 0.1124
vn -0.0347 0.9936 0.1077
vn -0.1025 0.9437 0.3145
vn 0.0084 0.9956 -0.0933
vn 0.0170 0.9793 -0.2018
vn 0.0648 0.9741 -0.2168
vn 0.0304 0.9948 -0.0969
vn 0.0162 -0.9774 -0.2108
vn 0.0081 -0.9953 -0.0966
vn 0.0313 -0.9940 -0.1048
vn 0.0669 -0.9689 -0.2382
vn -0.0099 -0.9938 0.1104
vn -0.0304 -0.9444 0.3275
vn -0.0992 -0.9460 0.3085
vn -0.0353 -0.9930 0.1127
vn -0.0507 -0.8393 0.5412
vn -0.0692 -0.6739 0.7356
vn -0.2284 -0.6823 0.6944
vn -0.1657 -0.8450 0.5085
vn -0.0844 -0.4403 0.8939
vn -0.0931 -0.1553 0.9835
vn -0.3113 -0.1588 0.9370
vn -0.2808 -0.4486 0.8485
vn -0.6279 0.1603 0.7616
vn -0.5664 0.4521 0.6891
vn -0.7970 0.4161 0.4378
vn -0.8681 0.1450 0.4747
vn -0.4595 0.6860 0.5641
vn -0.3321 0.8476 0.4138
vn -0.4939 0.8227 0.2814
vn -0.6648 0.6488 0.3703
vn -0.2004 0.9460 0.2549
vn -0.0740 0.9926 0.0964
vn -0.1155 0.9908 0.0701
vn -0.3047 0.9354 0.1791
vn 0.0763 0.9920 -0.1007
vn 0.1897 0.9501 -0.2477
vn 0.3243 0.9283 -0.1820
vn 0.1242 0.9894 -0.0753
vn 0.1809 -0.9564 -0.2294
vn 0.0749 -0.9924 -0.0978
vn 0.1078 -0.9923 -0.0605
vn 0.2536 -0.9595 -0.1223
vn -0.0757 -0.9921 0.0999
vn -0.2077 -0.9401 0.2705
vn -0.3211 -0.9267 0.1950
vn -0.1151 -0.9909 0.0698
vn -0.3420 -0.8330 0.4350
vn -0.4675 -0.6649 0.5826
vn -0.6825 -0.6188 0.3889
vn -0.5168 -0.8004 0.3038
vn -0.5696 -0.4319 0.6993
vn -0.6276 -0.1518 0.7636
vn -0.8685 -0.1343 0.4771
vn -0.8046 -0.3897 0.4481
vn -0.9533 0.1277 0.2736
vn -0.8917 0.3728 0.2567
vn -0.9319 0.3512 0.0906
vn -0.9882 0.1194 0.0959
vn -0.7690 0.5989 0.2236
vn -0.5939 0.7852 0.1755
vn -0.6431 0.7632 0.0631
vn -0.8163 0.5721 0.0796
vn -0.3760 0.9196 0.1136
vn -0.1361 0.9898 0.0421
vn -0.1448 0.9894 0.0145
vn -0.4127 0.9100 0.0409
vn 0.1262 0.9912 -0.0388
vn 0.2879 0.9541 -0.0832
vn 0.2668 0.9634 -0.0260
vn 0.1239 0.9922 -0.0124
vn 0.2533 -0.9652 -0.0649
vn 0.1163 -0.9926 -0.0336
vn 0.1223 -0.9924 -0.0119
vn 0.2616 -0.9649 -0.0243
vn -0.1353 -0.9899 0.0416
vn -0.3871 -0.9142 0.1197
vn -0.4147 -0.9090 0.0415
vn -0.1447 -0.9894 0.0144
vn -0.6085 -0.7720 0.1838
vn -0.7793 -0.5828 0.2303
vn -0.8180 -0.5696 0.0803
vn -0.6456 -0.7610 0.0640
vn -0.8960 -0.3597 0.2605
vn -0.9537 -0.1226 0.2746
vn -0.9883 -0.1186 0.0961
vn -0.9326 -0.3492 0.0910
vn -0.0861 0.9817 0.1699
vn -0.1953 0.9688 0.1527
vn -0.9216 0.1935 0.3366
vn -0.1233 0.9916 0.0390
vn -0.0590 0.9829 -0.1745
vn -0.1082 0.9931 0.0460
vn -0.1097 0.9939 -0.0131
vn -0.1079 0.9926 0.0561
vn -0.1950 0.9780 0.0744
vn -0.3964 0.0739 -0.9151
vn -0.1570 0.3427 -0.9262
vn -0.3830 0.1616 -0.9095
vn -0.3799 0.1208 -0.9171
vn -0.1597 0.2822 -0.9460
vn -0.1294 0.1942 -0.9724
vn -0.5329 -0.3452 -0.7726
vn -0.5280 -0.1407 -0.8375
vn -0.5306 -0.1516 -0.8339
vn -0.4486 -0.0109 -0.8937
vn -0.4669 -0.0683 -0.8817
vn -0.5733 -0.0426 -0.8183
vn -0.4301 -0.9016 0.0455
vn -0.9006 -0.3846 -0.2023
vn -0.8963 -0.4137 0.1597
vn -0.7109 -0.6838 0.1643
vn -0.7328 0.6381 -0.2362
vn -0.7364 0.5887 0.3335
vn -0.8272 0.5048 0.2468
vn -0.8413 0.5043 0.1944
vn -0.8997 0.4321 -0.0617
vn -0.8861 0.4567 -0.0786
vn -0.7919 0.4624 -0.3989
vn -0.7984 0.3963 -0.4534
vn -0.8048 -0.5878 -0.0828
vn -0.9601 -0.2718 -0.0657
vn -0.8439 -0.2167 -0.4908
vn -0.7409 -0.5425 -0.3959
vn -0.4077 -0.5436 -0.7336
vn -0.5076 -0.2100 -0.8356
vn -0.1580 -0.2460 -0.9563
vn -0.1373 -0.5842 -0.7999
vn -0.5333 0.3107 -0.7868
vn -0.5986 0.4582 -0.6571
vn -0.2490 0.4526 -0.8562
vn -0.1794 0.2469 -0.9523
vn 0.1631 0.2391 -0.9572
vn 0.1500 0.4491 -0.8808
vn 0.4730 0.4485 -0.7584
vn 0.5069 0.2643 -0.8205
vn 0.1373 -0.5842 -0.7999
vn 0.1580 -0.2460 -0.9563
vn 0.5076 -0.2100 -0.8356
vn 0.4077 -0.5436 -0.7336
vn 0.7374 -0.5533 -0.3875
vn 0.8409 -0.2044 -0.5010
vn 0.9784 -0.1762 -0.1085
vn 0.7800 -0.6240 -0.0466
vn 0.8183 0.3162 -0.4800
vn 0.7339 0.5019 -0.4576
vn 0.8415 0.5394 -0.0322
vn 0.9401 0.3409 -0.0101
vn 0.8709 0.3908 0.2979
vn 0.7782 0.5253 0.3442
vn 0.6541 0.5778 0.4882
vn 0.7959 0.5975 -0.0976
vn 0.7625 -0.6089 0.2189
vn 0.9631 -0.1804 0.1996
vn 0.9062 -0.3949 -0.1514
vn 0.7459 0.6660 -0.0054
vn 0.4755 0.6230 0.6211
vn 0.1705 0.6798 0.7133
vn 0.3919 0.9138 0.1068
vn -0.4235 0.9044 -0.0528
vn -0.3378 0.6971 0.6324
vn -0.6778 0.6184 0.3978
vn -0.7542 0.5893 -0.2896
vn -0.4516 -0.8028 -0.3892
vn -0.1378 -0.8687 -0.4758
vn -0.1432 -0.9639 -0.2245
vn -0.4696 -0.8703 -0.1484
vn 0.1319 -0.8668 -0.4808
vn 0.3859 -0.8147 -0.4328
vn 0.4693 -0.8793 -0.0808
vn 0.1619 -0.9701 -0.1811
vn 0.2401 -0.9689 0.0593
vn 0.5040 -0.8462 0.1729
vn 0.5836 -0.8088 -0.0716
vn 0.3685 -0.9271 0.0682
vn -0.5298 -0.8452 0.0711
vn -0.1136 -0.9927 -0.0413
vn -0.2687 -0.9619 -0.0505
vn 0.4815 0.7216 -0.4975
vn 0.1571 0.6866 -0.7099
vn 0.2419 0.9122 -0.3308
vn 0.6191 0.7720 -0.1443
vn -0.5255 0.4621 -0.7144
vn -0.8085 0.3257 -0.4901
vn -0.9245 0.2951 -0.2413
vn -0.7212 0.5785 -0.3811
vn -0.7041 0.5835 0.4048
vn -0.8999 0.3348 0.2794
vn -0.7794 0.3825 0.4961
vn -0.5363 0.4981 0.6814
vn 0.6256 0.7091 0.3252
vn 0.2472 0.8900 0.3830
vn 0.1545 0.6860 0.7110
vn 0.4651 0.6610 0.5889
vn 0.9689 0.0550 0.2412
vn 0.9414 0.2100 0.2638
vn 0.9877 0.1183 -0.1023
vn 0.9987 -0.0006 -0.0519
vn 0.8561 -0.0060 -0.5168
vn 0.8524 0.1379 -0.5043
vn 0.9818 0.1866 -0.0359
vn 0.9955 0.0519 -0.0788
vn 0.1726 -0.0493 -0.9838
vn 0.1718 0.0794 -0.9819
vn 0.5280 0.0926 -0.8442
vn 0.5305 -0.0398 -0.8468
vn -0.5305 -0.0393 -0.8468
vn -0.5305 0.1033 -0.8413
vn -0.1728 0.0783 -0.9818
vn -0.1726 -0.0501 -0.9837
vn -0.9943 0.0038 -0.1066
vn -0.9703 0.2194 -0.1016
vn -0.8450 0.1662 -0.5083
vn -0.8553 -0.0100 -0.5180
vn -0.9116 0.1132 -0.3953
vn -0.9504 0.1412 -0.2772
vn -0.9596 0.2510 0.1273
vn -0.9943 -0.0192 0.1047
vn 0.6081 0.1239 -0.7841
vn 0.7383 0.1376 -0.6603
vn 0.9336 0.0063 -0.3583
vn 0.6173 0.6641 -0.4218
vn 0.6265 0.4952 0.6019
vn 0.8296 0.1419 0.5400
vn 0.4307 0.3810 0.8181
vn 0.2046 0.6405 0.7402
vn 0.1544 0.5801 -0.7997
vn 0.3054 0.6086 -0.7324
vn -0.2550 0.6917 -0.6756
vn -0.1904 0.7620 0.6190
vn -0.4076 0.6395 0.6519
vn -0.7006 0.6097 0.3708
vn -0.3791 0.8735 0.3053
vn 0.4094 0.4763 0.7781
vn 0.8387 0.2988 0.4553
vn 0.5613 0.7291 0.3915
vn -0.1872 0.6996 -0.6896
vn -0.4932 0.7501 -0.4406
vn -0.1988 0.9072 -0.3707
vn 0.9421 0.3332 -0.0385
vn 0.6494 0.3219 -0.6890
vn 0.6068 0.7612 -0.2287
vn -0.5044 0.8148 0.2859
vn -0.1814 0.6994 0.6913
vn -0.0107 0.8858 0.4640
vn -0.3889 0.8983 -0.2046
vn -0.7396 0.5920 -0.3202
vn -0.5869 0.5891 -0.5555
vn -0.4389 0.7665 -0.4689
vn 0.1128 0.6503 -0.7512
vn -0.2365 0.5693 -0.7874
vn -0.1408 0.7807 -0.6088
vn -0.2305 0.7460 0.6247
vn 0.1072 0.5295 0.8415
vn -0.2103 0.5676 0.7960
vn -0.2505 0.5343 0.8073
vn 0.0917 0.5679 0.8180
vn -0.1440 0.7869 0.6001
vn -0.5193 0.4968 -0.6954
vn -0.8184 0.4215 -0.3907
vn -0.6003 0.6803 -0.4205
vn 0.3528 0.7341 0.5803
vn 0.4411 0.8682 0.2275
vn 0.2465 0.9059 0.3443
vn 0.4565 0.8891 -0.0323
vn 0.3725 0.7955 -0.4779
vn 0.2505 0.9409 -0.2281
vn -0.8545 0.4915 0.1682
vn -0.5389 0.5005 0.6776
vn -0.6151 0.7085 0.3459
vn 0.2711 0.1635 -0.9486
vn 0.3617 -0.1179 -0.9248
vn 0.5442 -0.2007 -0.8146
vn 0.5226 0.1572 -0.8380
vn 0.5690 0.2913 -0.7690
vn 0.6777 -0.0699 -0.7320
vn 0.7840 0.3740 -0.4954
vn 0.5261 0.5145 -0.6772
vn 0.7458 0.3348 0.5760
vn 0.9082 0.0827 0.4102
vn 0.7573 -0.3641 0.5422
vn 0.7499 0.1637 0.6410
vn 0.1236 -0.9327 0.3388
vn 0.2917 -0.7721 0.5647
vn 0.1377 -0.7324 0.6668
vn 0.0734 -0.9315 0.3562
vn 0.4491 -0.4676 0.7613
vn 0.4792 -0.2201 0.8496
vn 0.1873 -0.2154 0.9584
vn 0.1755 -0.4649 0.8678
vn 0.7290 -0.4094 0.5487
vn 0.7146 -0.3947 0.5775
vn 0.6288 -0.3290 0.7046
vn 0.6224 -0.4457 0.6434
vn 0.7572 -0.1381 0.6384
vn 0.7496 0.1307 0.6489
vn 0.6376 0.1741 0.7505
vn 0.6486 -0.0713 0.7578
vn 0.7114 0.3025 0.6344
vn 0.6755 0.4004 0.6191
vn 0.6076 0.3816 0.6966
vn 0.6154 0.3236 0.7187
vn 0.6785 0.3767 0.6307
vn 0.6911 0.3333 0.6413
vn 0.6408 0.3350 0.6908
vn 0.6142 0.3916 0.6851
vn 0.7075 0.2458 0.6626
vn 0.7176 0.2301 0.6573
vn 0.7009 0.2171 0.6794
vn 0.6724 0.2468 0.6978
vn 0.8920 -0.4057 0.1991
vn 0.8962 -0.4024 0.1866
vn 0.8066 -0.4056 0.4300
vn 0.8024 -0.4149 0.4289
vn 0.9584 -0.2051 0.1984
vn 0.9768 0.0348 0.2111
vn 0.8667 0.0728 0.4935
vn 0.8634 -0.1819 0.4707
vn 0.9497 0.2238 0.2190
vn 0.9245 0.3031 0.2311
vn 0.7778 0.3762 0.5035
vn 0.8281 0.2525 0.5005
vn 0.9235 0.2820 0.2601
vn 0.9238 0.1534 0.3508
vn 0.7776 0.2883 0.5588
vn 0.7776 0.3245 0.5386
vn 0.8367 0.2357 0.4943
vn 0.8067 0.2420 0.5392
vn 0.8061 0.2342 0.5434
vn 0.7405 -0.3845 -0.5512
vn 0.7429 -0.3658 -0.5606
vn 0.8916 -0.3964 -0.2187
vn 0.8835 -0.4075 -0.2308
vn 0.7816 -0.1819 -0.5967
vn 0.7866 0.0475 -0.6156
vn 0.9700 0.0308 -0.2413
vn 0.9507 -0.2081 -0.2301
vn 0.7531 0.2238 -0.6186
vn 0.7198 0.2954 -0.6282
vn 0.9187 0.3020 -0.2545
vn 0.9435 0.2220 -0.2462
vn 0.7077 0.2760 -0.6504
vn 0.7209 0.1958 -0.6648
vn 0.9226 0.1204 -0.3664
vn 0.9165 0.2870 -0.2788
vn 0.7822 0.1405 -0.6070
vn 0.8291 0.2224 -0.5130
vn 0.8502 0.1615 -0.5011
vn 0.5922 -0.3037 -0.7464
vn 0.5648 -0.1288 -0.8151
vn 0.6279 -0.3218 -0.7086
vn 0.6522 -0.3496 -0.6726
vn 0.5578 -0.0988 -0.8241
vn 0.5285 0.1114 -0.8416
vn 0.6294 0.0820 -0.7727
vn 0.6401 -0.1485 -0.7538
vn 0.4963 0.2440 -0.8331
vn 0.4560 0.3561 -0.8156
vn 0.5425 0.3244 -0.7749
vn 0.5854 0.2548 -0.7696
vn 0.4403 0.3336 -0.8336
vn 0.4389 0.2672 -0.8579
vn 0.4942 0.2510 -0.8323
vn 0.5176 0.3040 -0.7998
vn 0.4580 0.1823 -0.8700
vn 0.4945 0.2444 -0.8341
vn 0.4670 0.2589 -0.8455
vn 0.4670 0.2027 -0.8607
vn 0.1489 -0.9391 -0.3099
vn 0.1540 -0.9204 -0.3593
vn 0.1866 -0.9224 -0.3381
vn 0.1430 -0.9548 -0.2605
vn 0.3916 -0.7101 -0.5852
vn 0.4542 -0.4234 -0.7838
vn 0.4750 -0.6654 -0.5759
vn 0.1770 0.3192 -0.9310
vn 0.1941 0.3085 -0.9312
vn 0.4018 0.3387 -0.8508
vn 0.4009 0.2868 -0.8701
vn 0.2075 0.3197 -0.9245
vn 0.2226 0.2572 -0.9404
vn 0.4242 0.2667 -0.8654
vn 0.4097 0.3222 -0.8534
vn 0.2366 0.1608 -0.9582
vn 0.2484 0.1419 -0.9582
vn 0.4808 0.1672 -0.8607
vn 0.4482 0.1822 -0.8751
vn 0.5779 0.2175 0.7866
vn 0.6113 0.1798 0.7707
vn 0.2943 0.1758 0.9394
vn 0.2689 0.2003 0.9421
vn 0.5138 0.3702 0.7739
vn 0.5451 0.3104 0.7788
vn 0.2504 0.2890 0.9240
vn 0.2322 0.3324 0.9141
vn 0.4812 0.2816 0.8301
vn 0.4992 0.3266 0.8026
vn 0.2165 0.2859 0.9335
vn 0.1979 0.2505 0.9477
vn 0.4804 -0.0078 0.8770
vn 0.4740 0.1942 0.8589
vn 0.1867 0.1979 0.9623
vn 0.1878 0.0293 0.9818
vn 0.4458 -0.0625 -0.8930
vn 0.3861 -0.0035 -0.9225
vn 0.4456 0.0438 -0.8942
vn 0.6564 0.1059 0.7469
vn 0.6096 -0.4577 0.6472
vn 0.4308 -0.3945 0.8117
vn 0.3475 0.1426 0.9268
vn 0.4068 -0.3307 -0.8516
vn 0.5182 -0.4533 -0.7253
vn 0.6989 -0.2235 -0.6794
vn 0.7032 -0.1152 -0.7016
vn 0.8215 -0.0502 -0.5680
vn 0.7931 -0.1958 -0.5767
vn 0.9389 -0.2277 -0.2579
vn 0.9643 -0.0723 -0.2548
vn 0.9695 -0.0602 0.2374
vn 0.9509 -0.2074 0.2298
vn 0.8514 -0.2346 0.4691
vn 0.8631 -0.0674 0.5005
vn 0.7627 -0.2125 0.6108
vn 0.7647 -0.3236 0.5572
vn 0.5932 -0.5216 0.6132
vn 0.5234 -0.5035 0.6875
vn 0.0309 -0.7021 0.7114
vn 0.2578 -0.7536 0.6047
vn -0.0077 -0.9300 0.3675
vn -0.3469 -0.7924 0.5018
vn -0.6361 -0.7031 0.3180
vn -0.1699 -0.9640 0.2047
vn -0.4455 -0.8948 0.0283
vn -0.9063 -0.4150 0.0799
vn -0.9677 -0.1652 -0.1903
vn -0.5867 -0.7750 -0.2347
vn -0.4293 -0.8227 -0.3727
vn -0.8858 -0.2139 -0.4118
vn -0.7317 -0.4142 -0.5413
vn -0.3788 -0.8558 -0.3523
vn -0.1922 -0.8192 -0.5403
vn -0.4119 -0.4352 -0.8006
vn -0.4502 -0.7967 -0.4033
vn -0.6369 -0.1571 -0.7548
vn -0.3433 -0.1253 -0.9308
vn 0.6354 0.7721 -0.0086
vn -0.3252 -0.8518 -0.4107
vn -0.6483 -0.0166 -0.7612
vn -0.6502 0.0509 -0.7580
vn -0.2620 0.0538 -0.9636
vn -0.2640 0.0011 -0.9645
vn -0.6490 0.1446 -0.7469
vn -0.6555 0.1253 -0.7448
vn -0.2687 0.1279 -0.9547
vn -0.2642 0.1449 -0.9535
vn -0.6688 0.0113 -0.7434
vn -0.7129 -0.1394 -0.6873
vn -0.3309 -0.1397 -0.9333
vn -0.2786 0.0182 -0.9602
vn -0.9581 -0.2412 -0.1545
vn -0.9854 -0.0492 -0.1631
vn -0.8737 -0.1154 -0.4725
vn -0.7330 -0.5560 -0.3918
vn -0.9867 -0.0051 -0.1624
vn -0.9856 0.0489 -0.1616
vn -0.8832 0.0503 -0.4663
vn -0.8830 -0.0065 -0.4694
vn -0.9782 0.1332 -0.1591
vn -0.9812 0.1116 -0.1573
vn -0.8823 0.1199 -0.4552
vn -0.8777 0.1381 -0.4589
vn -0.9871 0.0203 -0.1589
vn -0.9851 -0.0409 -0.1671
vn -0.8967 -0.0537 -0.4394
vn -0.8900 0.0185 -0.4557
vn -0.7493 -0.5434 0.3785
vn -0.8884 -0.0896 0.4502
vn -0.9865 -0.0441 0.1579
vn -0.9598 -0.2382 0.1482
vn -0.8917 -0.0027 0.4526
vn -0.8898 0.0585 0.4526
vn -0.9860 0.0507 0.1587
vn -0.9873 -0.0029 0.1588
vn -0.8793 0.1586 0.4491
vn -0.8817 0.1391 0.4508
vn -0.9803 0.1207 0.1564
vn -0.9779 0.1379 0.1572
vn -0.8919 0.0018 0.4523
vn -0.8754 -0.2444 0.4170
vn -0.9841 -0.1191 0.1320
vn -0.9879 0.0110 0.1546
vn -0.1867 -0.8618 0.4716
vn -0.2960 -0.2236 0.9286
vn -0.6535 -0.1770 0.7359
vn -0.3904 -0.8091 0.4392
vn -0.2678 -0.0030 0.9635
vn -0.2642 0.0841 0.9608
vn -0.6594 0.0731 0.7482
vn -0.6608 -0.0060 0.7505
vn -0.2619 0.2247 0.9386
vn -0.2662 0.1995 0.9431
vn -0.6531 0.1737 0.7371
vn -0.6491 0.1978 0.7345
vn -0.2666 0.0053 0.9638
vn -0.2001 -0.3374 0.9198
vn -0.6328 -0.3492 0.6911
vn -0.6658 -0.0015 0.7462
vn 0.6828 0.0321 0.7299
vn 0.6825 0.0766 0.7268
vn 0.2817 0.0906 0.9552
vn 0.2838 0.0402 0.9580
vn 0.6735 0.1831 0.7161
vn 0.6747 0.1502 0.7226
vn 0.2823 0.1934 0.9396
vn 0.2791 0.2202 0.9347
vn 0.6816 0.0229 0.7314
vn 0.7148 -0.1001 0.6922
vn 0.3946 -0.2569 0.8822
vn 0.3011 0.0305 0.9531
vn 0.9081 -0.3884 0.1567
vn 0.9770 -0.0802 0.1975
vn 0.8716 -0.0219 0.4897
vn 0.7050 -0.6269 0.3315
vn 0.9770 -0.0160 0.2128
vn 0.9758 0.0448 0.2139
vn 0.8612 0.0559 0.5052
vn 0.8637 -0.0140 0.5037
vn 0.9681 0.1347 0.2112
vn 0.9730 0.0883 0.2133
vn 0.8544 0.1113 0.5075
vn 0.8522 0.1521 0.5005
vn 0.9753 -0.0226 0.2197
vn 0.9720 -0.0545 0.2287
vn 0.8547 -0.0350 0.5179
vn 0.8548 -0.0019 0.5190
vn 0.7383 -0.2672 -0.6193
vn 0.6247 -0.6574 -0.4214
vn 0.8764 -0.0598 -0.4779
vn 0.9725 -0.0971 -0.2117
vn 0.9589 -0.2034 -0.1979
vn 0.8538 -0.0056 -0.5206
vn 0.8532 0.0483 -0.5194
vn 0.9750 0.0446 -0.2177
vn 0.9751 -0.0307 -0.2195
vn 0.8499 0.1293 -0.5109
vn 0.8545 0.0907 -0.5115
vn 0.9733 0.0827 -0.2142
vn 0.9691 0.1229 -0.2139
vn 0.8525 -0.0121 -0.5226
vn 0.8396 -0.0275 -0.5425
vn 0.9707 -0.0526 -0.2343
vn 0.9750 -0.0269 -0.2204
vn 0.2820 0.0355 -0.9588
vn 0.2794 0.0593 -0.9583
vn 0.6735 0.0576 -0.7369
vn 0.6710 0.0301 -0.7409
vn 0.2815 0.1406 -0.9492
vn 0.2850 0.1221 -0.9507
vn 0.6768 0.1034 -0.7289
vn 0.6732 0.1313 -0.7277
vn 0.2905 0.0162 -0.9567
vn 0.3237 -0.1297 -0.9372
vn 0.6834 -0.0484 -0.7284
vn 0.6764 0.0096 -0.7364
vn -0.7329 -0.6778 -0.0586
vn -0.1258 -0.9731 -0.1931
vn -0.1383 -0.9707 0.1964
vn -0.1381 -0.9883 -0.0643
vn -0.2146 -0.9767 0.0002
vn -0.0743 -0.9972 0.0011
vn -0.1030 -0.9906 0.0902
vn 0.5256 -0.8504 -0.0233
vn 0.5632 -0.8247 0.0512
vn 0.0834 -0.9923 0.0912
vn -0.3263 -0.9413 -0.0864
vn -0.3530 -0.9335 -0.0634
vn -0.5344 -0.8418 -0.0767
vn -0.4658 -0.8786 0.1050
vn -0.3457 -0.9364 0.0603
vn 0.4088 -0.9113 0.0497
vn 0.7108 -0.7034 -0.0007
vn 0.8178 -0.5755 -0.0004
vn 0.4141 -0.9088 -0.0499
vn 0.1210 -0.9837 -0.1328
vn 0.1202 -0.9872 -0.1047
vn 0.1770 -0.9607 -0.2140
vn 0.2216 -0.9505 -0.2179
vn 0.0201 -0.9856 0.1679
vn 0.0302 -0.9859 0.1645
vn -0.0006 -0.9994 0.0356
vn -0.0818 -0.9963 0.0276
vn -0.0131 -0.9647 0.2629
vn 0.6563 -0.6003 0.4570
vn -0.0312 -0.3045 0.9520
vn -0.6465 -0.7625 -0.0263
vn 0.6017 0.7982 -0.0306
vn -0.6545 -0.7558 -0.0193
vn 0.6565 -0.0104 -0.7543
vn 0.4939 -0.3305 -0.8042
vn 0.3402 -0.0156 -0.9402
vn -0.0669 -0.9357 0.3464
vn 0.3714 -0.8888 0.2684
vn 0.7224 -0.1132 0.6821
vn 0.3349 -0.0097 0.9422
vn 0.4937 -0.3373 0.8016
vn 0.6612 -0.0085 0.7502
vn 0.2495 -0.9212 -0.2985
vn -0.2295 -0.7419 -0.6301
vn 0.6831 -0.1101 -0.7220
vn 0.1673 -0.2041 -0.9645
vn 0.4377 -0.8509 -0.2904
vn 0.2281 -0.7629 -0.6049
vn 0.6113 0.7171 -0.3349
vn 0.3030 0.7044 -0.6418
vn -0.0624 0.9310 -0.3596
vn 0.6480 0.4585 0.6082
vn 0.3926 0.6045 0.6932
vn 0.6359 0.4898 0.5965
vn 0.5086 0.5776 0.6385
vn 0.4887 0.6031 0.6305
vn 0.6630 0.6841 0.3041
vn 0.3961 0.6078 -0.6882
vn 0.2040 0.6519 -0.7303
vn 0.3886 0.6302 -0.6722
vn 0.7573 0.2538 -0.6018
vn 0.5536 0.1683 -0.8156
vn 0.5394 0.3052 -0.7848
vn 0.7766 0.2201 0.5903
vn 0.8006 0.2175 0.5583
vn 0.7349 0.2694 0.6224
vn 0.0320 -0.8326 0.5529
vn 0.0320 -0.5529 0.8327
vn 0.0320 0.8326 0.5529
vn 0.0310 0.9797 -0.1978
vn 0.0320 0.8326 -0.5529
vn 0.0320 -0.8326 -0.5529
vn -0.9645 -0.1225 0.2340
vn -0.8296 -0.4627 0.3127
vn -0.9338 -0.3576 -0.0091
vn -0.8520 -0.4175 -0.3158
vn -0.9510 0.0184 -0.3087
vn -0.8795 0.2365 -0.4130
vn -0.9612 0.1929 0.1974
vn -0.8957 0.2298 0.3806
vn 0.0922 0.6346 -0.7674
vn 0.0789 0.5800 -0.8108
vn 0.1382 0.2386 -0.9612
vn 0.1639 0.3259 -0.9311
vn 0.0406 0.5566 -0.8298
vn 0.0070 0.5531 -0.8331
vn 0.0211 0.1979 -0.9800
vn 0.0750 0.2030 -0.9763
vn 0.0235 0.1979 -0.9799
vn 0.0377 0.9744 -0.2217
vn 0.0249 0.9786 -0.2044
vn 0.0607 0.8309 -0.5532
vn 0.0780 0.8258 -0.5586
vn 0.0105 0.9800 -0.1987
vn 0.0016 0.9802 -0.1979
vn 0.0045 0.8331 -0.5532
vn 0.0283 0.8328 -0.5528
vn 0.0235 0.8328 -0.5530
vn 0.0536 0.9788 -0.1977
vn -0.1803 0.8630 0.4719
vn -0.1163 0.8388 0.5318
vn -0.0622 0.9791 0.1936
vn -0.0743 0.9804 0.1823
vn -0.0621 0.8326 0.5504
vn -0.0108 0.8330 0.5531
vn -0.0049 0.9802 0.1979
vn -0.0299 0.9798 0.1975
vn 0.0235 0.8328 0.5530
vn 0.0536 0.9788 0.1977
vn -0.1115 0.3053 0.9457
vn -0.1024 0.2317 0.9674
vn -0.1103 0.5872 0.8019
vn -0.2035 0.6691 0.7148
vn -0.0586 0.2018 0.9777
vn -0.0110 0.1979 0.9802
vn -0.0118 0.5531 0.8330
vn -0.0636 0.5564 0.8285
vn -0.2100 -0.6010 0.7711
vn -0.1741 -0.5621 0.8086
vn -0.1425 -0.2033 0.9687
vn -0.1702 -0.2228 0.9599
vn -0.0842 -0.5523 0.8294
vn -0.0137 -0.5531 0.8330
vn -0.0135 -0.1979 0.9801
vn -0.0758 -0.1978 0.9773
vn 0.0235 -0.1979 0.9799
vn -0.0217 -0.9808 0.1937
vn -0.0166 -0.9803 0.1968
vn -0.1315 -0.8283 0.5447
vn -0.1718 -0.8359 0.5213
vn -0.0068 -0.9802 0.1979
vn -0.0095 -0.8330 0.5531
vn -0.0585 -0.8313 0.5527
vn 0.0236 -0.9799 0.1979
vn 0.2870 -0.6965 -0.6576
vn 0.1784 -0.7955 -0.5791
vn 0.1443 -0.9628 -0.2283
vn 0.2574 -0.9162 -0.3070
vn 0.0681 -0.8291 -0.5550
vn 0.0099 -0.8330 -0.5531
vn 0.0065 -0.9802 -0.1979
vn 0.0482 -0.9784 -0.2011
vn 0.0236 -0.9799 -0.1979
vn 0.2596 -0.1032 -0.9602
vn 0.2118 -0.1686 -0.9627
vn 0.1858 -0.5238 -0.8313
vn 0.2487 -0.4559 -0.8546
vn 0.1128 -0.1943 -0.9744
vn 0.0203 -0.1979 -0.9800
vn 0.0143 -0.5531 -0.8330
vn 0.0875 -0.5498 -0.8307
vn 0.0236 -0.1979 -0.9799
vn 0.0498 -0.5525 -0.8320
vn 0.0558 -0.1976 -0.9787
vn 0.0638 -0.1972 -0.9783
vn 0.0308 -0.5530 -0.8326
vn 0.0377 -0.9795 -0.1978
vn 0.0426 -0.8323 -0.5527
vn -0.0102 -0.8340 -0.5517
vn -0.0394 -0.9797 -0.1967
vn 0.0250 -0.8328 0.5530
vn -0.0754 -0.9777 0.1962
vn -0.1198 -0.8274 0.5487
vn 0.0263 -0.1975 0.9799
vn 0.0228 -0.5530 0.8329
vn -0.1360 -0.5391 0.8312
vn -0.1170 -0.1943 0.9739
vn 0.0285 0.5504 0.8344
vn 0.0291 0.1952 0.9803
vn -0.1014 0.1774 0.9789
vn -0.1045 0.5316 0.8405
vn 0.0362 0.9796 0.1979
vn 0.0299 0.8321 0.5538
vn -0.0926 0.8264 0.5555
vn -0.0510 0.9793 0.1958
vn 0.0512 0.8322 -0.5521
vn 0.0447 0.9793 -0.1974
vn 0.0002 0.9805 -0.1964
vn 0.0380 0.8338 -0.5507
vn 0.0576 0.1976 -0.9786
vn 0.0555 0.5520 -0.8320
vn 0.0625 0.5501 -0.8328
vn 0.0734 0.1971 -0.9776
vn 0.5800 -0.1657 0.7976
vn 0.1319 0.2544 0.9581
vn 0.3728 0.0334 0.9273
vn 0.6534 -0.1116 0.7487
vn -0.0935 0.4759 0.8745
vn -0.3276 0.5082 0.7965
vn -0.2996 0.1715 0.9385
vn -0.1281 0.1357 0.9824
vn -0.0733 -0.1857 0.9799
vn -0.2785 -0.1881 0.9418
vn -0.3063 -0.5195 0.7977
vn -0.1747 -0.5134 0.8402
vn 0.6599 -0.0397 0.7503
vn 0.4700 -0.1260 0.8736
vn 0.3260 -0.3930 0.8598
vn 0.6037 -0.1292 0.7867
vn 0.5000 -0.5605 0.6602
vn 0.0635 -0.8199 0.5690
vn 0.0496 -0.9874 0.1505
vn 0.5107 -0.8216 0.2532
vn -0.2622 -0.8153 0.5163
vn -0.2977 -0.7996 0.5216
vn -0.2029 -0.9623 0.1812
vn -0.1435 -0.9766 0.1601
vn -0.0781 -0.9813 -0.1760
vn -0.1304 -0.9730 -0.1902
vn -0.0766 -0.8373 -0.5413
vn -0.0508 -0.8537 -0.5183
vn 0.3925 -0.9170 -0.0716
vn 0.1145 -0.9834 -0.1407
vn 0.1227 -0.8778 -0.4630
vn 0.2421 -0.8837 -0.4007
vn 0.1912 -0.6130 -0.7666
vn 0.0777 -0.5791 -0.8116
vn -0.0243 -0.2060 -0.9782
vn 0.1352 -0.2469 -0.9596
vn -0.0092 -0.5559 -0.8312
vn -0.0026 -0.5532 -0.8331
vn 0.0540 -0.1948 -0.9794
vn 0.0191 -0.1919 -0.9812
vn 0.0071 0.1869 -0.9823
vn 0.0673 0.1952 -0.9785
vn 0.0535 0.5503 -0.8333
vn 0.0095 0.5381 -0.8428
vn 0.0463 0.0896 -0.9949
vn -0.0899 0.1523 -0.9842
vn -0.1986 0.4708 -0.8596
vn -0.0173 0.3117 -0.9500
vn 0.3274 -0.9302 0.1656
vn 0.3571 -0.8631 -0.3571
vn 0.5624 -0.7599 -0.3260
vn 0.6217 -0.7819 0.0471
vn -0.0827 0.8315 -0.5493
vn -0.0094 0.8338 -0.5520
vn -0.0770 0.9772 -0.1979
vn -0.1528 0.9674 -0.2018
vn -0.2156 0.9597 0.1805
vn -0.1736 0.9664 0.1896
vn -0.2701 0.8016 0.5335
vn -0.3355 0.7813 0.5263
vn -0.4702 -0.1759 0.8649
vn -0.0760 -0.3424 0.9365
vn -0.0804 -0.3403 0.9369
vn -0.4551 -0.1279 0.8812
vn 0.6554 -0.0743 0.7516
vn 0.5240 -0.3002 0.7970
vn 0.5045 0.0155 0.8633
vn 0.6151 0.0270 0.7879
vn 0.5770 0.8078 -0.1206
vn 0.4005 0.8821 -0.2481
vn 0.4033 0.9082 -0.1120
vn 0.5654 0.8248 -0.0022
vn -0.2273 0.8536 -0.4687
vn -0.1863 0.9689 -0.1630
vn -0.0259 0.9886 -0.1481
vn -0.0695 0.9008 -0.4286
vn 0.6425 -0.1523 0.7510
vn 0.5926 -0.0817 0.8014
vn 0.8537 0.1760 0.4902
vn 0.7078 -0.2439 0.6630
vn 0.4480 -0.5435 -0.7099
vn 0.4363 -0.2394 -0.8674
vn 0.8073 -0.0976 -0.5820
vn 0.8322 -0.1587 -0.5313
vn 0.6828 -0.4715 -0.5580
vn 0.2122 0.9218 0.3244
vn 0.3111 0.6684 0.6757
vn 0.3433 0.6928 0.6342
vn 0.7765 0.6300 0.0118
vn 0.3444 0.9334 0.1007
vn 0.0583 0.4573 -0.8874
vn -0.1272 0.5936 -0.7947
vn 0.1679 0.8037 -0.5709
vn 0.1613 0.8049 -0.5710
vn 0.2290 0.4991 -0.8357
vn 0.4549 0.1388 -0.8797
vn 0.4348 0.2304 -0.8706
vn 0.8792 0.1675 -0.4461
vn 0.7064 0.3743 -0.6008
vn 0.7955 0.0648 -0.6025
vn 0.7977 0.0711 -0.5988
vn 0.3573 0.0924 0.9294
vn 0.4086 -0.1000 0.9072
vn 0.7561 -0.1288 0.6416
vn 0.5985 -0.3287 0.7306
vn 0.6425 0.1934 0.7415
vn 0.5594 0.2305 0.7962
vn 0.8957 -0.4442 0.0228
vn 0.8820 -0.3972 -0.2536
vn 0.9400 -0.2391 -0.2432
vn 0.9897 -0.1235 0.0726
vn 0.3745 0.0211 0.9270
vn 0.4416 -0.2993 0.8458
vn 0.4801 -0.3496 0.8045
vn 0.6378 0.2047 0.7425
vn 0.7470 0.0884 0.6589
vn -0.1465 -0.4533 0.8792
vn -0.2317 -0.0914 0.9685
vn 0.0479 0.0767 0.9959
vn 0.3184 -0.2691 0.9090
vn 0.9845 0.1722 -0.0324
vn 0.7423 -0.6567 0.1331
vn 0.7594 -0.3640 0.5392
vn 0.9462 -0.0443 0.3205
vn -0.6076 0.6312 0.4821
vn -0.4266 0.9044 -0.0113
vn -0.1580 0.9659 0.2049
vn -0.3638 0.7243 0.5856
vn 0.0844 0.8424 -0.5322
vn 0.5853 0.6378 -0.5007
vn 0.6608 0.7401 -0.1249
vn 0.2029 0.9727 0.1130
vn 0.5069 0.2247 -0.8322
vn -0.0657 0.5250 -0.8486
vn -0.1008 0.4322 -0.8961
vn 0.4927 0.1244 -0.8613
vn 0.8631 -0.4287 0.2669
vn 0.9504 -0.2216 -0.2181
vn 0.9124 -0.3301 -0.2419
vn 0.8641 -0.4695 0.1812
vn -0.7275 0.6280 -0.2763
vn -0.8666 0.3870 0.3150
vn -0.8963 0.3343 0.2915
vn -0.7784 0.5360 -0.3269
vn 0.7818 -0.3876 0.4884
vn 0.9357 -0.2768 -0.2190
vn 0.9947 -0.0187 -0.1011
vn 0.8192 -0.1933 0.5399
vn -0.7947 0.4997 -0.3448
vn -0.9124 0.3004 0.2782
vn -0.8521 0.4129 0.3215
vn -0.7396 0.6091 -0.2863
vn -0.1019 0.4296 -0.8972
vn -0.0434 0.5865 -0.8088
vn 0.5649 0.3652 -0.7400
vn 0.3769 0.8873 0.2659
vn 0.1879 0.9407 0.2824
vn 0.1648 0.8914 0.4222
vn 0.3273 0.8263 0.4584
vn 0.3155 0.6144 0.7231
vn 0.0099 0.6937 0.7202
vn -0.2114 0.3751 0.9025
vn 0.3471 0.1632 0.9235
vn 0.7835 0.1548 0.6018
vn 0.9339 0.3529 0.0582
vn 0.7023 0.6803 0.2097
vn 0.6128 0.6087 0.5040
vn -0.1724 0.8980 0.4047
vn -0.1575 0.9782 0.1353
vn -0.5183 0.8493 -0.1002
vn -0.6085 0.6819 0.4058
vn 0.5845 0.6588 -0.4737
vn 0.0787 0.8377 -0.5404
vn 0.2002 0.9713 -0.1285
vn 0.4600 0.8858 -0.0615
vn -0.4270 -0.0991 0.8988
vn 0.0416 0.5249 0.8502
vn 0.3189 -0.0790 0.9445
vn -0.3692 0.0443 0.9283
vn 0.9493 -0.1887 0.2516
vn 0.9591 -0.1808 0.2179
vn 0.5145 0.8539 0.0781
vn 0.1891 0.9662 -0.1751
vn 0.9653 -0.1864 0.1829
vn 0.9952 -0.0499 0.0839
vn 0.9483 0.1460 -0.2816
vn 0.8988 0.3297 -0.2890
vn 0.9034 0.4284 0.0208
vn -0.2568 -0.9661 0.0267
vn 0.0261 -0.9929 0.1159
vn 0.0776 -0.9953 0.0571
vn -0.2000 -0.9788 -0.0435
vn 0.6601 0.7017 -0.2681
vn 0.8466 0.5270 -0.0745
vn 0.7933 0.6031 -0.0826
vn 0.6208 0.7814 0.0628
vn 0.9408 -0.2836 -0.1856
vn 0.8946 -0.4022 -0.1947
vn 0.8165 -0.5659 0.1142
vn 0.9483 -0.2902 0.1288
vn 0.9395 0.2960 -0.1722
vn 0.9805 0.1710 -0.0971
vn 0.9286 0.3498 0.1239
vn 0.8774 0.4387 0.1944
vn 0.2466 0.9079 -0.3390
vn 0.0832 0.9340 -0.3473
vn 0.1051 0.9438 -0.3133
vn 0.2631 0.9195 -0.2919
vn 0.3989 0.7440 -0.5361
vn 0.3091 0.7456 -0.5903
vn 0.3639 0.8262 -0.4300
vn 0.4725 0.7855 -0.3997
vn 0.2036 0.7576 -0.6201
vn 0.0755 0.7710 -0.6323
vn 0.0794 0.8839 -0.4609
vn 0.2274 0.8625 -0.4521
vn 0.2339 0.8345 0.4989
vn 0.1894 0.7728 0.6057
vn 0.0856 0.7325 0.6754
vn 0.2076 0.7253 0.6564
vn 0.6209 0.7114 0.3293
vn 0.3921 0.8247 0.4077
vn 0.3418 0.7082 0.6177
vn 0.5272 0.6461 0.5519
vn 0.6273 0.7787 -0.0118
vn 0.5166 0.8552 -0.0431
vn 0.4903 0.8554 0.1668
vn 0.6494 0.7459 0.1482
vn 0.5170 0.8062 -0.2877
vn 0.4009 0.8591 -0.3181
vn 0.5033 0.8294 -0.2426
vn 0.5806 0.7971 -0.1660
vn 0.2482 0.1511 0.9569
vn 0.2547 0.1562 0.9543
vn 0.0802 0.1544 0.9847
vn 0.0775 0.1288 0.9886
vn 0.2468 0.0707 0.9665
vn 0.2245 0.1279 0.9660
vn 0.0751 0.1310 0.9885
vn 0.0794 0.0719 0.9942
vn 0.5277 -0.2312 0.8174
vn 0.5934 0.0409 0.8039
vn 0.4116 -0.0312 0.9108
vn 0.3490 -0.3792 0.8570
vn 0.6148 0.1907 0.7653
vn 0.6333 0.1619 0.7568
vn 0.4452 0.1578 0.8814
vn 0.4321 0.1785 0.8840
vn 0.6448 0.0549 0.7624
vn 0.6316 0.0908 0.7699
vn 0.3962 0.1116 0.9114
vn 0.4346 0.0626 0.8984
vn 0.5864 0.2741 0.7623
vn 0.5113 0.4723 0.7180
vn 0.3313 0.5141 0.7912
vn 0.3512 0.3118 0.8829
vn 0.2051 0.3303 0.9213
vn 0.2018 0.5320 0.8223
vn 0.0730 0.5402 0.8384
vn 0.0722 0.3356 0.9392
vn 0.1914 -0.4830 0.8544
vn 0.2337 -0.0992 0.9672
vn 0.0725 -0.1277 0.9892
vn 0.0604 -0.5212 0.8513
vn 0.0675 -0.7476 -0.6607
vn 0.1581 -0.7532 -0.6385
vn 0.2123 -0.8546 -0.4740
vn 0.1372 -0.8178 -0.5589
vn 0.2164 -0.7638 -0.6081
vn 0.3581 -0.7402 -0.5692
vn 0.4202 -0.8207 -0.3871
vn 0.2737 -0.8695 -0.4112
vn 0.3345 -0.9130 -0.2333
vn 0.4498 -0.8636 -0.2276
vn 0.4643 -0.8826 -0.0741
vn 0.4836 -0.8718 -0.0786
vn 0.3293 -0.9432 0.0436
vn 0.4648 -0.8843 0.0444
vn 0.4657 -0.8720 0.1510
vn 0.3246 -0.9349 0.1438
vn 0.2600 -0.9021 0.3444
vn 0.4661 -0.8110 0.3536
vn 0.4493 -0.6136 0.6493
vn 0.2205 -0.7067 0.6723
vn 0.0454 -0.8967 0.4404
vn 0.1854 -0.9079 0.3760
vn 0.1212 -0.7591 0.6396
vn 0.0391 -0.7828 0.6210
vn 0.9388 -0.0944 -0.3313
vn 0.9301 -0.1227 -0.3461
vn 0.9947 -0.0621 -0.0814
vn 0.9912 -0.0819 -0.1042
vn 0.9946 -0.0399 0.0953
vn 0.9885 -0.0011 0.1510
vn 0.9683 0.0648 0.2414
vn 0.9733 0.0087 0.2295
vn 0.6086 -0.4721 -0.6377
vn 0.7152 -0.2394 -0.6567
vn 0.8481 -0.2289 -0.4778
vn 0.7004 -0.5592 -0.4434
vn 0.7540 -0.1128 -0.6471
vn 0.7394 -0.0933 -0.6667
vn 0.8607 -0.1229 -0.4940
vn 0.8707 -0.0913 -0.4833
vn 0.6932 -0.7056 0.1473
vn 0.5951 -0.6891 -0.4135
vn 0.7204 -0.5231 -0.4554
vn 0.8164 -0.5770 -0.0213
vn 0.5004 0.6914 -0.5211
vn 0.5151 0.7049 -0.4876
vn 0.5577 0.7381 -0.3797
vn 0.5657 0.7360 -0.3719
vn 0.5979 0.7594 -0.2566
vn 0.5947 0.7563 -0.2727
vn 0.6806 0.7203 -0.1338
vn 0.6551 0.7515 -0.0784
vn 0.9065 0.3930 0.1540
vn 0.7799 0.6239 0.0506
vn 0.8259 0.5259 0.2035
vn 0.9042 0.3158 0.2875
vn 0.8862 0.2796 0.3695
vn 0.8195 0.4699 0.3279
vn 0.7580 0.4405 0.4811
vn 0.8103 0.2543 0.5280
vn 0.9134 0.0955 0.3956
vn 0.9084 0.1469 0.3915
vn 0.8306 0.1077 0.5463
vn 0.8218 0.0733 0.5651
vn 0.9183 0.0763 0.3886
vn 0.9138 0.1089 0.3913
vn 0.8017 0.1491 0.5788
vn 0.7941 0.1548 0.5878
vn 0.7881 -0.4650 0.4034
vn 0.9132 -0.0802 0.3995
vn 0.7878 0.0589 0.6131
vn 0.7382 -0.1695 0.6529
vn 0.7163 -0.6944 0.0684
vn 0.9501 -0.2988 0.0892
vn 0.9469 -0.2214 0.2334
vn 0.7490 -0.6309 0.2022
vn 0.7275 -0.6261 -0.2806
vn 0.9078 -0.2701 -0.3209
vn 0.9447 -0.3091 -0.1095
vn 0.7229 -0.6846 -0.0932
vn 0.0816 -0.2840 -0.9554
vn 0.0855 -0.0928 -0.9920
vn 0.2590 -0.0890 -0.9618
vn 0.2397 -0.2701 -0.9325
vn 0.0846 0.0823 -0.9930
vn 0.0802 0.2488 -0.9652
vn 0.2287 0.2335 -0.9451
vn 0.2538 0.0762 -0.9643
vn 0.0760 0.4161 -0.9061
vn 0.0757 0.5927 -0.8018
vn 0.2068 0.5978 -0.7745
vn 0.2056 0.4074 -0.8898
vn 0.3218 0.4080 -0.8544
vn 0.3191 0.6212 -0.7157
vn 0.4231 0.6027 -0.6765
vn 0.4408 0.5130 -0.7366
vn 0.4121 0.0630 -0.9089
vn 0.3686 0.2121 -0.9051
vn 0.4721 0.2412 -0.8479
vn 0.4954 0.0024 -0.8687
vn 0.3975 -0.2318 -0.8879
vn 0.4277 -0.0748 -0.9008
vn 0.5543 -0.0567 -0.8304
vn 0.5710 -0.1688 -0.8034
vn 0.2276 -0.5938 -0.7717
vn 0.3189 -0.4118 -0.8536
vn 0.4982 -0.3250 -0.8039
vn 0.3779 -0.5347 -0.7558
vn 0.0608 -0.6317 -0.7729
vn 0.0715 -0.4798 -0.8745
vn 0.1968 -0.4599 -0.8659
vn 0.1531 -0.6180 -0.7711
vn 0.9594 0.1380 0.2462
vn 0.9433 0.1632 0.2891
vn 0.9659 0.0931 0.2415
vn 0.9708 0.0542 0.2336
vn 0.2156 -0.0980 -0.9716
vn 0.1454 0.3326 -0.9318
vn 0.3320 0.2872 -0.8985
vn 0.3868 0.1214 -0.9141
vn 0.5021 0.0687 -0.8620
vn 0.5119 0.3115 -0.8006
vn 0.6026 0.5047 -0.6182
vn 0.6661 -0.0061 -0.7458
vn 0.6655 0.6636 -0.3417
vn 0.8906 0.4343 -0.1353
vn 0.9882 -0.1422 -0.0570
vn 0.8772 -0.0405 -0.4785
vn 0.5322 -0.6537 -0.5380
vn 0.4034 -0.5075 -0.7614
vn 0.5331 -0.2871 -0.7959
vn 0.6475 -0.4326 -0.6273
vn 0.3902 -0.3015 0.8700
vn 0.5401 -0.5822 0.6078
vn 0.7441 -0.5209 0.4183
vn 0.7937 -0.0611 0.6052
vn 0.3085 0.9449 -0.1100
vn 0.4327 0.8557 0.2838
vn 0.5602 0.8200 0.1172
vn 0.4525 0.8622 -0.2276
vn 0.1720 0.7448 -0.6447
vn 0.2472 0.9181 -0.3097
vn 0.4122 0.7926 -0.4493
vn 0.3656 0.6187 -0.6953
vn 0.3907 0.6714 -0.6297
vn 0.4614 0.8245 -0.3276
vn 0.3175 0.9075 -0.2750
vn 0.3036 0.7221 -0.6215
vn 0.1907 0.7326 -0.6534
vn 0.1889 0.9468 -0.2607
vn 0.0865 0.9613 -0.2616
vn 0.0732 0.7172 -0.6930
vn -0.0262 0.7434 -0.6683
vn 0.0152 0.9722 -0.2335
vn 0.0548 0.9725 -0.2265
vn -0.0147 0.7795 -0.6262
vn 0.4700 0.8562 -0.2147
vn 0.4188 0.8867 0.1959
vn 0.3943 0.9184 -0.0340
vn 0.3286 0.9290 -0.1700
vn 0.2021 0.9702 -0.1339
vn 0.2963 0.9551 0.0086
vn 0.2418 0.9598 0.1426
vn 0.1181 0.9875 -0.1043
vn 0.0876 0.9944 -0.0595
vn 0.2290 0.9491 0.2164
vn 0.4039 0.8632 0.3028
vn 0.1542 0.9872 -0.0399
vn 0.8400 -0.1336 0.5260
vn 0.8477 -0.0592 0.5271
vn 0.7579 -0.1459 0.6358
vn 0.6644 -0.2647 0.6989
vn 0.5006 -0.4232 0.7552
vn 0.6208 -0.3012 0.7238
vn 0.5218 -0.4145 0.7456
vn 0.4439 -0.5347 0.7191
vn 0.4803 -0.5648 0.6710
vn 0.4681 -0.4320 0.7709
vn 0.3832 -0.4282 0.8184
vn 0.4251 -0.5795 0.6954
vn 0.7946 -0.3608 -0.4883
vn 0.6619 -0.2756 -0.6971
vn 0.5192 -0.4459 -0.7291
vn 0.5798 -0.6746 -0.4569
vn 0.3304 -0.8348 -0.4404
vn 0.3152 -0.5659 -0.7618
vn 0.1719 -0.6228 -0.7633
vn 0.2371 -0.8729 -0.4264
vn 0.3170 -0.8377 -0.4448
vn 0.1545 -0.6374 -0.7549
vn 0.2377 -0.6193 -0.7484
vn 0.4181 -0.7689 -0.4837
vn 0.4574 -0.0318 -0.8887
vn 0.3928 0.2574 -0.8829
vn 0.3134 0.2675 -0.9112
vn 0.3757 -0.0722 -0.9239
vn 0.2689 -0.1045 -0.9575
vn 0.2089 0.2179 -0.9534
vn 0.0906 0.1630 -0.9825
vn 0.1365 -0.1679 -0.9763
vn 0.0198 -0.2205 -0.9752
vn -0.0167 0.1970 -0.9803
vn -0.0273 0.2868 -0.9576
vn 0.0203 -0.1758 -0.9842
vn 0.9033 -0.3939 -0.1697
vn 0.8425 -0.3931 -0.3684
vn 0.5912 -0.7697 -0.2410
vn 0.6765 -0.7364 0.0095
vn 0.4896 -0.8577 0.1572
vn 0.3747 -0.9119 -0.1673
vn 0.3365 -0.9325 -0.1312
vn 0.4430 -0.8499 0.2853
vn 0.4974 -0.8215 0.2789
vn 0.4194 -0.8856 -0.1994
vn 0.4980 -0.8020 -0.3298
vn 0.5850 -0.7955 0.1579
vn 0.9353 -0.0230 0.3530
vn 0.9301 -0.0740 0.3597
vn 0.8751 0.0855 0.4762
vn 0.9643 -0.0053 0.2649
vn 0.7873 -0.0727 0.6122
vn 0.8957 -0.0091 0.4446
vn 0.9541 -0.0610 0.2931
vn 0.8160 -0.3748 0.4401
vn 0.7985 -0.2785 0.5336
vn 0.4730 -0.4646 0.7486
vn 0.7077 0.1875 0.6811
vn 0.6688 0.1823 0.7208
vn 0.2927 -0.2776 0.9150
vn 0.4357 -0.2953 0.8502
vn 0.4277 -0.4097 0.8057
vn 0.3279 -0.4089 0.8516
vn 0.5198 -0.2943 0.8020
vn 0.6383 -0.1963 0.7443
vn 0.6234 -0.5525 0.5534
vn 0.4985 -0.5314 0.6849
vn 0.4168 -0.6498 0.6356
vn 0.3840 -0.7444 0.5463
vn 0.3675 -0.6113 0.7009
vn 0.4547 -0.2936 0.8409
vn 0.3346 -0.5294 0.7796
vn 0.3389 -0.5857 0.7363
vn 0.4509 -0.1021 0.8867
vn 0.5382 0.0355 0.8421
vn 0.1024 -0.6678 0.7373
vn 0.0663 -0.4291 0.9008
vn 0.2691 -0.5185 0.8116
vn 0.0578 -0.6828 0.7283
vn 0.1205 0.9918 0.0432
vn 0.1751 0.9778 -0.1147
vn 0.1067 0.9725 -0.2070
vn 0.4677 0.8834 0.0299
vn 0.2885 0.9541 0.0799
vn 0.5612 0.8054 0.1907
vn 0.5491 0.8356 0.0169
vn 0.2122 0.9752 0.0630
vn 0.1533 0.9842 0.0887
vn 0.3040 0.9233 0.2348
vn 0.2808 0.5376 -0.7951
vn 0.4266 0.7745 -0.4672
vn 0.6486 0.4664 -0.6015
vn 0.8598 0.4584 -0.2248
vn 0.6805 0.7327 0.0008
vn 0.8816 0.4160 0.2230
vn 0.7004 0.4780 0.5301
vn 0.5641 0.6620 0.4935
vn 0.3154 0.5056 0.8031
vn -0.2339 0.4878 0.8410
vn -0.4463 0.7321 0.5146
vn -0.5380 0.5750 0.6164
vn -0.1672 -0.9822 -0.0859
vn -0.1631 -0.9832 -0.0817
vn -0.1642 -0.9834 -0.0778
vn -0.1485 -0.9856 -0.0808
vn -0.1583 -0.9831 -0.0915
vn -0.1618 -0.9828 -0.0890
vn -0.7356 0.6367 0.2314
vn -0.6475 0.7000 0.3013
vn -0.7341 0.6785 -0.0257
vn -0.7521 0.6491 -0.1146
vn -0.4736 0.6370 -0.6082
vn -0.4465 0.6976 -0.5603
vn 0.2408 0.7802 -0.5773
vn -0.0228 0.6002 -0.7995
vn 0.2457 0.5328 -0.8098
vn 0.6001 0.5229 -0.6054
vn 0.5491 0.5865 -0.5954
vn 0.1888 0.5686 -0.8007
vn 0.8957 0.4178 -0.1519
vn 0.8830 0.4050 0.2375
vn 0.8724 0.4198 0.2505
vn 0.8849 0.4419 -0.1473
vn 0.6280 0.4383 0.6430
vn 0.3035 0.4418 0.8442
vn 0.2537 0.4515 0.8555
vn 0.5866 0.4622 0.6650
vn -0.0326 0.5714 0.8200
vn -0.4708 0.6726 0.5709
vn -0.3974 0.6944 0.5998
vn 0.0401 0.5713 0.8197
vn -0.7343 0.6433 0.2166
vn -0.7393 0.6570 -0.1473
vn -0.7202 0.6840 -0.1158
vn -0.7280 0.6487 0.2216
vn -0.4563 0.6604 -0.5964
vn -0.0458 0.5476 -0.8355
vn -0.0263 0.5238 -0.8514
vn -0.4378 0.6964 -0.5687
vn -0.6689 0.7042 -0.2379
vn -0.5764 0.7341 0.3590
vn 0.0659 0.9583 -0.2781
vn -0.4164 0.6725 0.6119
vn 0.0744 0.4879 0.8697
vn 0.4239 0.7570 0.4972
vn 0.1412 0.9482 -0.2846
vn 0.1798 0.9693 -0.1679
vn 0.2037 0.9342 -0.2930
vn 0.3158 0.8365 -0.4477
vn 0.1882 0.9711 -0.1470
vn 0.3669 0.9264 -0.0845
vn 0.2750 0.9100 0.3103
vn 0.1824 0.9799 0.0808
vn 0.1970 0.9751 0.1020
vn 0.1516 0.9879 -0.0328
vn 0.1564 0.9865 0.0483
vn 0.1508 0.9875 0.0462
vn 0.1620 0.9850 0.0597
vn 0.3123 -0.8200 -0.4797
vn 0.4136 -0.8172 -0.4013
vn 0.2904 -0.9144 -0.2820
vn 0.2572 -0.9135 0.3152
vn 0.2529 -0.9248 0.2842
vn 0.1692 -0.9369 0.3058
vn 0.2711 -0.9471 0.1719
vn 0.3403 -0.9118 0.2298
vn 0.2735 -0.9266 0.2583
vn 0.2256 -0.9123 -0.3419
vn 0.3198 -0.8069 -0.4965
vn 0.3271 -0.8211 -0.4677
vn 0.1522 0.1662 -0.9743
vn 0.1343 0.5219 -0.8424
vn 0.4116 0.4827 -0.7731
vn 0.4987 0.1524 -0.8533
vn 0.1368 -0.4919 -0.8598
vn 0.1595 -0.1636 -0.9736
vn 0.4978 -0.1415 -0.8556
vn 0.4323 -0.3336 -0.8377
vn 0.6902 -0.3400 -0.6388
vn 0.8136 -0.0943 -0.5737
vn 0.9633 0.0271 -0.2669
vn 0.8200 -0.3935 -0.4156
vn 0.8390 0.1513 -0.5227
vn 0.7608 0.4884 -0.4275
vn 0.8290 0.5414 -0.1403
vn 0.9650 0.1983 -0.1719
vn 0.9336 0.3237 0.1536
vn 0.8287 0.5418 0.1403
vn 0.7483 0.5059 0.4291
vn 0.8122 0.2803 0.5117
vn 0.7917 0.3114 -0.5256
vn 0.4584 0.4455 0.7690
vn 0.5420 0.3277 0.7739
vn 0.8952 0.1693 -0.4122
vn 0.3811 -0.4488 0.8083
vn 0.4824 -0.0668 0.8734
vn 0.1560 -0.1487 0.9765
vn 0.1328 -0.5062 0.8521
vn 0.4932 0.1597 0.8551
vn 0.4117 0.4840 0.7722
vn 0.1343 0.5219 0.8424
vn 0.1517 0.1663 0.9743
vn 0.0504 -0.7622 -0.6454
vn 0.2972 -0.6970 -0.6526
vn 0.2356 -0.8868 -0.3975
vn 0.0167 -0.9618 -0.2734
vn 0.0272 -0.9695 0.2434
vn 0.2646 -0.9428 0.2027
vn 0.2167 -0.7023 0.6781
vn 0.0560 -0.7806 0.6225
vn 0.4116 0.7730 -0.4827
vn 0.1343 0.8424 -0.5219
vn 0.1523 0.9743 -0.1662
vn 0.4996 0.8529 -0.1514
vn 0.4996 0.8529 0.1514
vn 0.1523 0.9743 0.1662
vn 0.1343 0.8424 0.5219
vn 0.4116 0.7730 0.4827
vn 0.4514 -0.8765 0.1676
vn 0.5443 -0.5346 0.6464
vn 0.5885 -0.5205 0.6187
vn 0.6274 -0.7149 0.3086
vn 0.6510 -0.2904 0.7013
vn 0.6946 -0.1045 0.7118
vn 0.7293 -0.0975 0.6772
vn 0.6509 -0.3316 0.6829
vn 0.6842 0.3627 0.6328
vn 0.3476 0.7075 -0.6153
vn 0.9582 0.2790 0.0634
vn 0.8440 0.1757 0.5068
vn 0.2421 0.1188 -0.9630
vn 0.3772 -0.2918 -0.8790
vn 0.9021 -0.3843 -0.1963
vn 0.9894 -0.0721 -0.1263
vn 0.5471 -0.7019 -0.4561
vn 0.9269 -0.2630 -0.2677
vn 0.6226 -0.1636 0.7652
vn 0.3239 -0.4459 0.8344
vn -0.2899 -0.6292 0.7211
vn -0.0555 -0.8982 -0.4361
vn 0.1117 -0.9225 -0.3693
vn -0.1047 -0.7039 0.7026
vn 0.2893 -0.3136 -0.9044
vn 0.4422 -0.0806 -0.8933
vn 0.5102 -0.1402 -0.8486
vn 0.3900 -0.3662 -0.8448
vn 0.0501 0.1680 0.9845
vn -0.1360 -0.0816 0.9873
vn -0.0429 -0.1388 0.9894
vn 0.1326 0.0657 0.9890
vn 0.4460 0.0455 0.8939
vn 0.2848 -0.2545 0.9242
vn 0.0416 -0.1736 0.9839
vn 0.2175 0.1079 0.9701
vn 0.0683 0.1598 0.9848
vn -0.1102 -0.0963 0.9892
vn -0.1704 -0.0597 0.9836
vn 0.0160 0.1946 0.9808
vn -0.4334 0.0428 -0.9002
vn -0.2171 0.2602 -0.9408
vn -0.0958 0.2562 -0.9619
vn -0.2856 0.0678 -0.9559
vn -0.0047 -0.0837 -0.9965
vn 0.1603 0.1314 -0.9783
vn 0.3709 -0.0212 -0.9284
vn 0.2126 -0.2551 -0.9432
vn -0.2751 -0.6209 0.7340
vn -0.8134 -0.3253 -0.4822
vn -0.7315 -0.4169 -0.5395
vn -0.4276 -0.5476 0.7193
vn -0.4281 -0.5509 0.7164
vn -0.4730 -0.6874 -0.5512
vn -0.1933 -0.8515 -0.4875
vn -0.3779 -0.5814 0.7205
vn 0.0215 0.7416 -0.6705
vn 0.4865 0.5895 0.6449
vn 0.3712 0.5779 0.7268
vn 0.1547 0.6679 -0.7280
vn 0.4541 0.5608 -0.6923
vn 0.3595 0.5558 0.7496
vn 0.3937 0.5116 0.7637
vn 0.6962 0.4035 -0.5937
vn 0.9882 0.1194 -0.0959
vn 0.9533 0.1277 -0.2736
vn 0.8917 0.3728 -0.2567
vn 0.9319 0.3512 -0.0906
vn 0.8163 0.5721 -0.0796
vn 0.7689 0.5990 -0.2236
vn 0.5939 0.7852 -0.1755
vn 0.6431 0.7632 -0.0631
vn 0.4127 0.9099 -0.0409
vn 0.3760 0.9196 -0.1136
vn 0.1361 0.9898 -0.0421
vn 0.1448 0.9894 -0.0145
vn -0.1239 0.9922 0.0124
vn -0.1262 0.9912 0.0388
vn -0.2879 0.9541 0.0832
vn -0.2668 0.9634 0.0260
vn -0.2668 -0.9634 0.0260
vn -0.2879 -0.9540 0.0832
vn -0.1262 -0.9912 0.0388
vn -0.1239 -0.9922 0.0124
vn 0.1448 -0.9894 -0.0145
vn 0.1361 -0.9898 -0.0421
vn 0.3760 -0.9196 -0.1136
vn 0.4127 -0.9100 -0.0409
vn 0.6431 -0.7632 -0.0632
vn 0.5938 -0.7852 -0.1755
vn 0.7689 -0.5990 -0.2236
vn 0.8163 -0.5721 -0.0796
vn 0.9319 -0.3512 -0.0906
vn 0.8917 -0.3728 -0.2567
vn 0.9533 -0.1277 -0.2736
vn 0.9882 -0.1194 -0.0959
vn 0.8681 0.1450 -0.4747
vn 0.6279 0.1603 -0.7616
vn 0.5664 0.4521 -0.6891
vn 0.7970 0.4161 -0.4378
vn 0.6648 0.6488 -0.3703
vn 0.4595 0.6860 -0.5641
vn 0.3321 0.8476 -0.4138
vn 0.4939 0.8227 -0.2814
vn 0.3047 0.9354 -0.1791
vn 0.2004 0.9460 -0.2549
vn 0.0741 0.9926 -0.0964
vn 0.1155 0.9908 -0.0701
vn -0.1242 0.9894 0.0752
vn -0.0763 0.9920 0.1007
vn -0.1897 0.9501 0.2477
vn -0.3243 0.9283 0.1820
vn -0.3243 -0.9283 0.1820
vn -0.1898 -0.9501 0.2478
vn -0.0763 -0.9920 0.1007
vn -0.1242 -0.9894 0.0753
vn 0.1155 -0.9908 -0.0701
vn 0.0741 -0.9926 -0.0964
vn 0.2004 -0.9460 -0.2549
vn 0.3047 -0.9355 -0.1791
vn 0.4939 -0.8227 -0.2814
vn 0.3321 -0.8476 -0.4138
vn 0.4595 -0.6860 -0.5641
vn 0.6648 -0.6488 -0.3703
vn 0.7970 -0.4161 -0.4378
vn 0.5664 -0.4521 -0.6891
vn 0.6279 -0.1603 -0.7616
vn 0.8681 -0.1450 -0.4747
vn 0.3113 0.1588 -0.9370
vn 0.0931 0.1553 -0.9835
vn 0.0844 0.4403 -0.8939
vn 0.2808 0.4486 -0.8485
vn 0.2284 0.6824 -0.6944
vn 0.0692 0.6739 -0.7356
vn 0.0507 0.8393 -0.5412
vn 0.1657 0.8450 -0.5085
vn 0.0992 0.9460 -0.3085
vn 0.0304 0.9444 -0.3275
vn 0.0099 0.9938 -0.1104
vn 0.0347 0.9936 -0.1077
vn -0.0304 0.9948 0.0969
vn -0.0084 0.9956 0.0933
vn -0.0170 0.9793 0.2018
vn -0.0648 0.9741 0.2168
vn -0.0648 -0.9741 0.2168
vn -0.0170 -0.9793 0.2018
vn -0.0084 -0.9956 0.0933
vn -0.0304 -0.9948 0.0969
vn 0.0347 -0.9936 -0.1077
vn 0.0099 -0.9938 -0.1104
vn 0.0304 -0.9444 -0.3275
vn 0.0992 -0.9460 -0.3085
vn 0.1657 -0.8450 -0.5085
vn 0.0507 -0.8393 -0.5412
vn 0.0692 -0.6739 -0.7356
vn 0.2284 -0.6824 -0.6944
vn 0.2808 -0.4486 -0.8485
vn 0.0844 -0.4403 -0.8939
vn 0.0931 -0.1553 -0.9835
vn 0.3113 -0.1588 -0.9370
vn 0.0931 0.1547 0.9836
vn 0.3118 0.1560 0.9373
vn 0.2828 0.4421 0.8512
vn 0.0846 0.4391 0.8945
vn 0.0696 0.6725 0.7368
vn 0.2317 0.6756 0.7000
vn 0.1693 0.8403 0.5149
vn 0.0511 0.8384 0.5426
vn 0.0308 0.9438 0.3292
vn 0.1025 0.9437 0.3145
vn 0.0353 0.9930 0.1127
vn 0.0104 0.9936 0.1124
vn -0.0081 0.9953 -0.0966
vn -0.0313 0.9940 -0.1048
vn -0.0669 0.9689 -0.2382
vn -0.0162 0.9774 -0.2108
vn -0.0162 -0.9774 -0.2108
vn -0.0669 -0.9689 -0.2382
vn -0.0313 -0.9940 -0.1048
vn -0.0081 -0.9953 -0.0967
vn 0.0104 -0.9936 0.1124
vn 0.0353 -0.9930 0.1127
vn 0.1025 -0.9437 0.3145
vn 0.0308 -0.9438 0.3292
vn 0.0511 -0.8384 0.5426
vn 0.1693 -0.8403 0.5149
vn 0.2317 -0.6756 0.7000
vn 0.0696 -0.6725 0.7368
vn 0.0846 -0.4391 0.8945
vn 0.2828 -0.4421 0.8512
vn 0.3118 -0.1560 0.9373
vn 0.0931 -0.1547 0.9836
vn 0.6276 0.1518 0.7636
vn 0.8685 0.1343 0.4771
vn 0.8046 0.3897 0.4481
vn 0.5696 0.4319 0.6993
vn 0.4675 0.6649 0.5826
vn 0.6825 0.6189 0.3889
vn 0.5168 0.8004 0.3038
vn 0.3420 0.8330 0.4350
vn 0.2077 0.9401 0.2705
vn 0.3211 0.9267 0.1950
vn 0.1151 0.9909 0.0698
vn 0.0757 0.9921 0.0998
vn -0.0749 0.9924 -0.0978
vn -0.1078 0.9923 -0.0605
vn -0.2536 0.9595 -0.1223
vn -0.1809 0.9564 -0.2294
vn -0.1809 -0.9564 -0.2294
vn -0.2536 -0.9595 -0.1223
vn -0.1078 -0.9923 -0.0605
vn -0.0749 -0.9924 -0.0978
vn 0.0757 -0.9921 0.0999
vn 0.1151 -0.9909 0.0698
vn 0.3211 -0.9267 0.1950
vn 0.2077 -0.9401 0.2704
vn 0.3420 -0.8330 0.4350
vn 0.5168 -0.8004 0.3038
vn 0.6825 -0.6188 0.3889
vn 0.4675 -0.6649 0.5826
vn 0.5696 -0.4319 0.6993
vn 0.8046 -0.3897 0.4481
vn 0.8685 -0.1343 0.4771
vn 0.6276 -0.1518 0.7636
vn 0.9537 0.1226 0.2746
vn 0.9883 0.1186 0.0961
vn 0.9326 0.3492 0.0910
vn 0.8960 0.3597 0.2605
vn 0.7793 0.5828 0.2303
vn 0.8180 0.5696 0.0803
vn 0.6456 0.7610 0.0640
vn 0.6085 0.7720 0.1838
vn 0.3871 0.9142 0.1197
vn 0.4147 0.9090 0.0415
vn 0.1447 0.9894 0.0144
vn 0.1353 0.9899 0.0416
vn -0.1163 0.9926 -0.0336
vn -0.1223 0.9924 -0.0119
vn -0.2616 0.9649 -0.0243
vn -0.2533 0.9652 -0.0649
vn -0.2533 -0.9652 -0.0649
vn -0.2616 -0.9649 -0.0243
vn -0.1223 -0.9924 -0.0119
vn -0.1163 -0.9926 -0.0336
vn 0.1353 -0.9899 0.0416
vn 0.1447 -0.9894 0.0144
vn 0.4147 -0.9090 0.0415
vn 0.3871 -0.9142 0.1197
vn 0.6085 -0.7719 0.1838
vn 0.6456 -0.7610 0.0640
vn 0.8180 -0.5696 0.0803
vn 0.7793 -0.5828 0.2303
vn 0.8960 -0.3597 0.2605
vn 0.9326 -0.3492 0.0910
vn 0.9883 -0.1186 0.0961
vn 0.9537 -0.1226 0.2746
vn 0.1080 0.9765 0.1864
vn 0.9990 -0.0433 0.0089
vn 0.9185 0.1977 0.3425
vn 0.2367 0.9499 0.2041
vn 0.1483 0.9886 0.0280
vn 0.1131 0.9923 0.0503
vn 0.0611 0.9826 -0.1754
vn 0.2186 0.9617 -0.1655
vn 0.2520 0.9559 -0.1507
vn 0.1119 0.9917 0.0630
vn 0.3719 0.0378 -0.9275
vn 0.3879 0.1837 -0.9032
vn 0.4477 0.0251 -0.8938
vn 0.3875 0.1205 -0.9140
vn 0.1292 0.1962 -0.9720
vn 0.1597 0.2823 -0.9460
vn 0.5353 -0.3440 -0.7714
vn 0.4231 -0.1387 -0.8954
vn 0.5287 -0.1405 -0.8371
vn 0.4210 -0.0082 -0.9070
vn 0.5986 -0.0204 -0.8008
vn 0.4809 -0.0796 -0.8731
vn -0.2711 0.1635 -0.9486
vn -0.5226 0.1572 -0.8380
vn -0.5442 -0.2007 -0.8146
vn -0.3617 -0.1179 -0.9248
vn -0.5690 0.2913 -0.7690
vn -0.5261 0.5145 -0.6772
vn -0.7840 0.3740 -0.4954
vn -0.6777 -0.0699 -0.7320
vn -0.7244 0.1820 0.6649
vn -0.7167 0.0603 0.6948
vn -0.6602 -0.5018 0.5589
vn -0.7436 -0.3545 0.5670
vn -0.1236 -0.9327 0.3388
vn -0.0734 -0.9315 0.3562
vn -0.1377 -0.7324 0.6668
vn -0.3365 -0.7473 0.5730
vn -0.4491 -0.4676 0.7613
vn -0.1755 -0.4649 0.8678
vn -0.1873 -0.2154 0.9584
vn -0.4792 -0.2201 0.8496
vn -0.7290 -0.4094 0.5487
vn -0.6224 -0.4457 0.6434
vn -0.6722 -0.2524 0.6960
vn -0.7529 -0.3340 0.5671
vn -0.7742 -0.0940 0.6259
vn -0.6656 -0.0264 0.7459
vn -0.6394 0.1819 0.7470
vn -0.7548 0.1585 0.6365
vn -0.7133 0.3314 0.6175
vn -0.6154 0.3236 0.7187
vn -0.6076 0.3816 0.6966
vn -0.6755 0.4004 0.6191
vn -0.6792 0.3889 0.6225
vn -0.6112 0.3677 0.7009
vn -0.6359 0.3043 0.7092
vn -0.6910 0.3315 0.6424
vn -0.7075 0.2458 0.6626
vn -0.6650 0.2102 0.7167
vn -0.6853 0.1565 0.7113
vn -0.7128 0.2127 0.6683
vn -0.8803 -0.4248 0.2114
vn -0.7911 -0.4309 0.4341
vn -0.8055 -0.4072 0.4306
vn -0.8858 -0.4198 0.1977
vn -0.9577 -0.2072 0.1996
vn -0.8700 -0.1658 0.4643
vn -0.8729 0.1073 0.4759
vn -0.9781 0.0482 0.2025
vn -0.9482 0.2429 0.2049
vn -0.8299 0.2965 0.4725
vn -0.7778 0.3762 0.5035
vn -0.9214 0.3253 0.2125
vn -0.9205 0.3159 0.2301
vn -0.7802 0.3691 0.5050
vn -0.7817 0.3093 0.5416
vn -0.9254 0.2754 0.2605
vn -0.8367 0.2357 0.4943
vn -0.8061 0.2342 0.5434
vn -0.8311 0.2511 0.4962
vn -0.7405 -0.3845 -0.5512
vn -0.8835 -0.4075 -0.2308
vn -0.8916 -0.3964 -0.2187
vn -0.7429 -0.3658 -0.5606
vn -0.7816 -0.1819 -0.5967
vn -0.9507 -0.2081 -0.2301
vn -0.9717 0.0220 -0.2352
vn -0.7944 0.0289 -0.6067
vn -0.7729 0.1917 -0.6048
vn -0.9491 0.2083 -0.2361
vn -0.9271 0.2862 -0.2419
vn -0.7463 0.2593 -0.6130
vn -0.7305 0.2450 -0.6375
vn -0.9300 0.2621 -0.2577
vn -0.9226 0.1204 -0.3664
vn -0.7217 0.1946 -0.6643
vn -0.7822 0.1405 -0.6070
vn -0.8502 0.1615 -0.5011
vn -0.7927 0.2067 -0.5735
vn -0.5922 -0.3037 -0.7464
vn -0.6522 -0.3496 -0.6726
vn -0.6279 -0.3218 -0.7086
vn -0.6021 -0.2430 -0.7605
vn -0.5578 -0.0988 -0.8241
vn -0.6401 -0.1485 -0.7538
vn -0.6450 0.0472 -0.7627
vn -0.5477 0.0774 -0.8331
vn -0.4963 0.2440 -0.8331
vn -0.6175 0.2019 -0.7602
vn -0.5837 0.2653 -0.7674
vn -0.4855 0.3143 -0.8158
vn -0.4660 0.2968 -0.8335
vn -0.5555 0.2490 -0.7934
vn -0.5331 0.1913 -0.8241
vn -0.4526 0.2466 -0.8569
vn -0.4464 0.2009 -0.8720
vn -0.5076 0.1447 -0.8494
vn -0.4670 0.2589 -0.8455
vn -0.4945 0.2444 -0.8341
vn -0.1904 -0.9492 -0.2505
vn -0.1787 -0.9692 -0.1697
vn -0.1886 -0.9291 -0.3182
vn -0.1605 -0.9252 -0.3440
vn -0.3021 -0.7383 -0.6030
vn -0.4749 -0.6567 -0.5859
vn -0.5775 -0.2677 -0.7713
vn -0.1770 0.3192 -0.9310
vn -0.4009 0.2868 -0.8701
vn -0.3929 0.3505 -0.8502
vn -0.1763 0.3310 -0.9270
vn -0.2075 0.3197 -0.9245
vn -0.4030 0.3309 -0.8533
vn -0.4242 0.2667 -0.8654
vn -0.2226 0.2572 -0.9404
vn -0.2366 0.1608 -0.9582
vn -0.4482 0.1822 -0.8751
vn -0.4808 0.1672 -0.8607
vn -0.2484 0.1419 -0.9582
vn -0.5637 0.1837 0.8053
vn -0.2570 0.1854 0.9485
vn -0.2715 0.1470 0.9512
vn -0.5873 0.1274 0.7993
vn -0.4989 0.3283 0.8021
vn -0.2149 0.3086 0.9266
vn -0.2370 0.2717 0.9327
vn -0.5317 0.2757 0.8008
vn -0.4812 0.2816 0.8301
vn -0.1979 0.2505 0.9477
vn -0.2165 0.2859 0.9335
vn -0.4992 0.3266 0.8026
vn -0.4912 0.0162 0.8709
vn -0.1917 0.0362 0.9808
vn -0.1843 0.1935 0.9636
vn -0.4718 0.1884 0.8614
vn -0.4631 -0.0375 -0.8855
vn -0.4032 0.0658 -0.9128
vn -0.3843 -0.0038 -0.9232
vn -0.6216 0.0341 0.7826
vn -0.2985 0.0712 0.9518
vn -0.2887 -0.5530 0.7816
vn -0.5759 -0.4974 0.6488
vn -0.3152 -0.2622 -0.9121
vn -0.6821 -0.0796 -0.7269
vn -0.6929 -0.2063 -0.6909
vn -0.4062 -0.3350 -0.8502
vn -0.8365 -0.0913 -0.5403
vn -0.9673 -0.0997 -0.2334
vn -0.9385 -0.2413 -0.2471
vn -0.8009 -0.2317 -0.5521
vn -0.9723 -0.0478 0.2288
vn -0.8631 -0.0674 0.5005
vn -0.8514 -0.2346 0.4691
vn -0.9497 -0.2107 0.2319
vn -0.7627 -0.2125 0.6108
vn -0.5234 -0.5035 0.6875
vn -0.5932 -0.5216 0.6132
vn -0.7647 -0.3236 0.5572
vn 0.0825 -0.7980 0.5970
vn 0.3501 -0.8021 0.4838
vn 0.0039 -0.9560 0.2932
vn -0.1392 -0.8894 0.4354
vn 0.6737 -0.6326 0.3820
vn 0.9478 -0.2889 0.1348
vn 0.5398 -0.8395 0.0622
vn 0.1920 -0.9555 0.2239
vn 0.9743 -0.1404 -0.1763
vn 0.8858 -0.2139 -0.4118
vn 0.4293 -0.8227 -0.3727
vn 0.5867 -0.7750 -0.2347
vn 0.7317 -0.4142 -0.5413
vn 0.2789 -0.5223 -0.8059
vn 0.1922 -0.8192 -0.5403
vn 0.3788 -0.8558 -0.3523
vn 0.4502 -0.7967 -0.4033
vn 0.6371 -0.7708 -0.0004
vn 0.1133 -0.8000 -0.5893
vn 0.3433 -0.1253 -0.9308
vn 0.6369 -0.1571 -0.7548
vn 0.6452 -0.0221 -0.7637
vn 0.2845 0.0251 -0.9583
vn 0.2637 0.0562 -0.9630
vn 0.6475 0.0450 -0.7607
vn 0.6452 0.1336 -0.7522
vn 0.2599 0.1377 -0.9558
vn 0.2650 0.1227 -0.9564
vn 0.6515 0.1159 -0.7498
vn 0.6688 0.0113 -0.7434
vn 0.2707 0.0102 -0.9626
vn 0.2723 -0.1892 -0.9434
vn 0.7129 -0.1394 -0.6873
vn 0.9581 -0.2412 -0.1545
vn 0.7330 -0.5560 -0.3918
vn 0.8737 -0.1154 -0.4725
vn 0.9854 -0.0492 -0.1631
vn 0.9867 -0.0051 -0.1624
vn 0.8786 -0.0212 -0.4771
vn 0.8820 0.0450 -0.4691
vn 0.9856 0.0477 -0.1623
vn 0.9784 0.1304 -0.1604
vn 0.8768 0.1302 -0.4629
vn 0.8807 0.1104 -0.4606
vn 0.9812 0.1116 -0.1573
vn 0.9871 0.0203 -0.1589
vn 0.8900 0.0185 -0.4557
vn 0.8967 -0.0537 -0.4394
vn 0.9864 -0.0325 -0.1611
vn 0.7427 -0.4787 0.4682
vn 0.9629 -0.2143 0.1637
vn 0.9866 -0.0480 0.1558
vn 0.8845 -0.0716 0.4609
vn 0.8918 -0.0030 0.4525
vn 0.9873 -0.0029 0.1588
vn 0.9860 0.0507 0.1587
vn 0.8898 0.0585 0.4526
vn 0.8793 0.1586 0.4491
vn 0.9779 0.1379 0.1572
vn 0.9803 0.1207 0.1564
vn 0.8817 0.1391 0.4508
vn 0.8890 0.0109 0.4577
vn 0.9872 0.0178 0.1588
vn 0.9845 -0.0773 0.1572
vn 0.8697 -0.1894 0.4557
vn 0.1867 -0.8618 0.4716
vn 0.3166 -0.7695 0.5547
vn 0.6371 -0.1433 0.7574
vn 0.3041 -0.2321 0.9239
vn 0.2678 -0.0030 0.9635
vn 0.6608 -0.0060 0.7505
vn 0.6594 0.0731 0.7482
vn 0.2642 0.0841 0.9608
vn 0.2619 0.2247 0.9386
vn 0.6491 0.1978 0.7345
vn 0.6531 0.1737 0.7371
vn 0.2662 0.1995 0.9431
vn 0.2666 0.0053 0.9638
vn 0.6617 0.0051 0.7497
vn 0.6200 -0.3226 0.7152
vn 0.2414 -0.3794 0.8932
vn -0.6828 0.0321 0.7299
vn -0.3058 0.0720 0.9494
vn -0.2821 0.0912 0.9550
vn -0.6816 0.0746 0.7279
vn -0.6731 0.1819 0.7168
vn -0.2762 0.2157 0.9366
vn -0.2808 0.1915 0.9405
vn -0.6768 0.1551 0.7196
vn -0.6823 0.0240 0.7307
vn -0.2877 0.0171 0.9576
vn -0.3946 -0.2569 0.8822
vn -0.7148 -0.1001 0.6922
vn -0.9081 -0.3884 0.1567
vn -0.7050 -0.6269 0.3315
vn -0.8716 -0.0219 0.4897
vn -0.9770 -0.0802 0.1975
vn -0.9770 -0.0160 0.2128
vn -0.8712 0.0120 0.4908
vn -0.8622 0.0605 0.5029
vn -0.9760 0.0474 0.2126
vn -0.9682 0.1326 0.2122
vn -0.8524 0.1533 0.5000
vn -0.8561 0.1197 0.5028
vn -0.9730 0.0902 0.2122
vn -0.9767 -0.0149 0.2141
vn -0.8597 0.0108 0.5106
vn -0.8547 -0.0350 0.5179
vn -0.9747 -0.0428 0.2195
vn -0.9482 -0.2289 -0.2204
vn -0.9589 -0.2034 -0.1979
vn -0.9725 -0.0971 -0.2117
vn -0.8764 -0.0598 -0.4779
vn -0.4939 -0.0839 -0.8655
vn -0.8538 -0.0056 -0.5206
vn -0.9751 -0.0307 -0.2195
vn -0.9750 0.0446 -0.2177
vn -0.8532 0.0483 -0.5194
vn -0.8499 0.1293 -0.5109
vn -0.9679 0.1283 -0.2161
vn -0.9733 0.0827 -0.2142
vn -0.8545 0.0907 -0.5115
vn -0.8525 -0.0121 -0.5226
vn -0.9750 -0.0269 -0.2204
vn -0.9730 -0.0703 -0.2199
vn -0.8512 -0.0563 -0.5218
vn -0.2820 0.0355 -0.9588
vn -0.6585 0.0557 -0.7505
vn -0.6735 0.0576 -0.7369
vn -0.2794 0.0593 -0.9583
vn -0.2815 0.1406 -0.9492
vn -0.6732 0.1313 -0.7278
vn -0.6768 0.1034 -0.7289
vn -0.2850 0.1221 -0.9507
vn -0.2871 0.0195 -0.9577
vn -0.6764 0.0096 -0.7364
vn -0.6760 -0.0379 -0.7359
vn -0.2891 -0.1012 -0.9519
vn 0.7364 -0.6741 0.0578
vn 0.1383 -0.9707 0.1964
vn 0.1258 -0.9731 -0.1931
vn 0.0542 -0.9928 -0.1070
vn 0.1030 -0.9906 0.0902
vn 0.1862 -0.9785 0.0886
vn 0.0823 -0.9946 -0.0638
vn 0.0665 -0.9912 -0.1144
vn 0.3263 -0.9413 -0.0864
vn -0.0834 -0.9923 0.0912
vn -0.5632 -0.8248 0.0512
vn 0.3530 -0.9335 -0.0634
vn 0.3768 -0.9238 0.0678
vn 0.3289 -0.9425 0.0604
vn 0.5344 -0.8418 -0.0767
vn -0.4088 -0.9113 0.0497
vn -0.4961 -0.8657 -0.0663
vn -0.8178 -0.5755 -0.0004
vn -0.7108 -0.7034 -0.0007
vn -0.1210 -0.9837 -0.1328
vn -0.2216 -0.9505 -0.2179
vn -0.1770 -0.9607 -0.2140
vn -0.1202 -0.9872 -0.1047
vn -0.0102 -0.9846 0.1746
vn 0.0471 -0.9988 0.0162
vn -0.0282 -0.9993 0.0264
vn -0.0239 -0.9856 0.1676
vn 0.0131 -0.9647 0.2629
vn -0.0776 -0.2723 0.9591
vn -0.3835 -0.8792 0.2827
vn 0.6465 -0.7625 -0.0264
vn -0.5906 0.8067 -0.0205
vn -0.6017 0.7982 -0.0306
vn -0.6565 -0.0104 -0.7543
vn -0.3402 -0.0156 -0.9402
vn -0.4939 -0.3305 -0.8042
vn 0.1816 -0.7602 0.6238
vn -0.7562 -0.1263 0.6421
vn -0.3714 -0.8888 0.2684
vn -0.3349 -0.0097 0.9422
vn -0.6612 -0.0085 0.7502
vn -0.4937 -0.3372 0.8016
vn -0.2495 -0.9212 -0.2985
vn -0.7011 -0.1164 -0.7035
vn 0.0986 -0.9307 -0.3523
vn -0.2687 -0.1679 -0.9485
vn -0.8118 -0.5324 -0.2399
vn -0.7018 -0.5514 -0.4510
vn -0.5896 0.7544 -0.2887
vn 0.0624 0.9310 -0.3596
vn -0.3030 0.7044 -0.6418
vn -0.6480 0.4585 0.6082
vn -0.4224 0.5847 0.6926
vn -0.4013 0.5193 0.7545
vn -0.6771 0.6717 0.3007
vn -0.6869 0.6406 0.3432
vn -0.4887 0.6031 0.6305
vn -0.3962 0.6078 -0.6882
vn -0.3886 0.6302 -0.6722
vn -0.2117 0.7098 -0.6719
vn -0.7646 0.1894 -0.6160
vn -0.5394 0.3052 -0.7848
vn -0.6671 0.1251 -0.7344
vn -0.7379 0.2494 0.6272
vn -0.7349 0.2694 0.6224
vn -0.7965 0.2587 0.5465
vn -0.0320 0.5529 -0.8326
vn -0.0320 -0.8326 0.5529
vn -0.0320 -0.5529 0.8327
vn -0.0320 0.8327 0.5529
vn -0.0310 0.8327 -0.5529
vn -0.0310 0.9797 -0.1978
vn 0.9645 -0.1225 0.2340
vn 0.8817 0.2484 0.4011
vn 0.9446 0.1918 -0.2664
vn 0.9028 0.2030 -0.3792
vn 0.9174 -0.2824 -0.2804
vn 0.8265 -0.4441 -0.3459
vn 0.9338 -0.3576 -0.0091
vn 0.8399 -0.4509 0.3020
vn -0.1503 0.6784 -0.7192
vn -0.2370 0.4235 -0.8743
vn -0.2037 0.3193 -0.9255
vn -0.1310 0.6239 -0.7704
vn -0.0727 0.5806 -0.8109
vn -0.1136 0.2401 -0.9641
vn -0.0211 0.1979 -0.9800
vn -0.0134 0.5573 -0.8302
vn -0.0236 0.1979 -0.9799
vn -0.0235 0.5530 -0.8328
vn -0.0208 0.9688 -0.2468
vn -0.0724 0.8228 -0.5638
vn -0.0586 0.8297 -0.5551
vn -0.0125 0.9756 -0.2191
vn -0.0048 0.9790 -0.2039
vn -0.0295 0.8334 -0.5519
vn -0.0051 0.8333 -0.5528
vn -0.0007 0.9801 -0.1986
vn -0.0236 0.8328 -0.5530
vn -0.0235 0.9799 -0.1979
vn 0.1803 0.8630 0.4719
vn 0.0827 0.9833 0.1619
vn 0.0691 0.9807 0.1831
vn 0.1463 0.8634 0.4829
vn 0.0765 0.8403 0.5368
vn 0.0323 0.9802 0.1951
vn 0.0051 0.9802 0.1977
vn 0.0127 0.8338 0.5518
vn -0.0236 0.9799 0.1979
vn -0.0235 0.8328 0.5530
vn -0.0536 0.9788 0.1976
vn 0.1623 0.4053 0.8997
vn 0.2035 0.6691 0.7148
vn 0.1705 0.6673 0.7250
vn 0.1497 0.3066 0.9400
vn 0.0866 0.2317 0.9689
vn 0.0988 0.5872 0.8034
vn 0.0178 0.5571 0.8303
vn 0.0162 0.2020 0.9792
vn -0.0236 0.5530 0.8328
vn 0.1623 -0.6283 0.7608
vn 0.1552 -0.2416 0.9579
vn 0.1317 -0.2166 0.9673
vn 0.1385 -0.5884 0.7966
vn 0.0746 -0.5594 0.8256
vn 0.0731 -0.2004 0.9770
vn 0.0137 -0.1978 0.9801
vn 0.0133 -0.5533 0.8328
vn -0.0235 -0.1979 0.9799
vn -0.0236 -0.5530 0.8328
vn 0.0217 -0.9808 0.1937
vn 0.1471 -0.8426 0.5180
vn 0.1215 -0.8322 0.5411
vn 0.0167 -0.9803 0.1968
vn 0.0068 -0.9802 0.1979
vn 0.0585 -0.8313 0.5527
vn 0.0095 -0.8330 0.5531
vn -0.0235 -0.8328 0.5530
vn -0.0236 -0.9799 0.1979
vn -0.0536 -0.9788 0.1976
vn -0.2870 -0.6965 -0.6576
vn -0.2575 -0.9162 -0.3070
vn -0.1443 -0.9628 -0.2283
vn -0.1784 -0.7955 -0.5791
vn -0.0681 -0.8291 -0.5550
vn -0.0482 -0.9784 -0.2011
vn -0.0065 -0.9802 -0.1979
vn -0.0099 -0.8330 -0.5531
vn -0.0235 -0.9799 -0.1979
vn -0.0236 -0.8328 -0.5530
vn -0.2596 -0.1032 -0.9602
vn -0.2487 -0.4559 -0.8546
vn -0.1858 -0.5238 -0.8313
vn -0.2118 -0.1686 -0.9627
vn -0.1128 -0.1943 -0.9744
vn -0.0875 -0.5498 -0.8307
vn -0.0143 -0.5531 -0.8330
vn -0.0203 -0.1979 -0.9800
vn -0.0236 -0.1979 -0.9799
vn -0.0500 -0.5526 -0.8320
vn -0.0315 -0.5535 -0.8323
vn -0.0610 -0.1948 -0.9790
vn -0.0552 -0.1973 -0.9788
vn -0.0398 -0.9797 -0.1964
vn 0.0304 -0.9815 -0.1889
vn -0.0036 -0.8410 -0.5411
vn -0.0455 -0.8333 -0.5510
vn -0.0247 -0.8329 0.5528
vn 0.1246 -0.8291 0.5451
vn 0.0856 -0.9785 0.1875
vn -0.0306 -0.9799 0.1970
vn -0.0263 -0.1975 0.9799
vn 0.1170 -0.1943 0.9739
vn 0.1360 -0.5391 0.8312
vn -0.0253 -0.5517 0.8337
vn -0.0285 0.5504 0.8344
vn 0.1045 0.5316 0.8405
vn 0.1015 0.1774 0.9789
vn -0.0291 0.1952 0.9803
vn -0.0362 0.9796 0.1979
vn 0.0510 0.9793 0.1958
vn 0.0926 0.8264 0.5555
vn -0.0299 0.8321 0.5538
vn -0.0512 0.8322 -0.5521
vn -0.0380 0.8338 -0.5507
vn -0.0002 0.9805 -0.1964
vn -0.0447 0.9793 -0.1974
vn -0.0580 0.1973 -0.9786
vn -0.0758 0.1951 -0.9779
vn -0.0625 0.5501 -0.8328
vn -0.0555 0.5520 -0.8320
vn -0.5800 -0.1657 0.7976
vn -0.6534 -0.1116 0.7487
vn -0.4758 -0.0861 0.8753
vn -0.3453 -0.1097 0.9321
vn 0.0935 0.4759 0.8745
vn 0.0454 0.0671 0.9967
vn 0.2561 0.1355 0.9571
vn 0.2706 0.4674 0.8416
vn 0.1228 -0.1470 0.9815
vn 0.2520 -0.4493 0.8571
vn 0.3317 -0.4967 0.8021
vn 0.2887 -0.1790 0.9405
vn -0.6094 0.0174 0.7927
vn -0.4338 0.0115 0.9009
vn -0.1352 -0.2629 0.9553
vn -0.3826 -0.0527 0.9224
vn -0.4102 -0.5563 0.7227
vn -0.3361 -0.8666 0.3689
vn -0.0778 -0.9885 0.1299
vn -0.0137 -0.7978 0.6028
vn 0.2497 -0.8235 0.5095
vn 0.1435 -0.9766 0.1601
vn 0.2029 -0.9623 0.1812
vn 0.2977 -0.7996 0.5216
vn 0.0781 -0.9813 -0.1760
vn 0.0508 -0.8537 -0.5183
vn 0.0766 -0.8373 -0.5413
vn 0.1304 -0.9730 -0.1902
vn -0.2211 -0.9729 0.0683
vn -0.2066 -0.9024 -0.3781
vn -0.0664 -0.9032 -0.4240
vn -0.0911 -0.9881 -0.1237
vn -0.1651 -0.6329 -0.7564
vn -0.0958 -0.2808 -0.9550
vn 0.0243 -0.2060 -0.9782
vn -0.0237 -0.6186 -0.7854
vn 0.0092 -0.5559 -0.8312
vn -0.0191 -0.1919 -0.9812
vn -0.0540 -0.1948 -0.9794
vn 0.0026 -0.5532 -0.8331
vn -0.0071 0.1869 -0.9823
vn 0.0635 0.4716 -0.8795
vn -0.0404 0.5384 -0.8417
vn -0.0673 0.1952 -0.9785
vn -0.0463 0.0896 -0.9949
vn 0.0173 0.3117 -0.9500
vn 0.1986 0.4708 -0.8596
vn 0.0899 0.1523 -0.9842
vn -0.3274 -0.9302 0.1657
vn -0.6217 -0.7819 0.0471
vn -0.6118 -0.7390 -0.2820
vn -0.3380 -0.8642 -0.3727
vn 0.0827 0.8315 -0.5493
vn 0.1238 0.9776 -0.1701
vn 0.0775 0.9770 -0.1985
vn 0.0037 0.8376 -0.5463
vn 0.2200 0.9600 0.1730
vn 0.2662 0.7556 0.5984
vn 0.2613 0.7979 0.5433
vn 0.1764 0.9666 0.1861
vn 0.4702 -0.1759 0.8649
vn 0.4551 -0.1279 0.8812
vn 0.0804 -0.3403 0.9369
vn 0.0760 -0.3424 0.9365
vn -0.6053 0.0115 0.7959
vn -0.6151 0.0270 0.7880
vn -0.5045 0.0155 0.8633
vn -0.5240 -0.3002 0.7970
vn -0.5770 0.8078 -0.1206
vn -0.7020 0.6743 0.2293
vn -0.4892 0.8720 -0.0172
vn -0.4005 0.8821 -0.2481
vn 0.2272 0.8536 -0.4687
vn 0.2040 0.8956 -0.3952
vn 0.0438 0.9901 -0.1336
vn 0.2412 0.9648 -0.1052
vn -0.6425 -0.1523 0.7510
vn -0.7078 -0.2439 0.6630
vn -0.8537 0.1760 0.4902
vn -0.5926 -0.0817 0.8014
vn -0.4480 -0.5435 -0.7099
vn -0.6828 -0.4715 -0.5580
vn -0.8322 -0.1587 -0.5313
vn -0.8073 -0.0976 -0.5820
vn -0.4363 -0.2394 -0.8674
vn -0.2121 0.9218 0.3245
vn -0.3444 0.9334 0.1007
vn -0.3942 0.7281 -0.5607
vn -0.3432 0.6928 0.6342
vn -0.3951 0.6825 0.6149
vn -0.1859 0.4636 -0.8663
vn -0.2290 0.4991 -0.8357
vn -0.1613 0.8049 -0.5710
vn -0.0140 0.7581 -0.6520
vn 0.1271 0.5936 -0.7947
vn -0.4549 0.1388 -0.8797
vn -0.7977 0.0711 -0.5988
vn -0.7955 0.0648 -0.6025
vn -0.7064 0.3743 -0.6008
vn -0.3851 0.1917 -0.9027
vn -0.4348 0.2304 -0.8706
vn -0.3573 0.0924 0.9294
vn -0.5594 0.2305 0.7962
vn -0.4747 0.3965 0.7857
vn -0.6275 -0.2674 0.7313
vn -0.7561 -0.1288 0.6416
vn -0.4086 -0.1000 0.9072
vn -0.9195 -0.3840 0.0835
vn -0.9897 -0.1235 0.0727
vn -0.9693 -0.1595 -0.1873
vn -0.8820 -0.3972 -0.2536
vn -0.4148 0.0514 0.9085
vn -0.7470 0.0884 0.6589
vn -0.6597 0.1544 0.7355
vn -0.5668 -0.2996 0.7675
vn -0.4416 -0.2993 0.8458
vn 0.0680 -0.9396 0.3356
vn -0.3527 -0.4595 0.8152
vn -0.0479 0.0767 0.9959
vn 0.2317 -0.0914 0.9685
vn -0.9712 0.2300 0.0629
vn -0.9462 -0.0443 0.3205
vn -0.7073 -0.2541 0.6597
vn -0.7615 -0.3522 0.5441
vn 0.6076 0.6312 0.4821
vn 0.3638 0.7243 0.5856
vn 0.1580 0.9659 0.2049
vn 0.4266 0.9044 -0.0113
vn -0.1399 0.8818 -0.4504
vn -0.2029 0.9727 0.1129
vn -0.6608 0.7401 -0.1249
vn -0.5853 0.6377 -0.5007
vn -0.5335 0.2490 -0.8084
vn -0.4972 0.1280 -0.8581
vn 0.1011 0.4319 -0.8962
vn 0.0680 0.5230 -0.8496
vn -0.8432 -0.5118 0.1645
vn -0.8508 -0.5062 0.1409
vn -0.9160 -0.3253 -0.2350
vn -0.9577 -0.2084 -0.1983
vn 0.7292 0.6260 -0.2764
vn 0.7787 0.5356 -0.3268
vn 0.8963 0.3343 0.2915
vn 0.8666 0.3870 0.3150
vn -0.7818 -0.3876 0.4884
vn -0.8058 -0.0914 0.5850
vn -0.9963 -0.0014 -0.0863
vn -0.9534 -0.2401 -0.1829
vn 0.7946 0.4997 -0.3448
vn 0.7390 0.6099 -0.2862
vn 0.8518 0.4136 0.3215
vn -0.5649 0.3652 -0.7400
vn 0.0439 0.5859 -0.8092
vn -0.3872 0.8780 0.2815
vn -0.3273 0.8263 0.4584
vn -0.1765 0.8821 0.4368
vn -0.1879 0.9407 0.2824
vn -0.3499 0.5520 0.7568
vn -0.3471 0.1632 0.9235
vn 0.2114 0.3751 0.9025
vn -0.0099 0.6937 0.7202
vn -0.7844 0.1527 0.6011
vn -0.6128 0.6087 0.5040
vn -0.6635 0.7026 0.2570
vn -0.9313 0.3584 0.0643
vn 0.2352 0.8677 0.4379
vn 0.6149 0.6753 0.4074
vn 0.5184 0.8493 -0.1002
vn 0.1575 0.9782 0.1353
vn -0.5845 0.6588 -0.4737
vn -0.4600 0.8858 -0.0615
vn -0.2245 0.9696 -0.0970
vn -0.0739 0.8346 -0.5459
vn 0.4270 -0.0991 0.8988
vn 0.3692 0.0443 0.9283
vn -0.3189 -0.0790 0.9445
vn -0.2385 -0.3317 0.9127
vn -0.8403 -0.5137 0.1731
vn -0.9653 -0.1864 0.1829
vn 0.1430 0.9897 0.0032
vn -0.5145 0.8539 0.0781
vn -0.9591 -0.1808 0.2179
vn -0.9932 0.0019 0.1162
vn -0.9034 0.4283 0.0208
vn -0.8726 0.4213 -0.2472
vn -0.9483 0.1460 -0.2816
vn 0.2568 -0.9661 0.0267
vn 0.2000 -0.9788 -0.0435
vn 0.1811 -0.9789 -0.0948
vn 0.2539 -0.9670 0.0204
vn -0.6662 0.6976 -0.2636
vn -0.6208 0.7814 0.0628
vn -0.7933 0.6032 -0.0826
vn -0.6302 0.7272 -0.2721
vn -0.9408 -0.2836 -0.1856
vn -0.9483 -0.2902 0.1288
vn -0.8165 -0.5659 0.1142
vn -0.8946 -0.4022 -0.1947
vn -0.9294 0.3166 -0.1895
vn -0.8478 0.5040 0.1648
vn -0.9481 0.2735 0.1622
vn -0.9433 0.2845 -0.1712
vn -0.2622 0.9090 -0.3239
vn -0.2844 0.9211 -0.2658
vn -0.1051 0.9438 -0.3133
vn -0.0874 0.9351 -0.3434
vn -0.4603 0.7471 -0.4795
vn -0.5038 0.7791 -0.3732
vn -0.3934 0.8270 -0.4017
vn -0.3575 0.7606 -0.5419
vn -0.2236 0.7664 -0.6022
vn -0.2423 0.8656 -0.4382
vn -0.0820 0.8848 -0.4586
vn -0.0784 0.7726 -0.6300
vn -0.2339 0.8345 0.4989
vn -0.2076 0.7253 0.6564
vn -0.0749 0.7401 0.6683
vn -0.0900 0.8524 0.5151
vn -0.6209 0.7114 0.3293
vn -0.5272 0.6461 0.5519
vn -0.3418 0.7082 0.6177
vn -0.3921 0.8247 0.4077
vn -0.6273 0.7787 -0.0118
vn -0.6494 0.7459 0.1482
vn -0.4903 0.8554 0.1668
vn -0.5429 0.8396 -0.0179
vn -0.5395 0.7985 -0.2671
vn -0.5806 0.7970 -0.1660
vn -0.5033 0.8294 -0.2426
vn -0.4318 0.8549 -0.2875
vn -0.2262 0.1275 0.9657
vn -0.0692 0.1204 0.9903
vn -0.0771 0.1516 0.9854
vn -0.2482 0.1501 0.9570
vn -0.2468 0.0707 0.9665
vn -0.0794 0.0719 0.9942
vn -0.0751 0.1310 0.9885
vn -0.2245 0.1279 0.9660
vn -0.5277 -0.2312 0.8174
vn -0.3490 -0.3792 0.8570
vn -0.4116 -0.0312 0.9108
vn -0.5934 0.0409 0.8039
vn -0.5916 0.1643 0.7893
vn -0.4039 0.1460 0.9031
vn -0.4348 0.1471 0.8884
vn -0.6185 0.1449 0.7723
vn -0.6448 0.0549 0.7624
vn -0.4346 0.0626 0.8984
vn -0.3962 0.1116 0.9114
vn -0.6316 0.0908 0.7699
vn -0.5864 0.2741 0.7623
vn -0.3511 0.3118 0.8829
vn -0.3313 0.5141 0.7912
vn -0.5113 0.4723 0.7180
vn -0.2051 0.3303 0.9213
vn -0.0722 0.3356 0.9392
vn -0.0730 0.5402 0.8384
vn -0.2018 0.5320 0.8223
vn -0.1914 -0.4830 0.8544
vn -0.0604 -0.5212 0.8513
vn -0.0725 -0.1277 0.9892
vn -0.2337 -0.0992 0.9672
vn -0.0675 -0.7476 -0.6607
vn -0.1372 -0.8178 -0.5589
vn -0.2123 -0.8546 -0.4740
vn -0.1581 -0.7532 -0.6385
vn -0.2164 -0.7638 -0.6081
vn -0.2737 -0.8695 -0.4112
vn -0.4202 -0.8207 -0.3871
vn -0.3581 -0.7402 -0.5692
vn -0.3345 -0.9130 -0.2333
vn -0.4836 -0.8718 -0.0786
vn -0.4643 -0.8826 -0.0741
vn -0.4498 -0.8636 -0.2276
vn -0.3293 -0.9432 0.0436
vn -0.2754 -0.9466 0.1674
vn -0.4685 -0.8707 0.1494
vn -0.4653 -0.8841 0.0441
vn -0.2172 -0.9003 0.3771
vn -0.2515 -0.7239 0.6424
vn -0.4333 -0.6102 0.6633
vn -0.4647 -0.8114 0.3546
vn -0.0454 -0.8967 0.4404
vn -0.0464 -0.7882 0.6137
vn -0.1375 -0.7697 0.6235
vn -0.1228 -0.8869 0.4453
vn -0.9442 -0.1102 -0.3104
vn -0.9912 -0.0826 -0.1033
vn -0.9947 -0.0621 -0.0814
vn -0.9339 -0.1313 -0.3325
vn -0.9960 -0.0307 0.0836
vn -0.9769 0.0213 0.2126
vn -0.9714 0.0777 0.2246
vn -0.9948 0.0407 0.0939
vn -0.6050 -0.5232 -0.6002
vn -0.6847 -0.6031 -0.4093
vn -0.8549 -0.2725 -0.4415
vn -0.7163 -0.2421 -0.6544
vn -0.7501 -0.1068 -0.6526
vn -0.8775 -0.1053 -0.4679
vn -0.8644 -0.1310 -0.4855
vn -0.7530 -0.1183 -0.6473
vn -0.6697 -0.7360 0.0993
vn -0.7689 -0.6335 -0.0868
vn -0.7542 -0.5014 -0.4240
vn -0.6313 -0.6786 -0.3755
vn -0.5004 0.6914 -0.5212
vn -0.5615 0.7383 -0.3736
vn -0.5691 0.7328 -0.3729
vn -0.5151 0.7049 -0.4876
vn -0.6131 0.7497 -0.2490
vn -0.7725 0.6349 0.0076
vn -0.6806 0.7203 -0.1338
vn -0.6124 0.7466 -0.2599
vn -0.9065 0.3930 0.1540
vn -0.9042 0.3158 0.2875
vn -0.8259 0.5259 0.2035
vn -0.7799 0.6239 0.0506
vn -0.8862 0.2796 0.3695
vn -0.8103 0.2543 0.5280
vn -0.7559 0.4157 0.5058
vn -0.8195 0.4699 0.3279
vn -0.9146 0.0992 0.3920
vn -0.8218 0.0733 0.5651
vn -0.8306 0.1077 0.5463
vn -0.9084 0.1469 0.3915
vn -0.9258 0.0893 0.3673
vn -0.7912 0.1515 0.5926
vn -0.7948 0.1398 0.5905
vn -0.9167 0.1149 0.3827
vn -0.8432 -0.4141 0.3429
vn -0.7382 -0.1695 0.6529
vn -0.7856 0.0564 0.6162
vn -0.9362 -0.0427 0.3489
vn -0.7423 -0.6683 0.0491
vn -0.8047 -0.5726 0.1567
vn -0.9676 -0.1709 0.1860
vn -0.9590 -0.2747 0.0696
vn -0.6988 -0.6742 -0.2391
vn -0.7053 -0.7048 -0.0759
vn -0.9394 -0.3306 -0.0906
vn -0.9060 -0.3194 -0.2776
vn -0.0767 -0.2792 -0.9572
vn -0.2202 -0.2503 -0.9428
vn -0.2521 -0.0820 -0.9642
vn -0.0845 -0.0919 -0.9922
vn -0.0857 0.0812 -0.9930
vn -0.2538 0.0762 -0.9643
vn -0.2287 0.2335 -0.9451
vn -0.0802 0.2488 -0.9652
vn -0.0772 0.4151 -0.9065
vn -0.2056 0.4074 -0.8898
vn -0.2068 0.5978 -0.7745
vn -0.0739 0.5942 -0.8009
vn -0.3218 0.4080 -0.8544
vn -0.4408 0.5130 -0.7366
vn -0.3776 0.6385 -0.6707
vn -0.3191 0.6212 -0.7157
vn -0.4121 0.0630 -0.9089
vn -0.4954 0.0024 -0.8687
vn -0.4721 0.2412 -0.8479
vn -0.3686 0.2121 -0.9051
vn -0.3664 -0.1967 -0.9094
vn -0.5491 -0.1414 -0.8237
vn -0.5840 -0.0891 -0.8068
vn -0.4183 -0.0653 -0.9059
vn -0.2133 -0.5813 -0.7853
vn -0.3456 -0.4943 -0.7976
vn -0.4708 -0.2844 -0.8351
vn -0.2826 -0.3712 -0.8845
vn -0.0591 -0.6302 -0.7742
vn -0.1459 -0.6121 -0.7772
vn -0.1735 -0.4381 -0.8820
vn -0.0647 -0.4737 -0.8783
vn -0.9594 0.1380 0.2462
vn -0.9885 -0.0012 0.1510
vn -0.9659 0.0931 0.2415
vn -0.9433 0.1632 0.2891
vn -0.1742 -0.0731 -0.9820
vn -0.3868 0.1214 -0.9142
vn -0.3320 0.2872 -0.8985
vn -0.1454 0.3325 -0.9318
vn -0.5021 0.0687 -0.8621
vn -0.6661 -0.0061 -0.7458
vn -0.5171 0.5835 -0.6262
vn -0.4312 0.3937 -0.8118
vn -0.6804 0.6218 -0.3879
vn -0.8551 -0.0911 -0.5104
vn -0.9713 -0.1942 -0.1372
vn -0.8506 0.5258 0.0023
vn -0.5488 -0.6494 -0.5264
vn -0.6288 -0.4441 -0.6383
vn -0.5226 -0.2896 -0.8019
vn -0.4175 -0.5088 -0.7529
vn -0.3902 -0.3015 0.8700
vn -0.7937 -0.0611 0.6052
vn -0.7544 -0.5065 0.4175
vn -0.4403 -0.6726 0.5948
vn -0.3084 0.9449 -0.1100
vn -0.4525 0.8622 -0.2276
vn -0.5821 0.8129 -0.0151
vn -0.4508 0.8711 0.1949
vn -0.1720 0.7448 -0.6447
vn -0.3656 0.6187 -0.6953
vn -0.4122 0.7926 -0.4493
vn -0.2472 0.9181 -0.3097
vn -0.3907 0.6714 -0.6297
vn -0.3036 0.7221 -0.6215
vn -0.3175 0.9075 -0.2750
vn -0.4614 0.8245 -0.3276
vn -0.1907 0.7326 -0.6534
vn -0.0732 0.7172 -0.6930
vn -0.0865 0.9613 -0.2616
vn -0.1889 0.9468 -0.2608
vn 0.0262 0.7434 -0.6683
vn 0.0146 0.7795 -0.6262
vn -0.0548 0.9725 -0.2265
vn -0.0152 0.9722 -0.2335
vn -0.4700 0.8562 -0.2147
vn -0.3286 0.9290 -0.1700
vn -0.3947 0.9181 -0.0360
vn -0.5239 0.8461 -0.0985
vn -0.2021 0.9702 -0.1339
vn -0.1181 0.9875 -0.1043
vn -0.2418 0.9598 0.1426
vn -0.2827 0.9567 0.0692
vn -0.0876 0.9944 -0.0595
vn -0.1542 0.9872 -0.0399
vn -0.4039 0.8632 0.3028
vn -0.2290 0.9491 0.2165
vn -0.8400 -0.1336 0.5260
vn -0.6644 -0.2647 0.6989
vn -0.7579 -0.1459 0.6358
vn -0.8477 -0.0592 0.5271
vn -0.5006 -0.4232 0.7552
vn -0.4439 -0.5347 0.7191
vn -0.5218 -0.4145 0.7456
vn -0.6208 -0.3012 0.7238
vn -0.4803 -0.5648 0.6710
vn -0.4252 -0.5794 0.6954
vn -0.3812 -0.4332 0.8167
vn -0.4819 -0.3982 0.7805
vn -0.7708 -0.3820 -0.5098
vn -0.4933 -0.7064 -0.5076
vn -0.4717 -0.4443 -0.7617
vn -0.6656 -0.2745 -0.6940
vn -0.2956 -0.8360 -0.4622
vn -0.2680 -0.8752 -0.4027
vn -0.1740 -0.6238 -0.7619
vn -0.2783 -0.5535 -0.7850
vn -0.3498 -0.8376 -0.4196
vn -0.4473 -0.7655 -0.4626
vn -0.2921 -0.6304 -0.7193
vn -0.1973 -0.6525 -0.7317
vn -0.4574 -0.0318 -0.8887
vn -0.3757 -0.0722 -0.9239
vn -0.3134 0.2675 -0.9112
vn -0.3928 0.2574 -0.8829
vn -0.2907 -0.1217 -0.9490
vn -0.1524 -0.1820 -0.9714
vn -0.0906 0.1630 -0.9825
vn -0.2089 0.2179 -0.9534
vn -0.0085 -0.2122 -0.9772
vn -0.0203 -0.1758 -0.9842
vn 0.0273 0.2868 -0.9576
vn 0.0167 0.1970 -0.9803
vn -0.9033 -0.3939 -0.1697
vn -0.6765 -0.7363 0.0095
vn -0.5428 -0.7953 -0.2698
vn -0.8425 -0.3931 -0.3684
vn -0.5332 -0.8203 0.2068
vn -0.4598 -0.8298 0.3161
vn -0.3475 -0.9301 -0.1188
vn -0.3772 -0.9113 -0.1652
vn -0.4870 -0.8372 0.2489
vn -0.6015 -0.7656 0.2279
vn -0.5054 -0.8009 -0.3211
vn -0.4042 -0.8882 -0.2183
vn -0.9247 -0.0479 0.3778
vn -0.9519 -0.0571 0.3009
vn -0.8752 0.0855 0.4762
vn -0.9301 -0.0740 0.3597
vn -0.7873 -0.0727 0.6122
vn -0.8160 -0.3748 0.4401
vn -0.9541 -0.0610 0.2931
vn -0.8957 -0.0091 0.4446
vn -0.8177 -0.2797 0.5031
vn -0.8615 0.0416 0.5061
vn -0.7029 0.2095 0.6797
vn -0.4692 -0.4581 0.7550
vn -0.1299 -0.1922 0.9727
vn -0.3036 -0.3948 0.8672
vn -0.4277 -0.4098 0.8057
vn -0.3792 -0.2257 0.8973
vn -0.5070 -0.2677 0.8193
vn -0.4985 -0.5314 0.6849
vn -0.6234 -0.5525 0.5534
vn -0.6383 -0.1963 0.7443
vn -0.3686 -0.5802 0.7263
vn -0.4059 -0.1110 0.9072
vn -0.3604 -0.3001 0.8832
vn -0.3314 -0.6628 0.6714
vn -0.3245 -0.5000 0.8029
vn -0.5249 0.1272 0.8416
vn -0.4265 0.0097 0.9045
vn -0.3151 -0.5327 0.7855
vn -0.0999 -0.6713 0.7344
vn -0.2133 -0.5261 0.8233
vn -0.0006 -0.5861 0.8103
vn 0.0255 -0.4661 0.8844
vn -0.1166 0.9926 0.0344
vn -0.1075 0.9724 -0.2073
vn -0.1748 0.9777 -0.1165
vn -0.4677 0.8834 0.0299
vn -0.7018 0.7054 -0.0990
vn -0.5612 0.8054 0.1907
vn -0.2885 0.9541 0.0799
vn -0.2130 0.9750 0.0636
vn -0.2987 0.9243 0.2376
vn -0.1680 0.9827 0.0786
vn -0.2942 0.5239 -0.7994
vn -0.6706 0.4971 -0.5507
vn -0.4266 0.7744 -0.4672
vn -0.8899 0.4164 -0.1863
vn -0.8675 0.4353 0.2409
vn -0.6805 0.7328 0.0008
vn -0.6646 0.4353 0.6073
vn -0.3445 0.4722 0.8114
vn -0.5642 0.6620 0.4935
vn 0.1462 0.5971 0.7888
vn 0.5394 0.6490 0.5365
vn 0.4453 0.7330 0.5142
vn 0.1681 -0.9825 -0.0805
vn 0.1682 -0.9825 -0.0805
vn 0.1680 -0.9825 -0.0806
vn 0.7325 0.6404 0.2308
vn 0.7655 0.6242 -0.1560
vn 0.7624 0.6362 -0.1180
vn 0.7228 0.6518 0.2296
vn 0.4734 0.6371 -0.6082
vn 0.0228 0.6002 -0.7995
vn -0.2407 0.7802 -0.5773
vn 0.4465 0.6976 -0.5603
vn -0.2457 0.5328 -0.8098
vn -0.1888 0.5686 -0.8007
vn -0.5491 0.5865 -0.5954
vn -0.6001 0.5229 -0.6054
vn -0.8957 0.4178 -0.1519
vn -0.8639 0.4921 -0.1072
vn -0.8724 0.4198 0.2505
vn -0.8830 0.4050 0.2375
vn -0.6282 0.4385 0.6427
vn -0.5870 0.4625 0.6645
vn -0.2150 0.5179 0.8280
vn -0.2586 0.4981 0.8277
vn 0.0238 0.5778 0.8158
vn -0.0535 0.5783 0.8141
vn 0.3743 0.6462 0.6651
vn 0.4497 0.6155 0.6472
vn 0.7293 0.6485 0.2179
vn 0.7219 0.6556 0.2214
vn 0.7709 0.6294 -0.0980
vn 0.7637 0.6319 -0.1322
vn 0.4621 0.6561 -0.5967
vn 0.4605 0.6784 -0.5724
vn -0.0066 0.5556 -0.8314
vn 0.0147 0.5685 -0.8225
vn 0.6689 0.7043 -0.2379
vn -0.0624 0.9979 -0.0145
vn 0.6551 0.6924 0.3025
vn 0.4133 0.6803 0.6052
vn -0.3759 0.7887 0.4865
vn -0.0745 0.4881 0.8696
vn -0.1412 0.9482 -0.2846
vn -0.2037 0.9342 -0.2930
vn -0.1728 0.9713 -0.1633
vn -0.4721 0.8549 -0.2152
vn -0.2431 0.9695 -0.0314
vn -0.1882 0.9711 -0.1470
vn -0.2751 0.9098 0.3107
vn -0.1511 0.9880 -0.0328
vn -0.1598 0.9871 -0.0098
vn -0.1865 0.9759 0.1132
vn -0.1655 0.9840 0.0662
vn -0.1736 0.9821 0.0735
vn -0.1670 0.9837 0.0661
vn -0.3123 -0.8200 -0.4797
vn -0.2670 -0.9196 -0.2881
vn -0.4136 -0.8172 -0.4013
vn -0.2572 -0.9135 0.3152
vn -0.2007 -0.9565 0.2116
vn -0.2700 -0.9191 0.2868
vn -0.2711 -0.9471 0.1719
vn -0.2734 -0.9266 0.2583
vn -0.3333 -0.9204 0.2046
vn -0.2089 -0.8629 -0.4602
vn -0.3271 -0.8212 -0.4677
vn -0.3105 -0.8114 -0.4952
vn -0.1608 0.1574 -0.9744
vn -0.5039 0.1468 -0.8512
vn -0.4702 0.4236 -0.7742
vn -0.1463 0.5105 -0.8473
vn -0.1002 -0.4601 -0.8822
vn -0.4323 -0.3336 -0.8377
vn -0.4630 -0.0993 -0.8808
vn -0.1459 -0.1496 -0.9779
vn -0.6911 -0.3455 -0.6348
vn -0.8200 -0.3936 -0.4156
vn -0.9633 0.0271 -0.2669
vn -0.7811 -0.0331 -0.6236
vn -0.8114 0.1886 -0.5532
vn -0.9297 0.2705 -0.2498
vn -0.8290 0.5414 -0.1403
vn -0.7608 0.4884 -0.4275
vn -0.9336 0.3237 0.1536
vn -0.8037 0.2319 0.5479
vn -0.7501 0.4467 0.4877
vn -0.8287 0.5418 0.1403
vn -0.7919 0.3139 -0.5239
vn -0.9086 0.2367 -0.3441
vn -0.6517 0.3014 0.6960
vn -0.4584 0.4454 0.7690
vn -0.3811 -0.4488 0.8083
vn -0.1328 -0.5062 0.8521
vn -0.1385 -0.1667 0.9762
vn -0.4041 -0.1481 0.9026
vn -0.4932 0.1597 0.8551
vn -0.1517 0.1663 0.9743
vn -0.1343 0.5219 0.8424
vn -0.4117 0.4840 0.7722
vn -0.0504 -0.7622 -0.6454
vn -0.0167 -0.9618 -0.2734
vn -0.2356 -0.8868 -0.3975
vn -0.2972 -0.6970 -0.6526
vn -0.0411 -0.9728 0.2279
vn -0.0950 -0.8021 0.5895
vn -0.2985 -0.7279 0.6173
vn -0.2044 -0.9449 0.2558
vn -0.4701 0.7742 -0.4237
vn -0.5111 0.8482 -0.1388
vn -0.1612 0.9743 -0.1571
vn -0.1461 0.8473 -0.5106
vn -0.4996 0.8529 0.1514
vn -0.4116 0.7730 0.4827
vn -0.1343 0.8424 0.5219
vn -0.1523 0.9743 0.1662
vn -0.4513 -0.8765 0.1676
vn -0.6274 -0.7149 0.3086
vn -0.5885 -0.5205 0.6187
vn -0.5443 -0.5346 0.6464
vn -0.6510 -0.2904 0.7013
vn -0.6509 -0.3316 0.6829
vn -0.6899 -0.1243 0.7131
vn -0.7173 -0.0903 0.6909
vn -0.7517 0.3788 0.5398
vn -0.8144 0.1985 0.5454
vn -0.9243 0.3748 0.0724
vn -0.1486 0.8478 -0.5090
vn 0.0258 0.2491 -0.9681
vn -0.9644 0.0262 -0.2630
vn -0.9021 -0.3843 -0.1963
vn -0.3772 -0.2918 -0.8790
vn -0.5471 -0.7019 -0.4561
vn -0.3239 -0.4459 0.8344
vn -0.6226 -0.1636 0.7652
vn -0.9269 -0.2630 -0.2677
vn 0.2921 -0.6309 0.7188
vn 0.1464 -0.7562 0.6377
vn -0.1247 -0.9522 -0.2787
vn 0.0555 -0.8982 -0.4361
vn -0.2893 -0.3136 -0.9044
vn -0.3900 -0.3662 -0.8449
vn -0.5139 -0.1756 -0.8397
vn -0.4424 -0.0827 -0.8930
vn -0.0501 0.1680 0.9845
vn -0.1326 0.0657 0.9890
vn 0.0181 -0.1329 0.9910
vn 0.1353 -0.0814 0.9875
vn -0.3696 0.0128 0.9291
vn -0.1750 0.0973 0.9798
vn -0.0416 -0.1736 0.9839
vn -0.2848 -0.2545 0.9242
vn -0.0683 0.1599 0.9848
vn -0.0160 0.1946 0.9808
vn 0.1713 -0.0599 0.9834
vn 0.1102 -0.0963 0.9892
vn 0.4787 0.2065 -0.8534
vn 0.2951 0.1358 -0.9458
vn 0.1091 0.3029 -0.9468
vn 0.2473 0.3293 -0.9113
vn 0.0047 -0.0837 -0.9965
vn -0.2126 -0.2551 -0.9432
vn -0.3709 -0.0213 -0.9284
vn -0.1570 0.1410 -0.9775
vn 0.2751 -0.6209 0.7340
vn 0.4276 -0.5476 0.7193
vn 0.7315 -0.4169 -0.5395
vn 0.8134 -0.3253 -0.4822
vn 0.4281 -0.5509 0.7164
vn 0.3786 -0.5816 0.7200
vn 0.1933 -0.8515 -0.4875
vn 0.4730 -0.6874 -0.5512
vn -0.0293 0.6863 -0.7267
vn -0.1548 0.6666 -0.7292
vn -0.3500 0.5650 0.7472
vn -0.4238 0.5292 0.7351
vn -0.4540 0.5612 -0.6920
vn -0.6963 0.4030 -0.5940
vn -0.3937 0.5116 0.7637
vn -0.3534 0.5549 0.7532
vn -0.9883 0.1186 -0.0961
vn -0.9326 0.3492 -0.0910
vn -0.8960 0.3597 -0.2605
vn -0.9537 0.1226 -0.2746
vn -0.8180 0.5696 -0.0803
vn -0.6456 0.7610 -0.0640
vn -0.6085 0.7720 -0.1838
vn -0.7793 0.5828 -0.2303
vn -0.4147 0.9090 -0.0415
vn -0.1447 0.9894 -0.0144
vn -0.1353 0.9899 -0.0416
vn -0.3871 0.9142 -0.1197
vn 0.1223 0.9924 0.0119
vn 0.2616 0.9649 0.0243
vn 0.2533 0.9652 0.0649
vn 0.1163 0.9926 0.0336
vn 0.2668 -0.9634 0.0260
vn 0.1238 -0.9922 0.0124
vn 0.1262 -0.9912 0.0388
vn 0.2879 -0.9540 0.0832
vn -0.1448 -0.9894 -0.0145
vn -0.4127 -0.9100 -0.0409
vn -0.3760 -0.9196 -0.1136
vn -0.1361 -0.9898 -0.0421
vn -0.6431 -0.7632 -0.0632
vn -0.8163 -0.5721 -0.0796
vn -0.7690 -0.5989 -0.2236
vn -0.5938 -0.7852 -0.1755
vn -0.9319 -0.3512 -0.0906
vn -0.9882 -0.1194 -0.0959
vn -0.9533 -0.1277 -0.2736
vn -0.8917 -0.3728 -0.2567
vn -0.8685 0.1343 -0.4771
vn -0.8045 0.3897 -0.4481
vn -0.5696 0.4319 -0.6993
vn -0.6276 0.1518 -0.7636
vn -0.6825 0.6189 -0.3889
vn -0.5168 0.8004 -0.3038
vn -0.3420 0.8330 -0.4350
vn -0.4675 0.6649 -0.5826
vn -0.3211 0.9267 -0.1950
vn -0.1151 0.9909 -0.0698
vn -0.0757 0.9921 -0.0999
vn -0.2077 0.9401 -0.2705
vn 0.1078 0.9923 0.0605
vn 0.2536 0.9595 0.1223
vn 0.1809 0.9564 0.2294
vn 0.0749 0.9924 0.0978
vn 0.3243 -0.9283 0.1820
vn 0.1242 -0.9894 0.0753
vn 0.0763 -0.9920 0.1007
vn 0.1898 -0.9501 0.2478
vn -0.1155 -0.9908 -0.0701
vn -0.3047 -0.9354 -0.1791
vn -0.2004 -0.9460 -0.2549
vn -0.0741 -0.9926 -0.0964
vn -0.4939 -0.8227 -0.2814
vn -0.6648 -0.6488 -0.3703
vn -0.4595 -0.6860 -0.5641
vn -0.3321 -0.8476 -0.4138
vn -0.7970 -0.4161 -0.4378
vn -0.8681 -0.1450 -0.4747
vn -0.6279 -0.1603 -0.7616
vn -0.5664 -0.4521 -0.6891
vn -0.3113 0.1588 -0.9370
vn -0.2808 0.4486 -0.8485
vn -0.0844 0.4403 -0.8939
vn -0.0931 0.1553 -0.9835
vn -0.2284 0.6824 -0.6944
vn -0.1657 0.8450 -0.5085
vn -0.0507 0.8393 -0.5412
vn -0.0692 0.6739 -0.7356
vn -0.0992 0.9460 -0.3085
vn -0.0353 0.9930 -0.1127
vn -0.0099 0.9938 -0.1104
vn -0.0304 0.9444 -0.3275
vn 0.0313 0.9940 0.1048
vn 0.0669 0.9689 0.2382
vn 0.0162 0.9774 0.2108
vn 0.0081 0.9953 0.0967
vn 0.0648 -0.9741 0.2168
vn 0.0304 -0.9948 0.0969
vn 0.0084 -0.9956 0.0933
vn 0.0170 -0.9793 0.2018
vn -0.0347 -0.9936 -0.1077
vn -0.1025 -0.9437 -0.3145
vn -0.0308 -0.9438 -0.3292
vn -0.0104 -0.9936 -0.1124
vn -0.1693 -0.8403 -0.5149
vn -0.2317 -0.6756 -0.7000
vn -0.0696 -0.6725 -0.7368
vn -0.0511 -0.8384 -0.5426
vn -0.2828 -0.4421 -0.8512
vn -0.3118 -0.1560 -0.9373
vn -0.0931 -0.1547 -0.9836
vn -0.0846 -0.4391 -0.8945
vn -0.0931 0.1553 0.9835
vn -0.0844 0.4403 0.8939
vn -0.2808 0.4486 0.8485
vn -0.3113 0.1588 0.9370
vn -0.0692 0.6739 0.7356
vn -0.0507 0.8393 0.5412
vn -0.1657 0.8450 0.5085
vn -0.2284 0.6823 0.6944
vn -0.0304 0.9444 0.3275
vn -0.0099 0.9938 0.1104
vn -0.0353 0.9930 0.1127
vn -0.0992 0.9460 0.3085
vn 0.0081 0.9953 -0.0966
vn 0.0162 0.9774 -0.2108
vn 0.0669 0.9689 -0.2382
vn 0.0313 0.9940 -0.1048
vn 0.0170 -0.9793 -0.2018
vn 0.0084 -0.9956 -0.0932
vn 0.0304 -0.9948 -0.0969
vn 0.0648 -0.9741 -0.2168
vn -0.0104 -0.9936 0.1124
vn -0.0308 -0.9438 0.3292
vn -0.1025 -0.9437 0.3145
vn -0.0347 -0.9936 0.1077
vn -0.0511 -0.8384 0.5426
vn -0.0696 -0.6725 0.7368
vn -0.2317 -0.6756 0.7000
vn -0.1693 -0.8403 0.5149
vn -0.0846 -0.4391 0.8945
vn -0.0931 -0.1547 0.9836
vn -0.3118 -0.1560 0.9373
vn -0.2828 -0.4421 0.8512
vn -0.6276 0.1518 0.7636
vn -0.5696 0.4319 0.6993
vn -0.8045 0.3897 0.4481
vn -0.8685 0.1343 0.4771
vn -0.4675 0.6649 0.5826
vn -0.3420 0.8330 0.4350
vn -0.5168 0.8004 0.3038
vn -0.6825 0.6189 0.3889
vn -0.2077 0.9401 0.2705
vn -0.0757 0.9921 0.0999
vn -0.1151 0.9909 0.0698
vn -0.3211 0.9267 0.1950
vn 0.0749 0.9924 -0.0978
vn 0.1809 0.9564 -0.2294
vn 0.2536 0.9595 -0.1223
vn 0.1078 0.9923 -0.0605
vn 0.1897 -0.9501 -0.2478
vn 0.0763 -0.9920 -0.1007
vn 0.1242 -0.9894 -0.0753
vn 0.3243 -0.9283 -0.1820
vn -0.0741 -0.9926 0.0964
vn -0.2004 -0.9460 0.2549
vn -0.3047 -0.9354 0.1791
vn -0.1155 -0.9908 0.0701
vn -0.3321 -0.8476 0.4138
vn -0.4595 -0.6860 0.5641
vn -0.6648 -0.6488 0.3703
vn -0.4939 -0.8227 0.2814
vn -0.5664 -0.4521 0.6891
vn -0.6279 -0.1603 0.7616
vn -0.8681 -0.1450 0.4747
vn -0.7970 -0.4161 0.4378
vn -0.9537 0.1226 0.2746
vn -0.8960 0.3597 0.2605
vn -0.9326 0.3492 0.0910
vn -0.9883 0.1186 0.0961
vn -0.7793 0.5828 0.2303
vn -0.6085 0.7720 0.1838
vn -0.6456 0.7610 0.0640
vn -0.8180 0.5696 0.0803
vn -0.3871 0.9142 0.1197
vn -0.1353 0.9899 0.0416
vn -0.1447 0.9894 0.0144
vn -0.4147 0.9090 0.0415
vn 0.1163 0.9926 -0.0336
vn 0.2533 0.9652 -0.0649
vn 0.2616 0.9649 -0.0243
vn 0.1223 0.9924 -0.0119
vn 0.2879 -0.9540 -0.0832
vn 0.1262 -0.9912 -0.0388
vn 0.1239 -0.9922 -0.0124
vn 0.2668 -0.9634 -0.0260
vn -0.1361 -0.9898 0.0421
vn -0.3760 -0.9196 0.1136
vn -0.4127 -0.9099 0.0409
vn -0.1448 -0.9894 0.0145
vn -0.5939 -0.7852 0.1755
vn -0.7690 -0.5989 0.2236
vn -0.8163 -0.5721 0.0796
vn -0.6431 -0.7632 0.0632
vn -0.8917 -0.3728 0.2567
vn -0.9533 -0.1277 0.2736
vn -0.9882 -0.1194 0.0959
vn -0.9319 -0.3512 0.0906
vn -0.1366 0.9808 0.1390
vn -0.2547 0.9592 0.1230
vn -0.1460 0.9880 0.0503
vn -0.0553 0.9983 0.0172
vn -0.0460 0.9984 -0.0343
vn -0.0289 0.9878 -0.1527
vn -0.1108 0.9927 0.0466
vn -0.2506 0.9680 -0.0108
vn -0.1206 0.9900 0.0727
vn -0.1871 0.9801 -0.0658
vn -0.3712 0.0340 -0.9279
vn -0.4355 0.0226 -0.8999
vn -0.3669 0.1719 -0.9142
vn -0.3881 0.1199 -0.9138
vn -0.1258 0.2230 -0.9667
vn -0.2707 -0.0050 -0.9627
vn -0.5017 -0.3722 -0.7809
vn -0.4690 -0.0698 -0.8804
vn -0.4185 -0.1372 -0.8978
vn -0.4188 -0.0113 -0.9080
vn -0.5525 0.0973 -0.8278
vn -0.4563 0.0776 -0.8864
vn -0.7489 -0.6229 -0.2264
vn -0.7474 -0.5368 -0.3914
vn -0.9608 -0.2700 0.0632
vn -0.7967 -0.5945 0.1091
vn -0.7720 0.5401 0.3351
vn -0.7037 0.5456 0.4552
vn -0.8284 0.4952 0.2617
vn -0.8506 0.4684 0.2389
vn -0.8919 0.4452 -0.0796
vn -0.8488 0.5033 -0.1619
vn -0.7921 0.4710 -0.3882
vn -0.8331 0.3662 -0.4145
vn -0.8144 -0.5723 -0.0960
vn -0.9702 -0.2090 -0.1224
vn -0.8369 -0.1967 -0.5108
vn -0.7487 -0.4812 -0.4560
vn -0.4663 -0.4849 -0.7399
vn -0.5184 -0.2228 -0.8256
vn -0.1689 -0.2355 -0.9571
vn -0.1471 -0.5749 -0.8049
vn -0.6020 0.2586 -0.7555
vn -0.6848 0.3696 -0.6281
vn -0.3335 0.3750 -0.8650
vn -0.2090 0.2237 -0.9520
vn 0.1509 0.2470 -0.9572
vn 0.1425 0.4533 -0.8799
vn 0.4324 0.4756 -0.7660
vn 0.4892 0.2757 -0.8274
vn 0.1471 -0.5749 -0.8049
vn 0.1689 -0.2356 -0.9571
vn 0.5184 -0.2228 -0.8256
vn 0.4663 -0.4849 -0.7399
vn 0.7458 -0.4817 -0.4602
vn 0.8380 -0.1965 -0.5090
vn 0.9766 -0.1948 -0.0913
vn 0.8106 -0.5774 -0.0980
vn 0.8155 0.3185 -0.4833
vn 0.7352 0.5240 -0.4299
vn 0.8099 0.5754 -0.1141
vn 0.9311 0.3624 -0.0419
vn 0.8709 0.3728 0.3202
vn 0.7773 0.5572 0.2921
vn 0.6275 0.5440 0.5571
vn 0.7444 0.4400 0.5022
vn 0.7778 -0.5957 0.2003
vn 0.9629 -0.1696 0.2101
vn 0.7552 -0.3367 0.5623
vn 0.4542 0.8894 0.0513
vn 0.4482 0.6413 0.6227
vn 0.1549 0.6876 0.7094
vn 0.2704 0.9627 0.0048
vn -0.4578 0.8886 -0.0277
vn -0.4645 0.6062 0.6456
vn -0.7779 0.5143 0.3610
vn -0.5834 0.7780 -0.2333
vn -0.3890 -0.8024 -0.4526
vn -0.1320 -0.8665 -0.4814
vn -0.1032 -0.9769 -0.1869
vn -0.5152 -0.8361 -0.1886
vn 0.1602 -0.8769 -0.4531
vn 0.4514 -0.8135 -0.3667
vn 0.5105 -0.8590 -0.0382
vn 0.2495 -0.9641 -0.0913
vn 0.3479 -0.9210 0.1754
vn 0.5796 -0.7767 0.2466
vn 0.7692 -0.6384 0.0264
vn 0.3361 -0.9411 0.0375
vn -0.5073 -0.8611 0.0335
vn -0.0320 -0.9985 0.0439
vn -0.2372 -0.8536 0.4638
vn 0.5349 0.6386 -0.5532
vn 0.1936 0.6651 -0.7212
vn 0.2752 0.8909 -0.3612
vn 0.6545 0.7239 -0.2182
vn -0.4354 0.5846 -0.6846
vn -0.7522 0.5220 -0.4022
vn -0.9089 0.3889 -0.1503
vn -0.6884 0.6412 -0.3391
vn -0.6834 0.6261 0.3754
vn -0.8976 0.3756 0.2308
vn -0.7475 0.4999 0.4374
vn -0.4554 0.5948 0.6624
vn 0.6158 0.7336 0.2874
vn 0.2605 0.8804 0.3962
vn 0.1814 0.6703 0.7195
vn 0.4830 0.6265 0.6117
vn 0.9694 0.0593 0.2383
vn 0.9414 0.2092 0.2646
vn 0.9788 0.1545 -0.1341
vn 0.9908 0.0835 -0.1069
vn 0.8605 -0.0124 -0.5093
vn 0.8569 0.1331 -0.4980
vn 0.9832 0.1804 -0.0281
vn 0.9983 0.0271 -0.0517
vn 0.1704 -0.0475 -0.9842
vn 0.1628 0.0858 -0.9829
vn 0.5166 0.1010 -0.8503
vn 0.5281 -0.0376 -0.8484
vn -0.5304 -0.0393 -0.8468
vn -0.5426 0.0940 -0.8347
vn -0.1712 0.0794 -0.9820
vn -0.1706 -0.0485 -0.9841
vn -0.9921 0.0198 -0.1238
vn -0.9729 0.2118 -0.0927
vn -0.8605 0.1494 -0.4870
vn -0.8565 -0.0117 -0.5159
vn -0.9545 -0.0315 -0.2966
vn -0.9385 0.1700 -0.3004
vn -0.9607 0.2433 0.1339
vn -0.9967 0.0142 0.0799
vn 0.7250 0.3117 -0.6141
vn 0.6241 0.0755 -0.7777
vn 0.9589 -0.1866 -0.2136
vn 0.9335 0.0737 -0.3510
vn 0.6300 0.6754 0.3833
vn 0.8633 0.1927 0.4664
vn 0.4495 0.3878 0.8047
vn 0.3848 0.6758 0.6287
vn 0.3059 0.6110 -0.7301
vn -0.2798 0.8278 -0.4863
vn -0.2254 0.7148 -0.6620
vn -0.3359 0.8421 0.4221
vn -0.5289 0.5417 0.6533
vn -0.6954 0.6861 0.2139
vn -0.5902 0.7490 0.3011
vn 0.4514 0.4222 0.7861
vn 0.8577 0.3562 0.3708
vn 0.4852 0.7452 0.4574
vn -0.1708 0.6356 -0.7529
vn -0.4819 0.7644 -0.4283
vn -0.0109 0.8960 -0.4440
vn 0.9580 0.2067 -0.1990
vn 0.5094 0.5058 -0.6962
vn 0.5432 0.8191 -0.1843
vn -0.5231 0.7984 0.2982
vn -0.1726 0.6654 0.7262
vn -0.2014 0.9222 0.3302
vn -0.5235 0.8325 -0.1812
vn -0.7204 0.6077 -0.3342
vn -0.5228 0.6491 -0.5526
vn -0.4351 0.8411 -0.3214
vn 0.1170 0.6581 -0.7438
vn -0.2275 0.5638 -0.7939
vn -0.1363 0.7591 -0.6365
vn 0.1683 0.6704 0.7226
vn 0.1242 0.5367 0.8346
vn -0.1742 0.5996 0.7811
vn -0.2103 0.5099 0.8342
vn 0.1095 0.6016 0.7913
vn -0.1369 0.7530 0.6436
vn -0.5881 0.4246 -0.6884
vn -0.8174 0.4075 -0.4071
vn -0.5171 0.6812 -0.5182
vn 0.3462 0.8056 0.4808
vn 0.4475 0.8635 0.2327
vn 0.1386 0.9304 0.3394
vn 0.4511 0.8920 -0.0299
vn 0.3604 0.8654 -0.3480
vn 0.1380 0.9554 -0.2612
vn -0.8575 0.4458 0.2569
vn -0.5605 0.4828 0.6729
vn -0.5261 0.8011 0.2854
vt 0.973956 0.568608
vt 0.939522 0.564947
vt 0.964650 0.550407
vt 0.983262 0.586808
vt 0.944944 0.585919
vt 0.948592 0.607892
vt 0.914836 0.604098
vt 0.912079 0.580922
vt 0.881387 0.598606
vt 0.913923 0.628976
vt 0.883986 0.623120
vt 0.882124 0.650831
vt 0.858770 0.638160
vt 0.851188 0.614926
vt 0.821746 0.718363
vt 0.853019 0.741157
vt 0.838274 0.760828
vt 0.840016 0.707422
vt 0.865293 0.715342
vt 0.880261 0.757998
vt 0.868611 0.782353
vt 0.854372 0.801714
vt 0.635614 0.919528
vt 0.625861 0.947414
vt 0.621498 0.930375
vt 0.674375 0.930643
vt 0.653524 0.939890
vt 0.669733 0.964998
vt 0.649888 0.967427
vt 0.678996 0.888946
vt 0.658481 0.897395
vt 0.699512 0.880496
vt 0.694785 0.922358
vt 0.714858 0.913842
vt 0.710631 0.955835
vt 0.689578 0.962569
vt 0.640319 0.790656
vt 0.636217 0.840826
vt 0.616965 0.803490
vt 0.680444 0.828499
vt 0.658824 0.836744
vt 0.677589 0.883865
vt 0.655665 0.887232
vt 0.663671 0.777821
vt 0.700210 0.818792
vt 0.684967 0.771807
vt 0.719845 0.809935
vt 0.736344 0.855167
vt 0.717169 0.864825
vt 0.705110 0.763904
vt 0.740759 0.802798
vt 0.744891 0.744885
vt 0.725985 0.756698
vt 0.762093 0.795647
vt 0.756980 0.847804
vt 0.783289 0.787830
vt 0.766294 0.736701
vt 0.804418 0.780102
vt 0.821139 0.831688
vt 0.798995 0.832989
vt 0.778147 0.840706
vt 0.805125 0.736451
vt 0.800875 0.781285
vt 0.780611 0.730881
vt 0.820635 0.773729
vt 0.837323 0.815148
vt 0.599137 0.715683
vt 0.628940 0.744171
vt 0.606627 0.750737
vt 0.620849 0.705810
vt 0.651925 0.736855
vt 0.636877 0.782739
vt 0.610083 0.787657
vt 0.642561 0.695937
vt 0.673124 0.729632
vt 0.663272 0.690223
vt 0.693767 0.722932
vt 0.683983 0.684509
vt 0.715262 0.717542
vt 0.706646 0.682313
vt 0.737018 0.712119
vt 0.729310 0.680117
vt 0.758322 0.706434
vt 0.751291 0.677378
vt 0.775999 0.701989
vt 0.787727 0.725540
vt 0.766309 0.735213
vt 0.784380 0.688227
vt 0.773273 0.674639
vt 0.795487 0.701816
vt 0.784800 0.700948
vt 0.791607 0.713678
vt 0.745166 0.457025
vt 0.710103 0.453878
vt 0.736012 0.437526
vt 0.753514 0.477845
vt 0.718058 0.474409
vt 0.725749 0.495878
vt 0.693775 0.489749
vt 0.687534 0.466731
vt 0.762928 0.496781
vt 0.746639 0.532248
vt 0.735168 0.514996
vt 0.721505 0.548804
vt 0.710760 0.530785
vt 0.700015 0.512767
vt 0.774295 0.513918
vt 0.760529 0.548360
vt 0.787872 0.530127
vt 0.775456 0.564078
vt 0.752851 0.580428
vt 0.737178 0.564616
vt 0.802393 0.546133
vt 0.789961 0.579550
vt 0.816283 0.562579
vt 0.802194 0.592628
vt 0.768133 0.595817
vt 0.822169 0.597085
vt 0.828425 0.581120
vt 0.820777 0.605735
vt 0.809312 0.599237
vt 0.802096 0.608471
vt 0.783416 0.611207
vt 0.806925 0.416074
vt 0.765195 0.418932
vt 0.801304 0.395613
vt 0.786308 0.455833
vt 0.776497 0.436612
vt 0.826924 0.450130
vt 0.823076 0.430896
vt 0.807918 0.491787
vt 0.795892 0.474411
vt 0.857698 0.487245
vt 0.844481 0.467261
vt 0.835903 0.525668
vt 0.821700 0.508772
vt 0.870792 0.505430
vt 0.849134 0.543060
vt 0.882784 0.523917
vt 0.861560 0.560721
vt 0.893940 0.542446
vt 0.873516 0.578245
vt 0.904454 0.560869
vt 0.846346 0.593346
vt 0.854830 0.349396
vt 0.826001 0.365629
vt 0.811520 0.342171
vt 0.863063 0.363545
vt 0.836060 0.382178
vt 0.793540 0.367886
vt 0.782309 0.342111
vt 0.866165 0.387584
vt 0.871296 0.377694
vt 0.861035 0.397474
vt 0.844457 0.389580
vt 0.831169 0.396543
vt 0.921918 0.452350
vt 0.884600 0.450086
vt 0.914213 0.431894
vt 0.901642 0.488139
vt 0.891224 0.468956
vt 0.937416 0.493188
vt 0.929623 0.472807
vt 0.945209 0.513569
vt 0.911730 0.507617
vt 0.921461 0.526898
vt 0.954930 0.531988
vt 0.931248 0.545606
vt 0.850323 0.846683
vt 0.831613 0.856848
vt 0.867943 0.835273
vt 0.879961 0.862894
vt 0.861252 0.872294
vt 0.842544 0.881694
vt 0.812145 0.866423
vt 0.792393 0.876109
vt 0.824018 0.893763
vt 0.805493 0.905832
vt 0.752629 0.893804
vt 0.772355 0.884959
vt 0.787031 0.917099
vt 0.768569 0.928365
vt 0.733735 0.903642
vt 0.750127 0.938733
vt 0.731684 0.949102
vt 0.844660 0.429232
vt 0.856899 0.425463
vt 0.846376 0.410501
vt 0.869676 0.390107
vt 0.883629 0.820946
vt 0.898084 0.804507
vt 0.915906 0.851016
vt 0.897934 0.856955
vt 0.747994 0.386987
vt 0.748495 0.406646
vt 0.731165 0.397516
vt 0.765891 0.388960
vt 0.724758 0.422123
vt 0.714335 0.408045
vt 0.700114 0.437559
vt 0.689240 0.423425
vt 0.675839 0.452768
vt 0.664145 0.438806
vt 0.565630 0.730548
vt 0.587818 0.755614
vt 0.570623 0.759744
vt 0.582384 0.723116
vt 0.592849 0.788299
vt 0.575616 0.788940
vt 0.600434 0.806849
vt 0.590333 0.828906
vt 0.583903 0.810207
vt 0.613314 0.836680
vt 0.626214 0.867419
vt 0.596762 0.847605
vt 0.588926 0.883066
vt 0.609782 0.909316
vt 0.580404 0.903613
vt 0.623704 0.890231
vt 0.596690 0.927267
vt 0.571881 0.924159
vt 0.572611 0.919862
vt 0.560222 0.932335
vt 0.546330 0.927698
vt 0.597055 0.925119
vt 0.572337 0.939499
vt 0.527496 0.942285
vt 0.523772 0.938909
vt 0.520049 0.935534
vt 0.741783 0.289901
vt 0.754115 0.315082
vt 0.744062 0.316609
vt 0.749835 0.283810
vt 0.745809 0.286855
vt 0.767739 0.313221
vt 0.761806 0.342247
vt 0.746341 0.343318
vt 0.747167 0.365153
vt 0.767685 0.366960
vt 0.821662 0.115434
vt 0.816545 0.087904
vt 0.832686 0.104873
vt 0.793340 0.108522
vt 0.810354 0.126796
vt 0.791088 0.083663
vt 0.777488 0.092134
vt 0.800104 0.070905
vt 0.804258 0.093641
vt 0.800404 0.070936
vt 0.801272 0.076687
vt 0.782285 0.120666
vt 0.799145 0.137985
vt 0.772219 0.130954
vt 0.756726 0.115816
vt 0.766724 0.105438
vt 0.788985 0.148015
vt 0.763505 0.139992
vt 0.780337 0.156920
vt 0.753646 0.150416
vt 0.737839 0.135286
vt 0.747872 0.124853
vt 0.757503 0.180449
vt 0.770687 0.167034
vt 0.740493 0.195983
vt 0.740259 0.164411
vt 0.708464 0.165194
vt 0.724381 0.149377
vt 0.859477 0.158311
vt 0.851091 0.126766
vt 0.869496 0.148659
vt 0.848484 0.168333
vt 0.840127 0.136714
vt 0.828922 0.147029
vt 0.837157 0.178585
vt 0.807313 0.167309
vt 0.817624 0.157536
vt 0.826643 0.188067
vt 0.798576 0.175884
vt 0.807971 0.204906
vt 0.817603 0.196185
vt 0.795976 0.215918
vt 0.789120 0.185309
vt 0.762608 0.211173
vt 0.776762 0.197466
vt 0.911402 0.191448
vt 0.879427 0.179905
vt 0.890449 0.170053
vt 0.898261 0.200530
vt 0.868246 0.189973
vt 0.886635 0.210573
vt 0.856816 0.200060
vt 0.864098 0.229216
vt 0.875044 0.220441
vt 0.846062 0.209177
vt 0.854120 0.236605
vt 0.842877 0.245015
vt 0.836516 0.216828
vt 0.826104 0.225214
vt 0.812910 0.236417
vt 0.828308 0.256838
vt 0.798151 0.249377
vt 0.784723 0.226363
vt 0.926294 0.233394
vt 0.926328 0.209150
vt 0.941255 0.226853
vt 0.902446 0.228972
vt 0.914057 0.218798
vt 0.903883 0.254981
vt 0.917619 0.246209
vt 0.892713 0.263368
vt 0.890597 0.238549
vt 0.879532 0.247095
vt 0.882784 0.271164
vt 0.871356 0.280195
vt 0.869453 0.254586
vt 0.857906 0.263262
vt 0.856114 0.292184
vt 0.825339 0.289352
vt 0.842728 0.275201
vt 0.811578 0.272391
vt 0.928907 0.289154
vt 0.926104 0.263094
vt 0.941137 0.277692
vt 0.904680 0.279360
vt 0.915634 0.270966
vt 0.917651 0.297841
vt 0.894965 0.287410
vt 0.907935 0.305783
vt 0.883792 0.296698
vt 0.896841 0.314945
vt 0.868489 0.308656
vt 0.861963 0.337889
vt 0.881426 0.326651
vt 0.850531 0.322101
vt 0.988333 0.320427
vt 0.983055 0.284998
vt 1.000261 0.310782
vt 0.976406 0.330071
vt 0.970849 0.294733
vt 0.957964 0.303560
vt 0.956472 0.273518
vt 0.965850 0.259214
vt 0.962992 0.339258
vt 0.933314 0.321081
vt 0.945115 0.312709
vt 0.949579 0.348444
vt 0.923319 0.328174
vt 0.940333 0.352901
vt 0.912116 0.336400
vt 0.931086 0.357358
vt 0.896549 0.348142
vt 0.913043 0.371234
vt 0.878481 0.361500
vt 0.770546 0.041229
vt 0.743120 0.034482
vt 0.747366 0.020933
vt 0.770216 0.041632
vt 0.773929 0.044910
vt 0.726332 0.044804
vt 0.756959 0.050474
vt 0.748808 0.064665
vt 0.712577 0.011633
vt 0.700969 0.022629
vt 0.724185 0.000636
vt 0.734917 0.075689
vt 0.724535 0.086220
vt 0.713712 0.056535
vt 0.703392 0.067665
vt 0.689641 0.035405
vt 0.715671 0.095396
vt 0.705600 0.105809
vt 0.695153 0.077212
vt 0.685769 0.087827
vt 0.672595 0.057136
vt 0.678313 0.048181
vt 0.692269 0.120186
vt 0.656644 0.119176
vt 0.672214 0.102358
vt 0.634495 0.099658
vt 0.650686 0.082874
vt 0.666877 0.066090
vt 0.761187 0.081731
vt 0.751611 0.091477
vt 0.741626 0.101677
vt 0.732663 0.110690
vt 0.722506 0.121039
vt 0.709035 0.135235
vt 0.693629 0.151944
vt 0.678794 0.138693
vt 0.665626 0.653696
vt 0.666816 0.640799
vt 0.694310 0.644803
vt 0.667322 0.631412
vt 0.638748 0.644146
vt 0.611870 0.634595
vt 0.722994 0.635909
vt 0.667691 0.614265
vt 0.602054 0.613941
vt 0.667969 0.594080
vt 0.743700 0.594872
vt 0.733347 0.615391
vt 0.809005 0.060990
vt 0.831141 0.052425
vt 0.800843 0.046827
vt 0.847845 0.080084
vt 0.813235 0.073661
vt 0.758567 0.048131
vt 0.803528 0.094468
vt 0.746918 0.054631
vt 0.810019 0.084495
vt 0.864549 0.107742
vt 0.862308 0.121096
vt 0.860068 0.134449
vt 0.857108 0.146713
vt 0.854148 0.158976
vt 0.796676 0.104200
vt 0.789851 0.113875
vt 0.736237 0.061702
vt 0.760027 0.275148
vt 0.770218 0.266487
vt 0.787893 0.310437
vt 0.812524 0.307941
vt 0.580515 0.952359
vt 0.588853 0.968087
vt 0.527817 0.968747
vt 0.527656 0.955516
vt 0.941066 0.239262
vt 0.940878 0.251672
vt 0.932826 0.241246
vt 0.931050 0.249521
vt 0.800322 0.070855
vt 0.800173 0.070840
vt 0.800241 0.070774
vt 0.800402 0.071798
vt 0.764047 0.067095
vt 0.775675 0.078384
vt 0.774453 0.068067
vt 0.949325 0.263041
vt 0.940531 0.262062
vt 0.953364 0.255443
vt 0.772334 0.054849
vt 0.764417 0.058047
vt 0.784335 0.077447
vt 0.787278 0.069486
vt 0.829708 0.664051
vt 0.839866 0.659917
vt 0.838942 0.668022
vt 0.844535 0.654650
vt 0.835042 0.654397
vt 0.840376 0.644742
vt 0.850324 0.672686
vt 0.825867 0.703678
vt 0.829987 0.688993
vt 0.834242 0.695441
vt 0.837298 0.683246
vt 0.836138 0.675490
vt 0.829848 0.676522
vt 0.848394 0.642738
vt 0.845782 0.629834
vt 0.833522 0.600291
vt 0.835983 0.610330
vt 0.797044 0.720675
vt 0.786915 0.707328
vt 0.783763 0.719104
vt 0.804330 0.712845
vt 0.026565 0.656508
vt 0.032479 0.643911
vt 0.032628 0.656457
vt 0.020325 0.656578
vt 0.026386 0.644042
vt 0.019742 0.631775
vt 0.026030 0.631529
vt 0.032146 0.631308
vt 0.022393 0.781028
vt 0.029272 0.768725
vt 0.027832 0.781371
vt 0.016954 0.780684
vt 0.023179 0.768343
vt 0.017634 0.755338
vt 0.023924 0.755716
vt 0.030031 0.756047
vt 0.030632 0.743463
vt 0.024568 0.743183
vt 0.018884 0.730460
vt 0.025114 0.730731
vt 0.031145 0.730969
vt 0.031584 0.718537
vt 0.025575 0.718336
vt 0.019763 0.705800
vt 0.025958 0.705979
vt 0.031955 0.706143
vt 0.032260 0.693764
vt 0.026259 0.693641
vt 0.020277 0.681224
vt 0.026473 0.681296
vt 0.032488 0.681372
vt 0.032620 0.668941
vt 0.026584 0.668923
vt 0.031609 0.618657
vt 0.025482 0.618976
vt 0.018424 0.606839
vt 0.024725 0.606393
vt 0.030857 0.605974
vt 0.029846 0.593286
vt 0.023765 0.593790
vt 0.017259 0.581636
vt 0.022710 0.581174
vt 0.028161 0.580712
vt 0.686985 0.578181
vt 0.699893 0.559970
vt 0.702536 0.575535
vt 0.671433 0.580827
vt 0.669404 0.547466
vt 0.634211 0.563791
vt 0.652706 0.580827
vt 0.633979 0.580827
vt 0.634443 0.546754
vt 0.643867 0.511683
vt 0.639155 0.529218
vt 0.673722 0.517246
vt 0.658794 0.514464
vt 0.698002 0.522455
vt 0.685862 0.519850
vt 0.697249 0.544405
vt 0.697626 0.533430
vt 0.127382 0.660176
vt 0.117021 0.645662
vt 0.136664 0.647421
vt 0.112428 0.658293
vt 0.100221 0.644385
vt 0.101099 0.630774
vt 0.119532 0.632426
vt 0.145947 0.634667
vt 0.098349 0.657571
vt 0.087592 0.643772
vt 0.086914 0.657109
vt 0.077781 0.643579
vt 0.087856 0.630149
vt 0.077458 0.656790
vt 0.069127 0.643521
vt 0.061118 0.656470
vt 0.068958 0.656588
vt 0.061182 0.643526
vt 0.069049 0.630293
vt 0.077822 0.630157
vt 0.053780 0.656410
vt 0.046615 0.656395
vt 0.053764 0.643575
vt 0.046270 0.630844
vt 0.053541 0.630637
vt 0.061020 0.630455
vt 0.039415 0.656416
vt 0.046540 0.643663
vt 0.039298 0.643780
vt 0.038993 0.631075
vt 0.113981 0.677944
vt 0.108349 0.669755
vt 0.120682 0.669060
vt 0.106006 0.680863
vt 0.096501 0.670172
vt 0.095259 0.682407
vt 0.086110 0.670081
vt 0.085340 0.682741
vt 0.076975 0.669739
vt 0.068198 0.682139
vt 0.076419 0.682444
vt 0.060888 0.669265
vt 0.068623 0.669457
vt 0.053372 0.681734
vt 0.060557 0.681915
vt 0.046324 0.681586
vt 0.053631 0.669128
vt 0.039210 0.681467
vt 0.046528 0.669035
vt 0.039374 0.668976
vt 0.109458 0.704559
vt 0.119671 0.689286
vt 0.125361 0.700628
vt 0.094955 0.694564
vt 0.106947 0.692442
vt 0.095369 0.706813
vt 0.084724 0.695179
vt 0.084345 0.707520
vt 0.075875 0.694957
vt 0.075431 0.707371
vt 0.067757 0.694670
vt 0.059825 0.706910
vt 0.067359 0.707124
vt 0.052715 0.706708
vt 0.060188 0.694443
vt 0.045722 0.706511
vt 0.053055 0.694244
vt 0.038650 0.706321
vt 0.046045 0.694066
vt 0.038962 0.693905
vt 0.136712 0.729015
vt 0.112122 0.717469
vt 0.131036 0.714821
vt 0.113174 0.730962
vt 0.096057 0.719277
vt 0.096256 0.731983
vt 0.084221 0.719877
vt 0.084135 0.732303
vt 0.075147 0.719779
vt 0.074948 0.732225
vt 0.067045 0.719577
vt 0.059191 0.731888
vt 0.066783 0.732067
vt 0.059497 0.719379
vt 0.052036 0.731685
vt 0.045000 0.731460
vt 0.052378 0.719176
vt 0.037881 0.731215
vt 0.045374 0.718965
vt 0.038290 0.718748
vt 0.119159 0.761271
vt 0.110446 0.745026
vt 0.127935 0.745143
vt 0.106068 0.759216
vt 0.095400 0.744915
vt 0.094030 0.757973
vt 0.083900 0.744830
vt 0.083684 0.757487
vt 0.074758 0.744747
vt 0.066329 0.757328
vt 0.074637 0.757402
vt 0.058590 0.757191
vt 0.066537 0.744630
vt 0.058886 0.744471
vt 0.051300 0.756996
vt 0.044132 0.756731
vt 0.051678 0.744271
vt 0.036880 0.756397
vt 0.044590 0.744030
vt 0.037417 0.743751
vt 0.097418 0.786758
vt 0.110118 0.776039
vt 0.101077 0.790808
vt 0.093758 0.782709
vt 0.101621 0.773110
vt 0.084003 0.782985
vt 0.092972 0.770940
vt 0.074247 0.783262
vt 0.083710 0.770253
vt 0.074607 0.770236
vt 0.066165 0.770206
vt 0.065969 0.783199
vt 0.058281 0.770092
vt 0.050461 0.782923
vt 0.057691 0.783137
vt 0.043230 0.782708
vt 0.050895 0.769900
vt 0.035531 0.782040
vt 0.043631 0.769609
vt 0.036253 0.769178
vt 0.111405 0.605424
vt 0.114754 0.594461
vt 0.126893 0.609360
vt 0.097862 0.603137
vt 0.104796 0.591358
vt 0.095000 0.589271
vt 0.097896 0.577026
vt 0.102616 0.579563
vt 0.086491 0.602611
vt 0.076753 0.603064
vt 0.085109 0.589007
vt 0.075665 0.589640
vt 0.083603 0.575426
vt 0.093176 0.574490
vt 0.067962 0.603608
vt 0.059886 0.604090
vt 0.066981 0.590301
vt 0.058924 0.590887
vt 0.065792 0.577035
vt 0.074031 0.576363
vt 0.052364 0.604541
vt 0.045055 0.605002
vt 0.051422 0.591433
vt 0.043121 0.578902
vt 0.050337 0.578305
vt 0.057554 0.577707
vt 0.037736 0.605497
vt 0.044113 0.592005
vt 0.036771 0.592658
vt 0.035641 0.579807
vt 0.136420 0.622013
vt 0.116863 0.619031
vt 0.100166 0.616973
vt 0.087467 0.616367
vt 0.077478 0.616608
vt 0.068659 0.616962
vt 0.060587 0.617294
vt 0.053076 0.617617
vt 0.045780 0.617952
vt 0.038477 0.618309
vt 0.011835 0.619745
vt 0.011067 0.607395
vt 0.019188 0.619321
vt 0.012406 0.632081
vt 0.004476 0.632427
vt 0.003815 0.620219
vt 0.003154 0.608012
vt 0.010075 0.595034
vt 0.009041 0.582652
vt 0.017519 0.594320
vt 0.001989 0.595840
vt 0.000824 0.583668
vt 0.009430 0.767304
vt 0.010253 0.754846
vt 0.016924 0.767913
vt 0.008623 0.779812
vt 0.000293 0.778940
vt 0.001267 0.766603
vt 0.002242 0.754267
vt 0.018312 0.742862
vt 0.011568 0.730118
vt 0.010964 0.742454
vt 0.002920 0.741990
vt 0.003598 0.729713
vt 0.019366 0.718111
vt 0.012495 0.705575
vt 0.012074 0.717828
vt 0.004091 0.717507
vt 0.004584 0.705300
vt 0.020070 0.693511
vt 0.013031 0.681145
vt 0.012816 0.693355
vt 0.004887 0.693181
vt 0.005191 0.681061
vt 0.020370 0.668918
vt 0.013033 0.656679
vt 0.013102 0.668924
vt 0.005164 0.668939
vt 0.005137 0.656816
vt 0.012797 0.644394
vt 0.020118 0.644196
vt 0.004806 0.644621
vt 0.934386 0.876087
vt 0.928640 0.889369
vt 0.920014 0.881335
vt 0.950644 0.877887
vt 0.939893 0.884077
vt 0.956418 0.888897
vt 0.946315 0.894265
vt 0.936074 0.899641
vt 0.954852 0.860207
vt 0.944294 0.866659
vt 0.969810 0.866283
vt 0.960523 0.871986
vt 0.975680 0.878427
vt 0.966123 0.883736
vt 0.970977 0.896045
vt 0.961083 0.900576
vt 0.981164 0.891674
vt 0.986648 0.904920
vt 0.975393 0.908727
vt 0.964575 0.912563
vt 0.951710 0.905369
vt 0.942849 0.910353
vt 0.954836 0.916100
vt 0.947400 0.917607
vt 0.954808 0.926259
vt 0.943589 0.924401
vt 0.967180 0.924550
vt 0.970042 0.937540
vt 0.952963 0.936452
vt 0.935885 0.935365
vt 0.979824 0.921593
vt 0.992657 0.918321
vt 0.984354 0.934630
vt 0.942482 0.980129
vt 0.928671 0.968392
vt 0.944830 0.966345
vt 0.940134 0.993913
vt 0.928079 0.982034
vt 0.926121 0.996116
vt 0.913801 0.983524
vt 0.914401 0.970138
vt 0.926568 0.955609
vt 0.923058 0.945346
vt 0.940357 0.950855
vt 0.913208 0.958679
vt 0.911337 0.949594
vt 0.900161 0.959418
vt 0.899819 0.950256
vt 0.900272 0.970608
vt 0.887025 0.958771
vt 0.888169 0.949214
vt 0.912108 0.998318
vt 0.899437 0.984120
vt 0.897998 0.999027
vt 0.884893 0.983983
vt 0.885917 0.970129
vt 0.871179 0.969011
vt 0.883888 0.999736
vt 0.870133 0.983197
vt 0.855936 0.997804
vt 0.855184 0.982225
vt 0.855262 0.966122
vt 0.876199 0.947533
vt 0.873779 0.957463
vt 0.862563 0.954294
vt 0.865056 0.946992
vt 0.923643 0.932796
vt 0.910257 0.943176
vt 0.919015 0.939648
vt 0.910485 0.939450
vt 0.915475 0.936545
vt 0.919007 0.932802
vt 0.838965 0.968958
vt 0.842393 0.996400
vt 0.840204 0.981788
vt 0.828849 0.994995
vt 0.825097 0.981107
vt 0.821345 0.967219
vt 0.932572 0.841997
vt 0.949930 0.847838
vt 0.941316 0.853021
vt 0.944779 0.835432
vt 0.960463 0.841503
vt 0.963941 0.854138
vt 0.791949 0.981216
vt 0.798569 0.974177
vt 0.801769 0.980746
vt 0.782128 0.981685
vt 0.790169 0.975904
vt 0.781056 0.975761
vt 0.788848 0.971573
vt 0.796501 0.970552
vt 0.934458 0.916145
vt 0.926242 0.921228
vt 0.925926 0.904814
vt 0.849128 0.945521
vt 0.838353 0.937741
vt 0.851663 0.936155
vt 0.847149 0.952097
vt 0.839628 0.946168
vt 0.832525 0.953121
vt 0.829639 0.946729
vt 0.825044 0.939327
vt 0.849917 0.956479
vt 0.828734 0.957118
vt 0.839475 0.960065
vt 0.840101 0.953567
vt 0.915026 0.910526
vt 0.918200 0.893155
vt 0.907580 0.895914
vt 0.912735 0.883423
vt 0.889517 0.941098
vt 0.899464 0.935248
vt 0.891213 0.936795
vt 0.906188 0.937756
vt 0.903908 0.934806
vt 0.818935 0.949499
vt 0.815777 0.934470
vt 0.822094 0.945191
vt 0.820845 0.934919
vt 0.816212 0.932491
vt 0.816647 0.930512
vt 0.855830 0.946794
vt 0.860836 0.940417
vt 0.854140 0.934999
vt 0.856616 0.933843
vt 0.865219 0.939983
vt 0.865382 0.932974
vt 0.877898 0.936047
vt 0.878793 0.925798
vt 0.870321 0.929124
vt 0.875260 0.925275
vt 0.886770 0.931558
vt 0.882326 0.926321
vt 0.903288 0.901612
vt 0.890626 0.894331
vt 0.891549 0.892697
vt 0.910970 0.913357
vt 0.900371 0.913414
vt 0.906938 0.917415
vt 0.895801 0.913331
vt 0.899150 0.905124
vt 0.890990 0.908792
vt 0.894070 0.910068
vt 0.890978 0.904518
vt 0.889702 0.895965
vt 0.911460 0.933745
vt 0.916101 0.929402
vt 0.907654 0.930961
vt 0.912078 0.927563
vt 0.918918 0.923667
vt 0.911316 0.923326
vt 0.923564 0.871056
vt 0.932273 0.871650
vt 0.921789 0.876196
vt 0.941517 0.867097
vt 0.932541 0.869076
vt 0.938776 0.865229
vt 0.903976 0.876902
vt 0.912077 0.877503
vt 0.902055 0.879102
vt 0.913551 0.873263
vt 0.921570 0.875480
vt 0.900133 0.881301
vt 0.936344 0.857228
vt 0.931171 0.847360
vt 0.937377 0.855550
vt 0.931872 0.844678
vt 0.816926 0.963658
vt 0.816643 0.951002
vt 0.819136 0.965439
vt 0.812780 0.939279
vt 0.813805 0.951210
vt 0.814278 0.936875
vt 0.809169 0.950821
vt 0.806889 0.939999
vt 0.809421 0.960806
vt 0.805413 0.959348
vt 0.804792 0.950502
vt 0.800998 0.940718
vt 0.763016 0.947894
vt 0.775079 0.942487
vt 0.768666 0.951838
vt 0.769530 0.938608
vt 0.781695 0.933268
vt 0.787346 0.937213
vt 0.779809 0.945832
vt 0.774317 0.955783
vt 0.805388 0.968820
vt 0.809348 0.972202
vt 0.802390 0.966314
vt 0.776287 0.957328
vt 0.789316 0.938758
vt 0.782713 0.948005
vt 0.791286 0.940302
vt 0.784910 0.949872
vt 0.778256 0.958873
vt 0.800522 0.964799
vt 0.802921 0.958619
vt 0.795353 0.968303
vt 0.794767 0.966653
vt 0.799255 0.963775
vt 0.801161 0.958356
vt 0.802046 0.950524
vt 0.799202 0.941380
vt 0.800120 0.951065
vt 0.797405 0.942042
vt 0.793775 0.949281
vt 0.793339 0.958254
vt 0.790057 0.955021
vt 0.797599 0.958222
vt 0.796037 0.954737
vt 0.793956 0.962956
vt 0.790711 0.961764
vt 0.785642 0.960171
vt 0.789202 0.964464
vt 0.783107 0.962610
vt 0.794341 0.964879
vt 0.788432 0.966660
vt 0.780572 0.965048
vt 0.787288 0.952215
vt 0.781949 0.959522
vt 0.792531 0.944792
vt 0.797964 0.962662
vt 0.796134 0.960958
vt 0.799412 0.958289
vt 0.795590 0.945662
vt 0.798234 0.952458
vt 0.780278 0.967443
vt 0.788323 0.968775
vt 0.462018 0.319080
vt 0.455433 0.343499
vt 0.457044 0.317075
vt 0.453816 0.368827
vt 0.458789 0.344645
vt 0.455560 0.370211
vt 0.453759 0.356566
vt 0.452071 0.367444
vt 0.455447 0.345689
vt 0.453759 0.330380
vt 0.452071 0.315071
vt 0.889174 0.916227
vt 0.886173 0.926260
vt 0.891959 0.918932
vt 0.881348 0.921537
vt 0.886648 0.913650
vt 0.833676 0.928670
vt 0.849605 0.929079
vt 0.850705 0.926827
vt 0.835225 0.932000
vt 0.836774 0.935329
vt 0.848504 0.931332
vt 0.883973 0.910424
vt 0.876712 0.919316
vt 0.880888 0.906530
vt 0.888693 0.931527
vt 0.900347 0.925128
vt 0.895894 0.921781
vt 0.904377 0.928166
vt 0.460516 0.542341
vt 0.456882 0.623004
vt 0.415572 0.581918
vt 0.498946 0.583903
vt 0.496393 0.666047
vt 0.421964 0.654312
vt 0.370628 0.621494
vt 0.487555 0.446618
vt 0.479128 0.481015
vt 0.464458 0.453304
vt 0.506708 0.459759
vt 0.503953 0.512765
vt 0.441740 0.496821
vt 0.430715 0.460438
vt 0.536263 0.480756
vt 0.538833 0.546150
vt 0.573521 0.506631
vt 0.578947 0.580311
vt 0.540590 0.622264
vt 0.179023 0.581601
vt 0.185532 0.520496
vt 0.226678 0.549976
vt 0.114903 0.583128
vt 0.151781 0.550957
vt 0.079966 0.543048
vt 0.120102 0.511590
vt 0.154607 0.487153
vt 0.247345 0.504099
vt 0.223034 0.457554
vt 0.258943 0.464168
vt 0.209208 0.489673
vt 0.181503 0.465688
vt 0.199054 0.449436
vt 0.347254 0.509886
vt 0.301859 0.466456
vt 0.347331 0.465981
vt 0.292589 0.545272
vt 0.295840 0.508870
vt 0.396712 0.505774
vt 0.391031 0.464373
vt 0.404886 0.553148
vt 0.105570 0.203745
vt 0.054256 0.243381
vt 0.058213 0.191358
vt 0.103070 0.248702
vt 0.056052 0.300053
vt 0.002661 0.304095
vt 0.002568 0.237463
vt 0.002475 0.170830
vt 0.107776 0.348545
vt 0.104860 0.298979
vt 0.115124 0.397120
vt 0.061364 0.354824
vt 0.072249 0.408609
vt 0.011859 0.362615
vt 0.185386 0.188435
vt 0.166800 0.161241
vt 0.185836 0.171733
vt 0.185779 0.216667
vt 0.154055 0.182476
vt 0.148040 0.212647
vt 0.116283 0.169486
vt 0.135695 0.142947
vt 0.147994 0.253297
vt 0.189014 0.255491
vt 0.149829 0.299181
vt 0.190943 0.342115
vt 0.191757 0.299259
vt 0.190379 0.383309
vt 0.150266 0.344584
vt 0.153239 0.388653
vt 0.194023 0.421951
vt 0.163382 0.430671
vt 0.130802 0.444766
vt 0.092672 0.462327
vt 0.050511 0.482091
vt 0.021057 0.421134
vt 0.095929 0.116923
vt 0.072393 0.150884
vt 0.024175 0.128729
vt 0.045875 0.086627
vt 0.570834 0.112002
vt 0.588110 0.038633
vt 0.620538 0.075812
vt 0.527038 0.139159
vt 0.539203 0.079031
vt 0.496073 0.113255
vt 0.508562 0.054124
vt 0.555682 0.001453
vt 0.492900 0.157880
vt 0.472855 0.168608
vt 0.466461 0.140083
vt 0.450962 0.161835
vt 0.433587 0.126143
vt 0.457260 0.089240
vt 0.405440 0.083386
vt 0.421829 0.153704
vt 0.393485 0.115429
vt 0.386915 0.146454
vt 0.343845 0.110429
vt 0.353503 0.062519
vt 0.277044 0.087039
vt 0.288269 0.148404
vt 0.282961 0.118506
vt 0.237931 0.157011
vt 0.226617 0.131269
vt 0.209754 0.095256
vt 0.189077 0.145364
vt 0.164326 0.119630
vt 0.204658 0.165466
vt 0.166127 0.058722
vt 0.089767 0.044040
vt 0.133658 0.001453
vt 0.129164 0.085194
vt 0.420879 0.209897
vt 0.394531 0.250058
vt 0.388071 0.205278
vt 0.425480 0.252404
vt 0.402327 0.301848
vt 0.364547 0.247133
vt 0.352175 0.192414
vt 0.314111 0.249457
vt 0.303470 0.205032
vt 0.364067 0.247249
vt 0.325331 0.301241
vt 0.274703 0.300397
vt 0.267487 0.251495
vt 0.257539 0.209887
vt 0.448631 0.184111
vt 0.478731 0.186231
vt 0.453073 0.213396
vt 0.418579 0.179020
vt 0.485241 0.210283
vt 0.459325 0.254844
vt 0.494488 0.256837
vt 0.465735 0.302617
vt 0.427734 0.301843
vt 0.562440 0.838433
vt 0.554568 0.835221
vt 0.556660 0.830052
vt 0.559416 0.842629
vt 0.550166 0.839198
vt 0.547592 0.832767
vt 0.551225 0.829599
vt 0.553504 0.827312
vt 0.491232 0.428566
vt 0.458893 0.406903
vt 0.493631 0.408440
vt 0.459539 0.429118
vt 0.425670 0.431004
vt 0.424155 0.405365
vt 0.388627 0.431550
vt 0.388194 0.403992
vt 0.348992 0.430300
vt 0.352232 0.402619
vt 0.313123 0.388114
vt 0.307541 0.426855
vt 0.266399 0.423447
vt 0.271410 0.382266
vt 0.229954 0.380972
vt 0.228070 0.420911
vt 0.232174 0.340509
vt 0.232159 0.298506
vt 0.274914 0.341283
vt 0.227202 0.254106
vt 0.220060 0.214669
vt 0.213443 0.186343
vt 0.247770 0.180472
vt 0.342586 0.143773
vt 0.294845 0.174531
vt 0.344545 0.171058
vt 0.385230 0.173829
vt 0.678114 0.182566
vt 0.636311 0.251503
vt 0.622377 0.199723
vt 0.690552 0.244623
vt 0.641402 0.305408
vt 0.589837 0.304934
vt 0.585553 0.256387
vt 0.573297 0.211098
vt 0.702990 0.306680
vt 0.636034 0.358944
vt 0.675800 0.428192
vt 0.689395 0.367436
vt 0.622717 0.410938
vt 0.586629 0.353463
vt 0.601401 0.460985
vt 0.646552 0.483275
vt 0.560010 0.442821
vt 0.577510 0.395414
vt 0.535571 0.401927
vt 0.523793 0.432589
vt 0.544065 0.305030
vt 0.542019 0.354107
vt 0.536367 0.403224
vt 0.500240 0.357318
vt 0.505257 0.303602
vt 0.539038 0.258011
vt 0.528266 0.215825
vt 0.495249 0.256942
vt 0.512930 0.182741
vt 0.553248 0.171713
vt 0.599453 0.152901
vt 0.649326 0.129189
vt 0.364561 0.352013
vt 0.319525 0.345390
vt 0.325796 0.300902
vt 0.376889 0.301407
vt 0.526839 0.858517
vt 0.530142 0.840024
vt 0.534649 0.844840
vt 0.520054 0.834347
vt 0.520469 0.845704
vt 0.529572 0.833290
vt 0.536305 0.835582
vt 0.538018 0.838750
vt 0.542601 0.836283
vt 0.538592 0.829626
vt 0.541356 0.832116
vt 0.543784 0.826165
vt 0.545866 0.828944
vt 0.549626 0.825852
vt 0.548761 0.822395
vt 0.552957 0.823309
vt 0.556392 0.846824
vt 0.542467 0.843345
vt 0.541616 0.852671
vt 0.561613 0.820798
vt 0.554163 0.815051
vt 0.559867 0.800480
vt 0.556681 0.821531
vt 0.552142 0.820070
vt 0.544635 0.809109
vt 0.540192 0.822532
vt 0.533833 0.817621
vt 0.547750 0.817031
vt 0.525082 0.825507
vt 0.533482 0.827723
vt 0.534867 0.832588
vt 0.404829 0.785745
vt 0.410024 0.820767
vt 0.370829 0.807204
vt 0.438829 0.764285
vt 0.429071 0.793584
vt 0.454093 0.769862
vt 0.452499 0.801345
vt 0.438082 0.824611
vt 0.463886 0.829150
vt 0.472796 0.780554
vt 0.475281 0.809635
vt 0.491984 0.792191
vt 0.495885 0.817088
vt 0.486971 0.833269
vt 0.505852 0.834777
vt 0.509556 0.802887
vt 0.512601 0.822242
vt 0.523660 0.811269
vt 0.461502 0.725930
vt 0.497635 0.720799
vt 0.476810 0.742385
vt 0.511613 0.740347
vt 0.492856 0.758146
vt 0.526262 0.758734
vt 0.509258 0.773819
vt 0.524356 0.788157
vt 0.539679 0.775692
vt 0.536483 0.799762
vt 0.550589 0.789597
vt 0.189849 0.935039
vt 0.176547 0.907689
vt 0.187086 0.896264
vt 0.192611 0.973814
vt 0.176029 0.938489
vt 0.176119 0.969394
vt 0.159781 0.941519
vt 0.166008 0.919115
vt 0.142166 0.926042
vt 0.159627 0.964974
vt 0.138419 0.943367
vt 0.134574 0.961267
vt 0.117445 0.942912
vt 0.118325 0.932969
vt 0.104131 0.928975
vt 0.100179 0.947832
vt 0.102507 0.938168
vt 0.090836 0.938105
vt 0.090387 0.931543
vt 0.089938 0.924981
vt 0.462948 0.950927
vt 0.443664 0.920267
vt 0.472215 0.934678
vt 0.421217 0.939989
vt 0.417935 0.897415
vt 0.445387 0.883270
vt 0.465277 0.903872
vt 0.487197 0.916658
vt 0.485774 0.891353
vt 0.502523 0.899183
vt 0.470367 0.877099
vt 0.492139 0.881558
vt 0.503381 0.879951
vt 0.516494 0.882382
vt 0.516409 0.864778
vt 0.528479 0.866125
vt 0.502628 0.863303
vt 0.513116 0.845047
vt 0.527471 0.847959
vt 0.541825 0.850871
vt 0.375158 0.868128
vt 0.379485 0.929051
vt 0.406742 0.859637
vt 0.435549 0.854273
vt 0.462321 0.853596
vt 0.486082 0.854313
vt 0.505531 0.851116
vt 0.509489 0.870038
vt 0.484103 0.969809
vt 0.508003 0.953768
vt 0.505257 0.988691
vt 0.493202 0.946447
vt 0.503613 0.924096
vt 0.514637 0.927900
vt 0.514883 0.902813
vt 0.523092 0.904466
vt 0.526019 0.883411
vt 0.532323 0.884017
vt 0.536342 0.866521
vt 0.541496 0.867276
vt 0.546405 0.851026
vt 0.550985 0.851180
vt 0.585017 0.671781
vt 0.550286 0.679345
vt 0.594400 0.659011
vt 0.521637 0.712342
vt 0.553327 0.692062
vt 0.519209 0.698824
vt 0.543979 0.666908
vt 0.603783 0.646241
vt 0.525926 0.949651
vt 0.522020 0.929737
vt 0.525564 0.932745
vt 0.526287 0.966557
vt 0.518086 0.953305
vt 0.515772 0.977624
vt 0.517497 0.716608
vt 0.533649 0.721186
vt 0.529256 0.733120
vt 0.484175 0.687575
vt 0.556742 0.863038
vt 0.545307 0.869843
vt 0.553863 0.857109
vt 0.548549 0.872973
vt 0.536855 0.885191
vt 0.540356 0.882908
vt 0.528746 0.906117
vt 0.532960 0.907827
vt 0.574629 0.766228
vt 0.565401 0.782959
vt 0.555827 0.768553
vt 0.580771 0.778487
vt 0.573390 0.795613
vt 0.545662 0.730029
vt 0.543157 0.751152
vt 0.560145 0.748128
vt 0.576029 0.820565
vt 0.567407 0.822586
vt 0.567948 0.810522
vt 0.573554 0.825461
vt 0.566760 0.834395
vt 0.411977 0.691559
vt 0.417891 0.688819
vt 0.427997 0.700000
vt 0.416812 0.682163
vt 0.402851 0.679786
vt 0.393726 0.668013
vt 0.452196 0.709829
vt 0.306533 0.567170
vt 0.341050 0.566856
vt 0.332843 0.569758
vt 0.280222 0.564583
vt 0.297701 0.560915
vt 0.253450 0.557280
vt 0.349256 0.563955
vt 0.251728 0.603343
vt 0.245229 0.571756
vt 0.263779 0.593536
vt 0.239677 0.613150
vt 0.242070 0.586591
vt 0.224551 0.588389
vt 0.036414 0.940974
vt 0.045630 0.947891
vt 0.037440 0.950693
vt 0.051173 0.952115
vt 0.047658 0.940705
vt 0.066505 0.940042
vt 0.041947 0.959171
vt 0.054054 0.958406
vt 0.049167 0.966246
vt 0.061854 0.956506
vt 0.057203 0.972969
vt 0.064187 0.958859
vt 0.067094 0.968589
vt 0.067727 0.951991
vt 0.057505 0.955148
vt 0.057807 0.937327
vt 0.077648 0.966656
vt 0.077298 0.910134
vt 0.064463 0.914704
vt 0.066707 0.908489
vt 0.058416 0.916864
vt 0.067062 0.919462
vt 0.060784 0.925991
vt 0.056048 0.907737
vt 0.827940 0.637542
vt 0.802882 0.641341
vt 0.826810 0.626169
vt 0.826314 0.669285
vt 0.827127 0.653413
vt 0.781747 0.667466
vt 0.804031 0.668375
vt 0.777806 0.642347
vt 0.779777 0.654907
vt 0.777806 0.616614
vt 0.777806 0.629480
vt 0.825681 0.614795
vt 0.801743 0.615704
vt 0.059439 0.916189
vt 0.047104 0.914540
vt 0.056000 0.926193
vt 0.051492 0.920534
vt 0.052118 0.928278
vt 0.046420 0.925831
vt 0.039564 0.922300
vt 0.036585 0.931264
vt 0.046225 0.932726
vt 0.055382 0.932840
vt 0.028658 0.940503
vt 0.029676 0.952659
vt 0.034270 0.964197
vt 0.022632 0.953794
vt 0.023102 0.938275
vt 0.045116 0.973405
vt 0.058109 0.978645
vt 0.041601 0.980412
vt 0.022162 0.969313
vt 0.080581 0.973038
vt 0.069726 0.977200
vt 0.083513 0.979419
vt 0.072276 0.985465
vt 0.061039 0.991512
vt 0.080406 0.903841
vt 0.057081 0.901206
vt 0.069123 0.900921
vt 0.059945 0.887021
vt 0.071729 0.892284
vt 0.083513 0.897548
vt 0.043853 0.908404
vt 0.033071 0.918738
vt 0.021736 0.916168
vt 0.040840 0.901594
vt 0.029040 0.929348
vt 0.022419 0.927222
vt 0.062830 0.924640
vt 0.059118 0.930758
vt 0.064667 0.932341
vt 0.066610 0.926338
vt 0.061672 0.934150
vt 0.069929 0.926222
vt 0.062560 0.942309
vt 0.406966 0.664671
vt 0.387559 0.650400
vt 0.376768 0.643790
vt 0.367214 0.630434
vt 0.378763 0.653694
vt 0.363800 0.639374
vt 0.150145 0.623487
vt 0.149998 0.623366
vt 0.149992 0.623347
vt 0.150008 0.623404
vt 0.150076 0.623445
vt 0.149924 0.623306
vt 0.149840 0.623207
vt 0.196251 0.615931
vt 0.189953 0.602357
vt 0.187473 0.629409
vt 0.203397 0.623928
vt 0.218657 0.636542
vt 0.229167 0.624846
vt 0.401819 0.044055
vt 0.452481 0.054978
vt 0.450135 0.025592
vt 0.419213 0.061378
vt 0.191902 0.014549
vt 0.250145 0.027646
vt 0.195574 0.044739
vt 0.230207 0.059159
vt 0.269118 0.064755
vt 0.301824 0.045082
vt 0.486980 0.041221
vt 0.502908 0.013522
vt 0.170064 0.712347
vt 0.181089 0.695831
vt 0.183605 0.706351
vt 0.170064 0.696680
vt 0.182174 0.685642
vt 0.188908 0.688201
vt 0.190350 0.694373
vt 0.193114 0.702119
vt 0.193217 0.733705
vt 0.189719 0.715328
vt 0.198072 0.721503
vt 0.181641 0.723026
vt 0.197032 0.709403
vt 0.200685 0.714722
vt 0.203975 0.705765
vt 0.206851 0.713400
vt 0.200920 0.698669
vt 0.209623 0.703268
vt 0.214524 0.710165
vt 0.197884 0.691615
vt 0.194076 0.684551
vt 0.204761 0.688383
vt 0.208105 0.695584
vt 0.213749 0.690902
vt 0.201242 0.680616
vt 0.211569 0.685191
vt 0.215047 0.676352
vt 0.218595 0.681509
vt 0.221693 0.689211
vt 0.414840 0.325554
vt 0.420946 0.323279
vt 0.420594 0.326965
vt 0.414766 0.315647
vt 0.414853 0.320814
vt 0.427805 0.325033
vt 0.427234 0.326480
vt 0.426664 0.327927
vt 0.225853 0.695895
vt 0.233616 0.705335
vt 0.225737 0.702637
vt 0.232018 0.684430
vt 0.234707 0.694889
vt 0.245554 0.678283
vt 0.245804 0.694012
vt 0.246053 0.709741
vt 0.225887 0.675561
vt 0.217576 0.669629
vt 0.233838 0.667893
vt 0.209369 0.734064
vt 0.208417 0.722849
vt 0.219031 0.720442
vt 0.225520 0.734423
vt 0.227847 0.714173
vt 0.235787 0.722082
vt 0.221891 0.708004
vt 0.188138 0.677336
vt 0.180496 0.669410
vt 0.190929 0.657808
vt 0.196979 0.671197
vt 0.208912 0.677822
vt 0.207420 0.668615
vt 0.206525 0.657656
vt 0.217478 0.702772
vt 0.215423 0.705038
vt 0.216005 0.704217
vt 0.218952 0.701326
vt 0.218902 0.704513
vt 0.220986 0.701359
vt 0.216538 0.698161
vt 0.217500 0.693878
vt 0.220289 0.697096
vt 0.214123 0.694995
vt 0.213799 0.694093
vt 0.212588 0.695677
vt 0.211426 0.696923
vt 0.211053 0.696360
vt 0.212400 0.701523
vt 0.213529 0.700289
vt 0.425584 0.332630
vt 0.429209 0.337017
vt 0.427151 0.338004
vt 0.428607 0.332477
vt 0.428272 0.328005
vt 0.430574 0.332056
vt 0.431267 0.336029
vt 0.416914 0.348483
vt 0.421457 0.341699
vt 0.423105 0.346036
vt 0.414600 0.337820
vt 0.415314 0.342807
vt 0.428152 0.340348
vt 0.429154 0.342692
vt 0.414607 0.331667
vt 0.420573 0.337581
vt 0.420306 0.332207
vt 0.419447 0.356893
vt 0.428793 0.359395
vt 0.423051 0.368297
vt 0.425691 0.352126
vt 0.431844 0.346593
vt 0.434535 0.350494
vt 0.382304 0.369760
vt 0.395257 0.362002
vt 0.394827 0.373114
vt 0.386490 0.353044
vt 0.384397 0.361402
vt 0.395798 0.352655
vt 0.405080 0.361866
vt 0.407349 0.376469
vt 0.415200 0.372383
vt 0.404324 0.351403
vt 0.412823 0.360061
vt 0.388057 0.343197
vt 0.396186 0.332737
vt 0.396456 0.340077
vt 0.387045 0.333996
vt 0.395315 0.325885
vt 0.403510 0.325227
vt 0.404014 0.331770
vt 0.404038 0.338614
vt 0.409602 0.338034
vt 0.409600 0.324970
vt 0.409664 0.331441
vt 0.387274 0.348120
vt 0.396232 0.346047
vt 0.404059 0.344443
vt 0.411029 0.350129
vt 0.409985 0.343539
vt 0.386032 0.324794
vt 0.393699 0.321717
vt 0.384168 0.323010
vt 0.391747 0.318908
vt 0.401189 0.316592
vt 0.402235 0.320545
vt 0.408944 0.320099
vt 0.407977 0.316119
vt 0.295977 0.784032
vt 0.306184 0.749636
vt 0.301963 0.784765
vt 0.300283 0.748846
vt 0.309912 0.717019
vt 0.315593 0.717991
vt 0.312091 0.750559
vt 0.307955 0.785498
vt 0.318029 0.751613
vt 0.313965 0.786234
vt 0.321381 0.719145
vt 0.327340 0.720468
vt 0.324041 0.752790
vt 0.320026 0.786976
vt 0.330170 0.754084
vt 0.326181 0.787729
vt 0.333484 0.721983
vt 0.339649 0.723878
vt 0.336440 0.755496
vt 0.332491 0.788501
vt 0.342894 0.756963
vt 0.338979 0.789295
vt 0.345855 0.726080
vt 0.353747 0.726469
vt 0.349591 0.758277
vt 0.345434 0.790085
vt 0.250156 0.746108
vt 0.252974 0.778769
vt 0.246519 0.777979
vt 0.253793 0.714236
vt 0.256972 0.746448
vt 0.261546 0.715762
vt 0.263589 0.746580
vt 0.259462 0.779564
vt 0.265772 0.780336
vt 0.268100 0.715122
vt 0.270014 0.746722
vt 0.274540 0.714770
vt 0.276275 0.746944
vt 0.271928 0.781089
vt 0.277988 0.781831
vt 0.280868 0.714781
vt 0.282393 0.747251
vt 0.286970 0.714934
vt 0.288410 0.747661
vt 0.283998 0.782566
vt 0.289990 0.783300
vt 0.292866 0.715210
vt 0.294365 0.748190
vt 0.298613 0.715637
vt 0.304274 0.716235
vt 0.313080 0.687814
vt 0.307838 0.687109
vt 0.316775 0.656401
vt 0.322030 0.657177
vt 0.318433 0.688646
vt 0.324018 0.689599
vt 0.327600 0.658046
vt 0.333565 0.658982
vt 0.329913 0.690654
vt 0.336070 0.691924
vt 0.339828 0.660146
vt 0.345645 0.662443
vt 0.341967 0.694046
vt 0.347082 0.697602
vt 0.349940 0.667116
vt 0.349237 0.678082
vt 0.351492 0.702276
vt 0.261816 0.691301
vt 0.269839 0.668366
vt 0.267223 0.687829
vt 0.271802 0.657553
vt 0.273045 0.685611
vt 0.277096 0.654054
vt 0.279279 0.684974
vt 0.283295 0.653228
vt 0.285561 0.685226
vt 0.289655 0.653608
vt 0.291536 0.685623
vt 0.295670 0.654138
vt 0.297186 0.686045
vt 0.301284 0.654638
vt 0.302582 0.686529
vt 0.306571 0.655152
vt 0.316457 0.616688
vt 0.311679 0.655726
vt 0.321863 0.572513
vt 0.321984 0.617512
vt 0.328137 0.573837
vt 0.327643 0.618563
vt 0.334411 0.575161
vt 0.333601 0.619879
vt 0.341091 0.577486
vt 0.339888 0.621372
vt 0.347771 0.579811
vt 0.346450 0.623169
vt 0.354843 0.582897
vt 0.352712 0.625808
vt 0.358081 0.629878
vt 0.368875 0.589189
vt 0.375834 0.592395
vt 0.362535 0.635239
vt 0.267265 0.623579
vt 0.264691 0.578793
vt 0.272880 0.619451
vt 0.272218 0.577360
vt 0.279073 0.616796
vt 0.287353 0.574637
vt 0.285786 0.615745
vt 0.294960 0.573348
vt 0.292588 0.615583
vt 0.299050 0.615651
vt 0.302004 0.572702
vt 0.309048 0.572057
vt 0.305149 0.615810
vt 0.310894 0.616155
vt 0.315455 0.572285
vt 0.270090 0.995551
vt 0.281059 0.951910
vt 0.276498 0.995780
vt 0.275496 0.951377
vt 0.285382 0.912913
vt 0.290669 0.913427
vt 0.286804 0.952255
vt 0.282906 0.996008
vt 0.292903 0.952414
vt 0.289949 0.995363
vt 0.296284 0.913927
vt 0.302299 0.914457
vt 0.299365 0.952482
vt 0.296993 0.994717
vt 0.306167 0.952320
vt 0.304601 0.993428
vt 0.308658 0.914838
vt 0.312880 0.951269
vt 0.312208 0.992139
vt 0.319735 0.990706
vt 0.314857 0.914011
vt 0.319073 0.948614
vt 0.320152 0.910512
vt 0.324688 0.944486
vt 0.327262 0.989272
vt 0.216119 0.975670
vt 0.233872 0.938187
vt 0.223078 0.978876
vt 0.229418 0.932826
vt 0.242014 0.900949
vt 0.246308 0.905621
vt 0.239242 0.942257
vt 0.230037 0.982082
vt 0.237110 0.985168
vt 0.252125 0.907919
vt 0.245503 0.944896
vt 0.252065 0.946693
vt 0.244182 0.988254
vt 0.250862 0.990579
vt 0.258388 0.909083
vt 0.258353 0.948186
vt 0.264354 0.910019
vt 0.264310 0.949502
vt 0.257542 0.992904
vt 0.263816 0.994228
vt 0.269923 0.910888
vt 0.269969 0.950553
vt 0.275178 0.911664
vt 0.284115 0.880956
vt 0.280274 0.912338
vt 0.287679 0.851830
vt 0.289371 0.881536
vt 0.293340 0.852428
vt 0.294767 0.882020
vt 0.299087 0.852855
vt 0.300417 0.882442
vt 0.304983 0.853131
vt 0.306392 0.882839
vt 0.311085 0.853284
vt 0.312674 0.883091
vt 0.317413 0.853295
vt 0.318909 0.882454
vt 0.323853 0.852943
vt 0.324730 0.880236
vt 0.330407 0.852303
vt 0.330137 0.876764
vt 0.322114 0.899699
vt 0.242716 0.889982
vt 0.244872 0.870463
vt 0.240461 0.865789
vt 0.246099 0.841985
vt 0.252304 0.844187
vt 0.249986 0.874019
vt 0.255883 0.876141
vt 0.258470 0.846082
vt 0.264614 0.847597
vt 0.262041 0.877411
vt 0.267935 0.878466
vt 0.270572 0.848919
vt 0.276361 0.850074
vt 0.273520 0.879419
vt 0.278873 0.880251
vt 0.282041 0.851045
vt 0.291670 0.819219
vt 0.297588 0.819875
vt 0.303543 0.820404
vt 0.309560 0.820813
vt 0.315679 0.821121
vt 0.321939 0.821343
vt 0.328364 0.821485
vt 0.334981 0.821617
vt 0.341797 0.821957
vt 0.338160 0.853829
vt 0.238206 0.841596
vt 0.249060 0.811101
vt 0.242363 0.809788
vt 0.255513 0.812569
vt 0.261783 0.813981
vt 0.267912 0.815275
vt 0.273924 0.816452
vt 0.279862 0.817505
vt 0.285769 0.818429
vt 0.181506 0.653619
vt 0.175332 0.634225
vt 0.200081 0.645080
vt 0.165757 0.638511
vt 0.432348 0.727492
vt 0.431271 0.709875
vt 0.442272 0.718661
vt 0.419336 0.711931
vt 0.402818 0.717670
vt 0.388612 0.712264
vt 0.398798 0.730231
vt 0.365248 0.732969
vt 0.867786 0.430845
vt 0.868416 0.416821
vt 0.880383 0.392268
vt 0.891090 0.394429
vt 0.871927 0.434760
vt 0.899373 0.402259
vt 0.886791 0.433938
vt 0.906793 0.417076
vt 0.826389 0.401617
vt 0.839176 0.402217
vt 0.829532 0.386727
vt 0.857760 0.377841
vt 0.845894 0.411064
vt 0.849699 0.399686
vt 0.868712 0.391232
vt 0.863236 0.384536
vt 0.939522 0.564947
vt 0.912079 0.580922
vt 0.914836 0.604098
vt 0.881387 0.598606
vt 0.858770 0.638159
vt 0.840016 0.707422
vt 0.838273 0.760828
vt 0.868611 0.782353
vt 0.635614 0.919528
vt 0.653524 0.939890
vt 0.674375 0.930643
vt 0.694785 0.922358
vt 0.714858 0.913842
vt 0.636217 0.840826
vt 0.658824 0.836744
vt 0.700210 0.818792
vt 0.684967 0.771807
vt 0.717169 0.864825
vt 0.736344 0.855167
vt 0.719845 0.809935
vt 0.740759 0.802798
vt 0.725985 0.756698
vt 0.762093 0.795647
vt 0.783289 0.787830
vt 0.798995 0.832989
vt 0.787697 0.728517
vt 0.805125 0.736451
vt 0.837323 0.815148
vt 0.854372 0.801714
vt 0.628940 0.744171
vt 0.606627 0.750737
vt 0.651925 0.736855
vt 0.715262 0.717542
vt 0.737018 0.712119
vt 0.758322 0.706434
vt 0.775999 0.701989
vt 0.791607 0.713678
vt 0.784800 0.700948
vt 0.710103 0.453878
vt 0.745166 0.457025
vt 0.736012 0.437526
vt 0.718058 0.474409
vt 0.725749 0.495878
vt 0.762928 0.496781
vt 0.735168 0.514996
vt 0.746639 0.532248
vt 0.760529 0.548360
vt 0.787871 0.530127
vt 0.775456 0.564078
vt 0.802393 0.546133
vt 0.789961 0.579550
vt 0.816282 0.562579
vt 0.802194 0.592628
vt 0.828425 0.581120
vt 0.809312 0.599237
vt 0.806925 0.416074
vt 0.826924 0.450130
vt 0.795892 0.474411
vt 0.807918 0.491787
vt 0.821700 0.508772
vt 0.849134 0.543060
vt 0.882784 0.523917
vt 0.861560 0.560721
vt 0.873516 0.578245
vt 0.904454 0.560869
vt 0.811520 0.342171
vt 0.793540 0.367886
vt 0.836060 0.382178
vt 0.884600 0.450086
vt 0.891224 0.468956
vt 0.901642 0.488139
vt 0.911730 0.507617
vt 0.931249 0.545606
vt 0.850323 0.846683
vt 0.867943 0.835273
vt 0.778147 0.840706
vt 0.812145 0.866423
vt 0.752629 0.893804
vt 0.733735 0.903642
vt 0.844660 0.429232
vt 0.856899 0.425463
vt 0.883629 0.820947
vt 0.748495 0.406646
vt 0.765891 0.388960
vt 0.700114 0.437559
vt 0.613314 0.836680
vt 0.609782 0.909316
vt 0.560222 0.932335
vt 0.572337 0.939499
vt 0.761806 0.342247
vt 0.767739 0.313221
vt 0.767685 0.366960
vt 0.782309 0.342111
vt 0.821662 0.115434
vt 0.804258 0.093641
vt 0.801272 0.076687
vt 0.793340 0.108522
vt 0.791088 0.083663
vt 0.777488 0.092134
vt 0.766724 0.105438
vt 0.756726 0.115816
vt 0.788985 0.148015
vt 0.763505 0.139992
vt 0.780337 0.156920
vt 0.747872 0.124853
vt 0.737839 0.135286
vt 0.753646 0.150416
vt 0.770687 0.167034
vt 0.757503 0.180449
vt 0.724381 0.149377
vt 0.740259 0.164411
vt 0.724479 0.180588
vt 0.840127 0.136714
vt 0.828922 0.147029
vt 0.848484 0.168333
vt 0.837157 0.178585
vt 0.817623 0.157536
vt 0.798576 0.175884
vt 0.817603 0.196185
vt 0.807971 0.204906
vt 0.795976 0.215918
vt 0.898262 0.200530
vt 0.868245 0.189973
vt 0.856816 0.200060
vt 0.875044 0.220441
vt 0.846062 0.209177
vt 0.854120 0.236605
vt 0.836516 0.216828
vt 0.826104 0.225214
vt 0.842877 0.245015
vt 0.812910 0.236417
vt 0.914057 0.218798
vt 0.917619 0.246209
vt 0.903883 0.254981
vt 0.890597 0.238549
vt 0.879532 0.247095
vt 0.892713 0.263368
vt 0.882784 0.271164
vt 0.869453 0.254586
vt 0.857906 0.263262
vt 0.871356 0.280195
vt 0.842728 0.275201
vt 0.839100 0.306313
vt 0.928907 0.289154
vt 0.941137 0.277692
vt 0.904680 0.279360
vt 0.917651 0.297841
vt 0.894965 0.287410
vt 0.907935 0.305783
vt 0.883792 0.296698
vt 0.868489 0.308656
vt 0.970849 0.294733
vt 0.957964 0.303560
vt 0.945115 0.312709
vt 0.912116 0.336400
vt 0.896548 0.348142
vt 0.894999 0.385110
vt 0.743120 0.034482
vt 0.773929 0.044910
vt 0.712577 0.011633
vt 0.726332 0.044804
vt 0.756959 0.050474
vt 0.748808 0.064665
vt 0.734917 0.075689
vt 0.713712 0.056535
vt 0.715671 0.095396
vt 0.695153 0.077212
vt 0.685769 0.087827
vt 0.705600 0.105809
vt 0.692269 0.120186
vt 0.761187 0.081731
vt 0.751611 0.091477
vt 0.732663 0.110690
vt 0.722506 0.121039
vt 0.709035 0.135235
vt 0.837089 0.746285
vt 0.824179 0.745230
vt 0.827820 0.773262
vt 0.814788 0.744822
vt 0.827895 0.717696
vt 0.818702 0.689106
vt 0.818551 0.800238
vt 0.797638 0.744633
vt 0.798001 0.810270
vt 0.777451 0.668831
vt 0.777451 0.744566
vt 0.777451 0.820301
vt 0.809005 0.060990
vt 0.813235 0.073661
vt 0.810019 0.084495
vt 0.796676 0.104200
vt 0.787893 0.310437
vt 0.580515 0.952359
vt 0.932826 0.241246
vt 0.931050 0.249521
vt 0.764047 0.067095
vt 0.775675 0.078384
vt 0.949325 0.263041
vt 0.940531 0.262062
vt 0.764417 0.058047
vt 0.784335 0.077447
vt 0.844535 0.654650
vt 0.838942 0.668022
vt 0.837298 0.683246
vt 0.836138 0.675490
vt 0.848394 0.642738
vt 0.833522 0.600291
vt 0.797044 0.720675
vt 0.032651 0.644202
vt 0.026731 0.656797
vt 0.032795 0.656748
vt 0.026207 0.631818
vt 0.026557 0.644331
vt 0.019919 0.632061
vt 0.020290 0.644482
vt 0.020492 0.656864
vt 0.029391 0.769014
vt 0.022507 0.781314
vt 0.027946 0.781660
vt 0.024049 0.756003
vt 0.023298 0.768630
vt 0.017759 0.755623
vt 0.017044 0.768198
vt 0.017068 0.780969
vt 0.030762 0.743754
vt 0.030155 0.756337
vt 0.025249 0.731019
vt 0.024698 0.743471
vt 0.019019 0.730745
vt 0.018442 0.743147
vt 0.031724 0.718828
vt 0.031280 0.731260
vt 0.026103 0.706268
vt 0.025716 0.718624
vt 0.019908 0.706086
vt 0.019507 0.718396
vt 0.032411 0.694055
vt 0.032101 0.706434
vt 0.026629 0.681585
vt 0.026410 0.693929
vt 0.020433 0.681510
vt 0.020220 0.693797
vt 0.032781 0.669233
vt 0.032643 0.681663
vt 0.026745 0.669212
vt 0.020532 0.669204
vt 0.031791 0.618948
vt 0.032323 0.631599
vt 0.024912 0.606681
vt 0.025665 0.619264
vt 0.018612 0.607124
vt 0.019370 0.619606
vt 0.030039 0.593575
vt 0.031044 0.606264
vt 0.022908 0.581461
vt 0.023957 0.594077
vt 0.017456 0.581921
vt 0.017711 0.594605
vt 0.669404 0.547467
vt 0.127547 0.660507
vt 0.117192 0.645988
vt 0.112594 0.658618
vt 0.136835 0.647757
vt 0.119709 0.632754
vt 0.101276 0.631094
vt 0.100393 0.644705
vt 0.098514 0.657890
vt 0.087764 0.644086
vt 0.087080 0.657423
vt 0.088034 0.630464
vt 0.077953 0.643889
vt 0.077625 0.657100
vt 0.069124 0.656895
vt 0.069226 0.630600
vt 0.069299 0.643827
vt 0.061198 0.630758
vt 0.061354 0.643829
vt 0.061284 0.656774
vt 0.053946 0.656710
vt 0.053718 0.630937
vt 0.053936 0.643875
vt 0.046447 0.631141
vt 0.046712 0.643960
vt 0.046782 0.656692
vt 0.039582 0.656710
vt 0.039170 0.631369
vt 0.039470 0.644074
vt 0.114138 0.678270
vt 0.108509 0.670078
vt 0.106162 0.681185
vt 0.120843 0.669389
vt 0.096661 0.670490
vt 0.095414 0.682725
vt 0.086271 0.670395
vt 0.085495 0.683054
vt 0.077135 0.670049
vt 0.076574 0.682754
vt 0.068354 0.682445
vt 0.068784 0.669763
vt 0.061049 0.669568
vt 0.060713 0.682217
vt 0.053528 0.682034
vt 0.053792 0.669428
vt 0.046689 0.669331
vt 0.046479 0.681883
vt 0.039366 0.681761
vt 0.039535 0.669270
vt 0.119824 0.689614
vt 0.109604 0.704883
vt 0.125509 0.700958
vt 0.107098 0.692764
vt 0.095106 0.694881
vt 0.095514 0.707131
vt 0.084873 0.695493
vt 0.084490 0.707833
vt 0.076025 0.695267
vt 0.075576 0.707681
vt 0.067907 0.694976
vt 0.067504 0.707430
vt 0.060338 0.694746
vt 0.059970 0.707213
vt 0.052861 0.707007
vt 0.053205 0.694544
vt 0.046196 0.694362
vt 0.045867 0.706808
vt 0.038795 0.706614
vt 0.039112 0.694199
vt 0.136847 0.729350
vt 0.112263 0.717794
vt 0.113309 0.731287
vt 0.131178 0.715154
vt 0.096196 0.719595
vt 0.096391 0.732301
vt 0.084361 0.720190
vt 0.084270 0.732616
vt 0.075287 0.720088
vt 0.075082 0.732534
vt 0.067185 0.719883
vt 0.066918 0.732372
vt 0.059637 0.719682
vt 0.059325 0.732190
vt 0.052171 0.731985
vt 0.052518 0.719476
vt 0.045514 0.719262
vt 0.045134 0.731756
vt 0.038016 0.731508
vt 0.038430 0.719042
vt 0.119282 0.761599
vt 0.110575 0.745350
vt 0.106191 0.759538
vt 0.128064 0.745474
vt 0.095529 0.745232
vt 0.094154 0.758290
vt 0.084029 0.745143
vt 0.083808 0.757800
vt 0.074887 0.745056
vt 0.074761 0.757711
vt 0.066452 0.757633
vt 0.066666 0.744935
vt 0.059015 0.744773
vt 0.058714 0.757494
vt 0.051424 0.757294
vt 0.051808 0.744571
vt 0.044719 0.744326
vt 0.044256 0.757026
vt 0.037005 0.756690
vt 0.037546 0.744044
vt 0.110234 0.776363
vt 0.097529 0.787077
vt 0.101187 0.791128
vt 0.101738 0.773430
vt 0.093090 0.771256
vt 0.093872 0.783026
vt 0.084116 0.783298
vt 0.083829 0.770566
vt 0.074726 0.770545
vt 0.074360 0.783570
vt 0.066283 0.770511
vt 0.066082 0.783504
vt 0.058399 0.770394
vt 0.057804 0.783438
vt 0.050574 0.783221
vt 0.051013 0.770198
vt 0.043750 0.769904
vt 0.043343 0.783004
vt 0.035645 0.782332
vt 0.036372 0.769471
vt 0.114947 0.594787
vt 0.111593 0.605749
vt 0.127079 0.609691
vt 0.102814 0.579884
vt 0.104990 0.591680
vt 0.098096 0.577345
vt 0.095194 0.589588
vt 0.098051 0.603455
vt 0.086680 0.602925
vt 0.093377 0.574806
vt 0.085303 0.589320
vt 0.083804 0.575739
vt 0.075859 0.589949
vt 0.076942 0.603374
vt 0.068150 0.603915
vt 0.065992 0.577340
vt 0.067176 0.590607
vt 0.059118 0.591189
vt 0.060074 0.604393
vt 0.052552 0.604841
vt 0.050537 0.578604
vt 0.051616 0.591732
vt 0.043320 0.579198
vt 0.044306 0.592301
vt 0.045243 0.605299
vt 0.037924 0.605790
vt 0.035839 0.580100
vt 0.036965 0.592950
vt 0.028359 0.581001
vt 0.136601 0.622348
vt 0.146122 0.635006
vt 0.117045 0.619358
vt 0.100349 0.617293
vt 0.087650 0.616682
vt 0.077661 0.616918
vt 0.078000 0.630467
vt 0.068842 0.617269
vt 0.060770 0.617597
vt 0.053259 0.617917
vt 0.045962 0.618248
vt 0.038659 0.618602
vt 0.012017 0.620028
vt 0.011254 0.607677
vt 0.003997 0.620498
vt 0.004652 0.632706
vt 0.012583 0.632363
vt 0.010268 0.595315
vt 0.009239 0.582933
vt 0.002181 0.596118
vt 0.003341 0.608291
vt 0.009550 0.767586
vt 0.010378 0.755127
vt 0.001387 0.766881
vt 0.000407 0.779217
vt 0.008738 0.780093
vt 0.011703 0.730400
vt 0.003734 0.729992
vt 0.011094 0.742736
vt 0.003051 0.742269
vt 0.012641 0.705858
vt 0.004730 0.705579
vt 0.012215 0.718111
vt 0.004232 0.717786
vt 0.013187 0.681428
vt 0.005347 0.681341
vt 0.012967 0.693638
vt 0.005038 0.693460
vt 0.013199 0.656962
vt 0.005303 0.657095
vt 0.013263 0.669207
vt 0.005325 0.669218
vt 0.012968 0.644677
vt 0.004978 0.644901
vt 0.928640 0.889369
vt 0.936074 0.899641
vt 0.956417 0.888897
vt 0.950644 0.877887
vt 0.966123 0.883736
vt 0.960523 0.871986
vt 0.970977 0.896045
vt 0.961083 0.900576
vt 0.975393 0.908727
vt 0.942849 0.910353
vt 0.954836 0.916100
vt 0.964575 0.912563
vt 0.954809 0.926259
vt 0.967180 0.924551
vt 0.979824 0.921593
vt 0.928671 0.968392
vt 0.914401 0.970137
vt 0.928079 0.982034
vt 0.913801 0.983524
vt 0.926568 0.955609
vt 0.923058 0.945346
vt 0.913208 0.958679
vt 0.911336 0.949594
vt 0.900161 0.959418
vt 0.899820 0.950256
vt 0.887025 0.958771
vt 0.900272 0.970608
vt 0.899437 0.984120
vt 0.884893 0.983983
vt 0.871178 0.969011
vt 0.869912 0.998770
vt 0.876199 0.947533
vt 0.888170 0.949214
vt 0.862563 0.954294
vt 0.923643 0.932796
vt 0.919015 0.939648
vt 0.910485 0.939450
vt 0.838965 0.968958
vt 0.855262 0.966122
vt 0.840204 0.981788
vt 0.949930 0.847838
vt 0.941316 0.853021
vt 0.956985 0.828867
vt 0.798569 0.974177
vt 0.796501 0.970552
vt 0.788848 0.971573
vt 0.934458 0.916145
vt 0.925926 0.904814
vt 0.849128 0.945521
vt 0.839628 0.946168
vt 0.840101 0.953567
vt 0.849917 0.956479
vt 0.839475 0.960065
vt 0.918200 0.893155
vt 0.912735 0.883423
vt 0.906188 0.937756
vt 0.818935 0.949499
vt 0.822094 0.945191
vt 0.816212 0.932491
vt 0.855830 0.946794
vt 0.870321 0.929124
vt 0.877898 0.936047
vt 0.890977 0.904518
vt 0.890990 0.908792
vt 0.895801 0.913331
vt 0.894070 0.910068
vt 0.910970 0.913357
vt 0.900371 0.913414
vt 0.906938 0.917415
vt 0.915475 0.936545
vt 0.918918 0.923667
vt 0.911317 0.923326
vt 0.938776 0.865229
vt 0.912077 0.877503
vt 0.923126 0.869624
vt 0.816643 0.951002
vt 0.813805 0.951210
vt 0.804792 0.950501
vt 0.805413 0.959348
vt 0.809421 0.960806
vt 0.779809 0.945832
vt 0.776045 0.929323
vt 0.805388 0.968820
vt 0.802390 0.966314
vt 0.784910 0.949872
vt 0.782713 0.948005
vt 0.800522 0.964799
vt 0.799255 0.963775
vt 0.795353 0.968303
vt 0.801161 0.958356
vt 0.793339 0.958254
vt 0.796037 0.954737
vt 0.790057 0.955021
vt 0.793956 0.962956
vt 0.797599 0.958222
vt 0.789202 0.964464
vt 0.790711 0.961764
vt 0.788432 0.966660
vt 0.794341 0.964879
vt 0.787288 0.952214
vt 0.800120 0.951065
vt 0.798234 0.952458
vt 0.788323 0.968775
vt 0.779984 0.969837
vt 0.889174 0.916227
vt 0.891959 0.918932
vt 0.883761 0.923899
vt 0.835225 0.932000
vt 0.883973 0.910424
vt 0.886648 0.913650
vt 0.872075 0.917095
vt 0.900347 0.925128
vt 0.895894 0.921781
vt 0.904377 0.928166
vt 0.456882 0.623004
vt 0.498946 0.583903
vt 0.421964 0.654312
vt 0.487555 0.446618
vt 0.464458 0.453304
vt 0.441740 0.496821
vt 0.503953 0.512765
vt 0.536263 0.480756
vt 0.573521 0.506631
vt 0.617303 0.538358
vt 0.185532 0.520496
vt 0.151781 0.550957
vt 0.223034 0.457554
vt 0.258943 0.464168
vt 0.209208 0.489673
vt 0.181503 0.465688
vt 0.347331 0.465981
vt 0.295840 0.508870
vt 0.292589 0.545272
vt 0.430715 0.460438
vt 0.396712 0.505774
vt 0.105570 0.203745
vt 0.054256 0.243381
vt 0.103070 0.248702
vt 0.058213 0.191358
vt 0.056052 0.300053
vt 0.107776 0.348545
vt 0.061364 0.354824
vt 0.115124 0.397120
vt 0.166800 0.161241
vt 0.185386 0.188435
vt 0.185836 0.171733
vt 0.154055 0.182476
vt 0.116283 0.169486
vt 0.185779 0.216667
vt 0.147994 0.253297
vt 0.190943 0.342115
vt 0.150266 0.344584
vt 0.153239 0.388653
vt 0.163382 0.430671
vt 0.130802 0.444766
vt 0.092672 0.462327
vt 0.120102 0.511590
vt 0.095929 0.116923
vt 0.072393 0.150884
vt 0.508562 0.054124
vt 0.527038 0.139159
vt 0.492900 0.157880
vt 0.457260 0.089240
vt 0.466461 0.140083
vt 0.450962 0.161834
vt 0.472855 0.168608
vt 0.405440 0.083386
vt 0.393485 0.115429
vt 0.343845 0.110429
vt 0.386915 0.146454
vt 0.421829 0.153704
vt 0.277044 0.087039
vt 0.226617 0.131269
vt 0.237931 0.157011
vt 0.342586 0.143773
vt 0.209754 0.095256
vt 0.189077 0.145364
vt 0.164326 0.119630
vt 0.204658 0.165466
vt 0.166127 0.058722
vt 0.129164 0.085194
vt 0.420879 0.209897
vt 0.394531 0.250058
vt 0.425480 0.252404
vt 0.388071 0.205278
vt 0.303470 0.205032
vt 0.267487 0.251495
vt 0.375959 0.302085
vt 0.478731 0.186231
vt 0.453073 0.213396
vt 0.459325 0.254844
vt 0.503735 0.303391
vt 0.554568 0.835221
vt 0.556660 0.830052
vt 0.547592 0.832767
vt 0.550166 0.839198
vt 0.491232 0.428566
vt 0.425670 0.431004
vt 0.459539 0.429118
vt 0.388627 0.431550
vt 0.348992 0.430300
vt 0.271410 0.382266
vt 0.307541 0.426855
vt 0.266399 0.423447
vt 0.228070 0.420911
vt 0.232174 0.340509
vt 0.257539 0.209887
vt 0.227202 0.254106
vt 0.220060 0.214669
vt 0.247770 0.180471
vt 0.294845 0.174531
vt 0.385230 0.173829
vt 0.636311 0.251503
vt 0.622378 0.199723
vt 0.585553 0.256387
vt 0.589837 0.304934
vt 0.636034 0.358944
vt 0.586629 0.353463
vt 0.622717 0.410938
vt 0.601401 0.460985
vt 0.544065 0.305030
vt 0.542019 0.354107
vt 0.573297 0.211098
vt 0.539038 0.258011
vt 0.512930 0.182741
vt 0.553248 0.171713
vt 0.599453 0.152901
vt 0.319525 0.345390
vt 0.530142 0.840024
vt 0.536305 0.835582
vt 0.542601 0.836283
vt 0.541356 0.832116
vt 0.543784 0.826165
vt 0.538592 0.829626
vt 0.549626 0.825852
vt 0.548761 0.822395
vt 0.545866 0.828945
vt 0.552957 0.823309
vt 0.552142 0.820070
vt 0.542467 0.843345
vt 0.561613 0.820798
vt 0.556681 0.821531
vt 0.544635 0.809109
vt 0.533833 0.817621
vt 0.547750 0.817031
vt 0.533482 0.827723
vt 0.438082 0.824611
vt 0.452499 0.801346
vt 0.454093 0.769862
vt 0.475281 0.809635
vt 0.495885 0.817088
vt 0.491984 0.792191
vt 0.472796 0.780554
vt 0.505852 0.834778
vt 0.512601 0.822242
vt 0.523660 0.811269
vt 0.509556 0.802886
vt 0.476811 0.742385
vt 0.511612 0.740347
vt 0.497635 0.720799
vt 0.492856 0.758146
vt 0.509258 0.773819
vt 0.524356 0.788157
vt 0.526262 0.758734
vt 0.176488 0.907733
vt 0.189799 0.935078
vt 0.187023 0.896304
vt 0.165953 0.919162
vt 0.175981 0.938533
vt 0.159734 0.941568
vt 0.176081 0.969438
vt 0.192575 0.973852
vt 0.142113 0.926097
vt 0.118274 0.933033
vt 0.138372 0.943424
vt 0.117398 0.942976
vt 0.134534 0.961325
vt 0.159588 0.965024
vt 0.104080 0.929044
vt 0.090336 0.931616
vt 0.102459 0.938237
vt 0.090787 0.938178
vt 0.100134 0.947902
vt 0.109480 0.957627
vt 0.443664 0.920267
vt 0.465277 0.903872
vt 0.417935 0.897415
vt 0.487197 0.916658
vt 0.485774 0.891353
vt 0.502523 0.899184
vt 0.470367 0.877099
vt 0.516494 0.882382
vt 0.516409 0.864778
vt 0.528479 0.866125
vt 0.406742 0.859637
vt 0.508004 0.953768
vt 0.514637 0.927900
vt 0.493202 0.946447
vt 0.503613 0.924096
vt 0.523092 0.904466
vt 0.526019 0.883411
vt 0.532323 0.884016
vt 0.541496 0.867276
vt 0.550286 0.679345
vt 0.519209 0.698824
vt 0.522020 0.929737
vt 0.518086 0.953305
vt 0.517497 0.716608
vt 0.529256 0.733120
vt 0.545307 0.869843
vt 0.536855 0.885191
vt 0.528746 0.906117
vt 0.565401 0.782959
vt 0.586912 0.790745
vt 0.543157 0.751152
vt 0.567407 0.822586
vt 0.571079 0.830357
vt 0.417891 0.688819
vt 0.416812 0.682163
vt 0.427997 0.700000
vt 0.224551 0.588389
vt 0.036414 0.941380
vt 0.045630 0.948298
vt 0.047658 0.941112
vt 0.041947 0.959578
vt 0.037440 0.951100
vt 0.051173 0.952521
vt 0.066505 0.940449
vt 0.054054 0.958812
vt 0.057203 0.973375
vt 0.049167 0.966653
vt 0.061854 0.956912
vt 0.064187 0.959265
vt 0.057505 0.955554
vt 0.077648 0.967062
vt 0.067094 0.968995
vt 0.067727 0.952398
vt 0.057807 0.937733
vt 0.077298 0.910541
vt 0.064463 0.915110
vt 0.067062 0.919869
vt 0.056048 0.908143
vt 0.066707 0.908895
vt 0.058416 0.917270
vt 0.060784 0.926397
vt 0.802882 0.641341
vt 0.047104 0.914946
vt 0.059439 0.916595
vt 0.046420 0.926238
vt 0.051492 0.920940
vt 0.052118 0.928684
vt 0.056000 0.926599
vt 0.062830 0.925047
vt 0.036585 0.931671
vt 0.039564 0.922707
vt 0.046225 0.933132
vt 0.055382 0.933246
vt 0.028658 0.940910
vt 0.023102 0.938681
vt 0.029676 0.953065
vt 0.022632 0.954200
vt 0.034270 0.964603
vt 0.041601 0.980819
vt 0.045116 0.973811
vt 0.058109 0.979051
vt 0.061039 0.991918
vt 0.069726 0.977606
vt 0.083513 0.979825
vt 0.080581 0.973444
vt 0.080406 0.904248
vt 0.083513 0.897954
vt 0.069123 0.901328
vt 0.059945 0.887427
vt 0.057081 0.901613
vt 0.043853 0.908811
vt 0.040840 0.902001
vt 0.021736 0.916574
vt 0.033071 0.919144
vt 0.029040 0.929754
vt 0.022419 0.927628
vt 0.059118 0.931164
vt 0.064667 0.932748
vt 0.066610 0.926744
vt 0.062560 0.942715
vt 0.061672 0.934556
vt 0.069929 0.926628
vt 0.406966 0.664671
vt 0.376768 0.643790
vt 0.187473 0.629409
vt 0.203397 0.623928
vt 0.419213 0.061378
vt 0.452481 0.054978
vt 0.195574 0.044739
vt 0.301824 0.045082
vt 0.486980 0.041221
vt 0.181089 0.695831
vt 0.183605 0.706351
vt 0.190350 0.694373
vt 0.188908 0.688201
vt 0.182174 0.685642
vt 0.170064 0.681012
vt 0.198072 0.721503
vt 0.193114 0.702119
vt 0.203975 0.705765
vt 0.197032 0.709403
vt 0.206851 0.713400
vt 0.209623 0.703268
vt 0.200920 0.698669
vt 0.197884 0.691615
vt 0.204761 0.688383
vt 0.194076 0.684551
vt 0.213749 0.690902
vt 0.208105 0.695584
vt 0.218595 0.681509
vt 0.211569 0.685191
vt 0.215047 0.676352
vt 0.201242 0.680616
vt 0.414840 0.325554
vt 0.420946 0.323279
vt 0.414853 0.320814
vt 0.420594 0.326965
vt 0.421285 0.320340
vt 0.233616 0.705335
vt 0.225853 0.695895
vt 0.225737 0.702637
vt 0.234707 0.694889
vt 0.232018 0.684430
vt 0.225887 0.675561
vt 0.217576 0.669629
vt 0.208417 0.722848
vt 0.219031 0.720442
vt 0.227847 0.714173
vt 0.221891 0.708004
vt 0.214524 0.710165
vt 0.188139 0.677336
vt 0.196979 0.671197
vt 0.207420 0.668615
vt 0.215423 0.705038
vt 0.218902 0.704513
vt 0.220289 0.697095
vt 0.217500 0.693878
vt 0.211426 0.696923
vt 0.212400 0.701523
vt 0.425584 0.332630
vt 0.428607 0.332477
vt 0.416914 0.348483
vt 0.421457 0.341699
vt 0.415314 0.342807
vt 0.423105 0.346036
vt 0.420573 0.337581
vt 0.414600 0.337820
vt 0.419447 0.356893
vt 0.425692 0.352126
vt 0.395257 0.362002
vt 0.405080 0.361866
vt 0.395798 0.352655
vt 0.412823 0.360061
vt 0.411029 0.350129
vt 0.404324 0.351403
vt 0.396186 0.332737
vt 0.396456 0.340077
vt 0.404014 0.331770
vt 0.395315 0.325885
vt 0.409602 0.338034
vt 0.404038 0.338614
vt 0.409664 0.331441
vt 0.409600 0.324969
vt 0.396232 0.346047
vt 0.404059 0.344443
vt 0.409985 0.343539
vt 0.393699 0.321717
vt 0.402235 0.320545
vt 0.382304 0.321225
vt 0.295977 0.784032
vt 0.306184 0.749636
vt 0.301963 0.784765
vt 0.315593 0.717991
vt 0.318029 0.751613
vt 0.313965 0.786234
vt 0.324041 0.752790
vt 0.327340 0.720468
vt 0.321381 0.719145
vt 0.320026 0.786976
vt 0.330170 0.754084
vt 0.326181 0.787729
vt 0.336440 0.755496
vt 0.339649 0.723878
vt 0.333484 0.721983
vt 0.332491 0.788501
vt 0.342894 0.756963
vt 0.345855 0.726079
vt 0.259462 0.779564
vt 0.263589 0.746580
vt 0.265772 0.780336
vt 0.274540 0.714770
vt 0.268100 0.715122
vt 0.277988 0.781831
vt 0.282393 0.747251
vt 0.288410 0.747661
vt 0.280868 0.714781
vt 0.289990 0.783300
vt 0.294365 0.748190
vt 0.298613 0.715637
vt 0.313080 0.687814
vt 0.307839 0.687109
vt 0.318433 0.688646
vt 0.322030 0.657177
vt 0.316775 0.656401
vt 0.329913 0.690654
vt 0.333565 0.658982
vt 0.327600 0.658046
vt 0.336070 0.691924
vt 0.341967 0.694046
vt 0.345645 0.662443
vt 0.339828 0.660146
vt 0.347082 0.697602
vt 0.349940 0.667116
vt 0.267223 0.687829
vt 0.271802 0.657553
vt 0.279279 0.684974
vt 0.291536 0.685623
vt 0.295670 0.654138
vt 0.289655 0.653608
vt 0.302582 0.686529
vt 0.306571 0.655152
vt 0.301284 0.654638
vt 0.316457 0.616688
vt 0.321984 0.617512
vt 0.333601 0.619879
vt 0.339888 0.621372
vt 0.352712 0.625808
vt 0.346450 0.623169
vt 0.358081 0.629878
vt 0.361916 0.585983
vt 0.272880 0.619451
vt 0.279073 0.616796
vt 0.292588 0.615582
vt 0.279745 0.575926
vt 0.305149 0.615810
vt 0.310894 0.616155
vt 0.281059 0.951910
vt 0.286804 0.952255
vt 0.290669 0.913427
vt 0.285382 0.912913
vt 0.292903 0.952414
vt 0.299365 0.952482
vt 0.296284 0.913927
vt 0.306167 0.952320
vt 0.312880 0.951269
vt 0.320152 0.910511
vt 0.314857 0.914011
vt 0.233872 0.938187
vt 0.239242 0.942257
vt 0.246308 0.905622
vt 0.242014 0.900949
vt 0.245503 0.944896
vt 0.252065 0.946693
vt 0.258353 0.948186
vt 0.264310 0.949502
vt 0.258388 0.909083
vt 0.269969 0.950553
vt 0.275178 0.911664
vt 0.269923 0.910888
vt 0.289371 0.881536
vt 0.294767 0.882020
vt 0.293340 0.852428
vt 0.300417 0.882442
vt 0.306392 0.882839
vt 0.304983 0.853131
vt 0.312674 0.883091
vt 0.318909 0.882454
vt 0.317413 0.853295
vt 0.324730 0.880236
vt 0.330407 0.852303
vt 0.244872 0.870463
vt 0.249986 0.874019
vt 0.252304 0.844187
vt 0.246099 0.841985
vt 0.255883 0.876141
vt 0.262041 0.877411
vt 0.264614 0.847597
vt 0.258470 0.846082
vt 0.267936 0.878466
vt 0.273520 0.879419
vt 0.276361 0.850074
vt 0.270572 0.848920
vt 0.278873 0.880251
vt 0.291670 0.819219
vt 0.297588 0.819875
vt 0.309560 0.820813
vt 0.321939 0.821343
vt 0.328364 0.821485
vt 0.334981 0.821617
vt 0.261783 0.813981
vt 0.267912 0.815275
vt 0.273924 0.816452
vt 0.279862 0.817505
vt 0.285769 0.818429
vt 0.431271 0.709875
vt 0.419336 0.711931
vt 0.402818 0.717670
vt 0.868416 0.416821
vt 0.886791 0.433938
vt 0.839176 0.402217
vt 0.849699 0.399686
vt 0.863236 0.384536
vt 0.923825 0.767077
vt 0.927147 0.779104
vt 0.915801 0.772041
vt 0.940352 0.769615
vt 0.933209 0.774510
vt 0.942308 0.782047
vt 0.935868 0.786035
vt 0.960913 0.749050
vt 0.956220 0.758226
vt 0.942380 0.751727
vt 0.970095 0.746882
vt 0.966298 0.753339
vt 0.975155 0.748629
vt 0.973775 0.757595
vt 0.967919 0.763753
vt 0.974474 0.768912
vt 0.980826 0.751777
vt 0.979691 0.762019
vt 0.987269 0.760045
vt 0.984742 0.765114
vt 0.980901 0.772091
vt 0.956080 0.792577
vt 0.963622 0.799616
vt 0.955741 0.800270
vt 0.956419 0.784884
vt 0.963609 0.793186
vt 0.965566 0.785991
vt 0.970434 0.794737
vt 0.968784 0.799043
vt 0.976656 0.798092
vt 0.972305 0.802920
vt 0.973109 0.788297
vt 0.987872 0.796556
vt 0.982842 0.802646
vt 0.977812 0.808736
vt 0.987649 0.773688
vt 0.990212 0.765568
vt 0.991391 0.758175
vt 0.996106 0.764488
vt 0.995446 0.773895
vt 0.991764 0.699739
vt 0.986836 0.708448
vt 0.983965 0.700374
vt 0.993281 0.708832
vt 0.988474 0.715728
vt 0.983892 0.714188
vt 0.981120 0.709268
vt 0.977220 0.702295
vt 0.978063 0.671734
vt 0.967629 0.671874
vt 0.972856 0.665907
vt 0.983269 0.677561
vt 0.972124 0.676487
vt 0.968995 0.686344
vt 0.966096 0.680052
vt 0.964295 0.675847
vt 0.959391 0.681852
vt 0.959159 0.675478
vt 0.961604 0.688921
vt 0.952571 0.690357
vt 0.951948 0.682742
vt 0.951324 0.675128
vt 0.976310 0.712341
vt 0.970987 0.705627
vt 0.978603 0.722118
vt 0.971080 0.716997
vt 0.964762 0.710944
vt 0.964574 0.722531
vt 0.953914 0.719720
vt 0.973871 0.725758
vt 0.969378 0.728509
vt 0.960083 0.728284
vt 0.941396 0.729995
vt 0.927954 0.696491
vt 0.933245 0.706109
vt 0.927303 0.708095
vt 0.942836 0.700442
vt 0.935395 0.698467
vt 0.937362 0.710933
vt 0.928743 0.721876
vt 0.949141 0.735055
vt 0.961932 0.733550
vt 0.972655 0.732298
vt 0.964259 0.738856
vt 0.956885 0.740114
vt 0.962237 0.744172
vt 0.949633 0.745920
vt 0.972974 0.743006
vt 0.966092 0.806201
vt 0.969789 0.813123
vt 0.958753 0.808890
vt 0.964746 0.661868
vt 0.961351 0.668863
vt 0.953980 0.666479
vt 0.956636 0.657830
vt 0.918893 0.697021
vt 0.909897 0.707770
vt 0.909832 0.697551
vt 0.919000 0.708376
vt 0.919352 0.719932
vt 0.909962 0.717988
vt 0.923761 0.783315
vt 0.918996 0.791893
vt 0.927432 0.788964
vt 0.917399 0.781967
vt 0.981954 0.717753
vt 0.994797 0.717926
vt 0.988307 0.722489
vt 0.995380 0.727339
vt 0.986027 0.727977
vt 0.996766 0.755082
vt 0.990520 0.751223
vt 0.996365 0.745917
vt 0.985002 0.756311
vt 0.987393 0.745632
vt 0.995964 0.736751
vt 0.983688 0.737041
vt 0.981199 0.743249
vt 0.974593 0.737696
vt 0.980508 0.730760
vt 0.944679 0.715732
vt 0.953799 0.705693
vt 0.935070 0.725936
vt 0.965843 0.697305
vt 0.972921 0.694194
vt 0.958667 0.700651
vt 0.980124 0.691377
vt 0.976059 0.682882
vt 0.987517 0.688650
vt 0.976774 0.780282
vt 0.980368 0.791498
vt 0.984121 0.782812
vt 0.991659 0.785225
vt 0.962169 0.774319
vt 0.969530 0.777420
vt 0.937115 0.756920
vt 0.931849 0.762114
vt 0.947830 0.763915
vt 0.958334 0.770906
vt 0.948748 0.778059
vt 0.204694 0.823889
vt 0.219089 0.817589
vt 0.203350 0.848470
vt 0.202682 0.810868
vt 0.212243 0.810482
vt 0.207863 0.794671
vt 0.216782 0.792048
vt 0.234828 0.786708
vt 0.214452 0.774096
vt 0.225505 0.762985
vt 0.206294 0.783458
vt 0.201387 0.774400
vt 0.208784 0.756831
vt 0.216182 0.739262
vt 0.196265 0.817662
vt 0.197970 0.826082
vt 0.187397 0.821015
vt 0.189293 0.832313
vt 0.171246 0.773215
vt 0.147447 0.769395
vt 0.168891 0.757705
vt 0.169616 0.791038
vt 0.158427 0.780545
vt 0.145005 0.790547
vt 0.126002 0.781085
vt 0.202768 0.789092
vt 0.200742 0.787389
vt 0.199703 0.796741
vt 0.203173 0.795862
vt 0.199763 0.804791
vt 0.202262 0.803200
vt 0.196768 0.801430
vt 0.200496 0.802963
vt 0.198236 0.799085
vt 0.203926 0.801687
vt 0.206899 0.805020
vt 0.196884 0.792157
vt 0.199226 0.788413
vt 0.198294 0.794449
vt 0.198225 0.786245
vt 0.143713 0.834821
vt 0.164676 0.847977
vt 0.126002 0.847484
vt 0.161425 0.822159
vt 0.168924 0.834572
vt 0.174411 0.821587
vt 0.194182 0.810765
vt 0.196516 0.806371
vt 0.188473 0.809302
vt 0.190039 0.798503
vt 0.181432 0.771880
vt 0.186446 0.778284
vt 0.185139 0.766053
vt 0.175223 0.782067
vt 0.188444 0.784953
vt 0.183100 0.789909
vt 0.193697 0.786643
vt 0.182242 0.807265
vt 0.169245 0.802400
vt 0.178321 0.811707
vt 0.179989 0.800653
vt 0.195717 0.788770
vt 0.193462 0.795330
vt 0.197155 0.803861
vt 0.193403 0.799967
vt 0.178290 0.794301
vt 0.172234 0.792234
vt 0.592238 0.593287
vt 0.725554 0.068773
vt 0.766901 0.075974
vt 0.932335 0.258257
vt 0.998666 0.931721
vt 0.900399 0.942097
vt 0.376919 0.301853
vt 0.495223 0.411034
vt 0.109522 0.957560
vt 0.222121 0.657503
vt 0.429881 0.328082
vt 0.798077 0.678968
vt 0.766901 0.075974
vt 0.932335 0.258257
vt 0.074231 0.576672
vt 0.057753 0.578009
vt 0.001021 0.583946
vt 0.002367 0.754545
vt 0.900399 0.942097
vt 0.089885 0.925054
vt 0.022162 0.969719
vt 0.072276 0.985872
vt 0.071729 0.892691
vt 0.961765 0.817510
vt 0.164009 0.800009
s 0
g Cylinder.001_Material
usemtl Material
f 875/1/1 860/2/1 49/3/1
f 40/4/2 2398/5/2 875/1/2
f 861/6/3 803/7/3 2398/5/3
f 2398/5/4 9/8/4 860/2/4
f 803/7/5 854/9/5 9/8/5
f 3/10/6 2399/11/6 803/7/6
f 795/12/7 809/13/7 2399/11/7
f 2399/11/8 15/14/8 854/9/8
f 26/15/9 2400/16/9 838/17/9
f 1397/18/10 1398/19/10 2400/16/10
f 2400/16/11 6/20/11 824/21/11
f 838/17/12 824/21/12 32/22/12
f 798/23/13 799/24/13 5/25/13
f 798/23/14 831/26/14 2401/27/14
f 831/26/15 801/28/15 2401/27/15
f 2401/27/16 7/29/16 799/24/16
f 829/30/17 831/26/17 37/31/17
f 36/32/18 2402/33/18 829/30/18
f 832/34/19 830/35/19 2402/33/19
f 2402/33/20 39/36/20 831/26/20
f 823/37/21 833/38/21 31/39/21
f 823/37/22 834/40/22 2403/41/22
f 2403/41/23 36/32/23 829/42/23
f 2403/41/24 37/43/24 833/38/24
f 30/44/25 2404/45/25 834/40/25
f 822/46/26 835/47/26 2404/45/26
f 2404/45/27 35/48/27 828/49/27
f 834/40/28 828/49/28 36/32/28
f 29/50/29 2405/51/29 835/47/29
f 28/52/30 2405/51/30 821/53/30
f 836/54/31 827/55/31 2405/51/31
f 2405/51/32 35/48/32 835/47/32
f 28/52/33 2406/56/33 836/54/33
f 820/57/34 837/58/34 2406/56/34
f 2406/56/35 33/59/35 826/60/35
f 836/54/36 826/60/36 34/61/36
f 819/62/37 837/63/37 27/64/37
f 819/62/38 838/17/38 2407/65/38
f 2407/65/39 32/22/39 825/66/39
f 837/63/40 825/66/40 33/59/40
f 25/67/41 2408/68/41 839/69/41
f 818/70/42 840/71/42 2408/68/42
f 2408/68/43 30/44/43 823/72/43
f 839/69/44 823/72/44 31/73/44
f 24/74/45 2409/75/45 840/71/45
f 817/76/46 841/77/46 2409/75/46
f 2409/75/47 29/50/47 822/46/47
f 840/71/48 822/46/48 30/44/48
f 23/78/49 2410/79/49 841/77/49
f 816/80/50 842/81/50 2410/79/50
f 842/81/51 821/53/51 2410/79/51
f 841/77/52 821/53/52 29/50/52
f 22/82/53 2411/83/53 842/81/53
f 815/84/54 843/85/54 2411/83/54
f 2411/83/55 27/86/55 820/87/55
f 842/81/56 820/87/56 28/52/56
f 979/88/57 843/85/57 21/89/57
f 99/90/58 2412/91/58 979/88/58
f 843/85/59 987/92/59 27/86/59
f 814/93/60 844/94/60 20/95/60
f 19/96/61 2413/97/61 814/93/61
f 845/98/62 818/99/62 2413/97/62
f 2413/97/63 25/100/63 844/94/63
f 813/101/64 845/98/64 19/96/64
f 813/101/65 846/102/65 2414/103/65
f 2414/103/66 23/104/66 817/105/66
f 2414/103/67 24/106/67 845/98/67
f 18/107/68 2415/108/68 846/102/68
f 812/109/69 847/110/69 2415/108/69
f 2415/108/70 22/111/70 816/112/70
f 846/102/71 816/112/71 23/104/71
f 17/113/72 2416/114/72 847/110/72
f 811/115/73 848/116/73 2416/114/73
f 848/116/74 815/117/74 2416/114/74
f 847/110/75 815/117/75 22/111/75
f 986/118/76 848/116/76 16/119/76
f 100/120/77 2417/121/77 986/118/77
f 848/116/78 982/122/78 21/123/78
f 808/124/79 849/125/79 14/126/79
f 808/124/80 850/127/80 2418/128/80
f 850/127/81 814/93/81 2418/128/81
f 2418/128/82 20/95/82 849/125/82
f 807/129/83 850/127/83 13/130/83
f 807/129/84 851/131/84 2419/132/84
f 2419/132/85 18/107/85 813/101/85
f 2419/132/86 19/96/86 850/127/86
f 806/133/87 851/131/87 12/134/87
f 806/133/88 852/135/88 2420/136/88
f 2420/136/89 17/113/89 812/109/89
f 851/131/90 812/109/90 18/107/90
f 11/137/91 2421/138/91 852/135/91
f 805/139/92 853/140/92 2421/138/92
f 2421/138/93 16/119/93 811/115/93
f 852/135/94 811/115/94 17/113/94
f 10/141/95 2422/142/95 853/140/95
f 9/8/96 2422/142/96 804/143/96
f 854/9/97 810/144/97 2422/142/97
f 853/140/98 810/144/98 16/119/98
f 1/145/99 2423/146/99 793/147/99
f 802/148/100 855/149/100 2423/146/100
f 2423/146/101 14/126/101 794/150/101
f 793/147/102 794/150/102 2/151/102
f 1582/152/103 855/149/103 8/153/103
f 409/154/104 2424/155/104 1582/152/104
f 855/149/105 1583/156/105 14/126/105
f 868/157/106 857/158/106 46/159/106
f 868/157/107 858/160/107 2425/161/107
f 2425/161/108 11/137/108 806/133/108
f 2425/161/109 12/134/109 857/158/109
f 867/162/110 858/160/110 47/163/110
f 48/164/111 2426/165/111 867/162/111
f 859/166/112 805/139/112 2426/165/112
f 858/160/113 805/139/113 11/137/113
f 866/167/114 859/166/114 48/164/114
f 49/3/115 2427/168/115 866/167/115
f 860/2/116 804/143/116 2427/168/116
f 2427/168/117 10/141/117 859/166/117
f 33/59/118 2428/169/118 864/170/118
f 825/66/119 865/171/119 2428/169/119
f 2428/169/120 45/172/120 869/173/120
f 864/170/121 869/173/121 44/174/121
f 34/61/122 2429/175/122 863/176/122
f 826/60/123 864/170/123 2429/175/123
f 2429/175/124 44/174/124 870/177/124
f 863/176/125 870/177/125 43/178/125
f 827/55/126 862/179/126 35/48/126
f 34/61/127 2430/180/127 827/55/127
f 863/176/128 871/181/128 2430/180/128
f 2430/180/129 42/182/129 862/179/129
f 36/32/130 2431/183/130 832/34/130
f 828/49/131 862/179/131 2431/183/131
f 2431/183/132 42/182/132 872/184/132
f 832/34/133 872/184/133 38/185/133
f 13/130/134 2432/186/134 807/129/134
f 1579/187/135 856/188/135 407/189/135
f 12/134/136 2432/186/136 1579/187/136
f 32/22/137 2433/190/137 865/171/137
f 824/21/138 800/191/138 2433/190/138
f 2433/190/139 41/192/139 874/193/139
f 865/171/140 874/193/140 45/172/140
f 62/194/141 2434/195/141 953/196/141
f 962/197/142 849/125/142 2434/195/142
f 2434/195/143 20/95/143 899/198/143
f 953/196/144 899/198/144 63/199/144
f 63/199/145 2435/200/145 949/201/145
f 899/198/146 844/94/146 2435/200/146
f 2435/200/147 25/100/147 903/202/147
f 949/201/148 903/202/148 67/203/148
f 67/204/149 2436/205/149 945/206/149
f 903/207/150 839/69/150 2436/205/150
f 839/69/151 883/208/151 2436/205/151
f 2436/205/152 71/209/152 945/206/152
f 883/210/153 941/211/153 71/212/153
f 31/39/154 2437/213/154 883/210/154
f 833/38/155 963/214/155 2437/213/155
f 2437/213/156 75/215/156 941/211/156
f 75/216/157 2438/217/157 937/218/157
f 963/219/158 798/23/158 2438/217/158
f 2438/217/159 5/25/159 961/220/159
f 937/218/160 961/220/160 79/221/160
f 79/222/161 2439/223/161 933/224/161
f 961/225/162 918/226/162 2439/223/162
f 2439/223/163 57/227/163 914/228/163
f 933/224/164 914/228/164 83/229/164
f 83/230/165 2440/231/165 929/232/165
f 57/233/166 2440/231/166 914/234/166
f 907/235/167 890/236/167 2440/231/167
f 2440/231/168 87/237/168 929/232/168
f 890/236/169 925/238/169 87/237/169
f 2/151/170 2441/239/170 890/236/170
f 794/150/171 962/197/171 2441/239/171
f 925/238/172 962/197/172 62/194/172
f 888/240/173 965/241/173 58/242/173
f 922/243/174 888/240/174 90/244/174
f 891/245/175 922/243/175 59/246/175
f 93/247/176 2442/248/176 891/245/176
f 92/249/177 2442/248/177 967/250/177
f 90/244/178 2443/251/178 922/243/178
f 921/252/179 923/253/179 2443/251/179
f 2443/251/180 60/254/180 892/255/180
f 922/243/181 892/255/181 59/246/181
f 89/256/182 2444/257/182 923/253/182
f 920/258/183 924/259/183 2444/257/183
f 2444/257/184 61/260/184 893/261/184
f 923/253/185 893/261/185 60/254/185
f 919/262/186 924/259/186 88/263/186
f 87/264/187 2445/265/187 919/262/187
f 2445/265/188 62/266/188 894/267/188
f 924/259/189 894/267/189 61/260/189
f 886/268/190 887/269/190 56/270/190
f 86/271/191 2446/272/191 886/268/191
f 926/273/192 888/240/192 2446/272/192
f 2446/272/193 58/242/193 887/269/193
f 917/274/194 926/273/194 86/271/194
f 917/274/195 927/275/195 2447/276/195
f 2447/276/196 89/256/196 921/252/196
f 926/273/197 921/252/197 90/244/197
f 85/277/198 2448/278/198 927/275/198
f 84/279/199 2448/278/199 916/280/199
f 2448/278/200 88/263/200 920/258/200
f 927/275/201 920/258/201 89/256/201
f 915/281/202 928/282/202 84/279/202
f 915/281/203 929/283/203 2449/284/203
f 929/283/204 919/262/204 2449/284/204
f 2449/284/205 88/263/205 928/282/205
f 55/285/206 2450/286/206 885/287/206
f 884/288/207 930/289/207 2450/286/207
f 2450/286/208 86/271/208 886/268/208
f 885/287/209 886/268/209 56/270/209
f 82/290/210 2451/291/210 930/289/210
f 81/292/211 2451/291/211 913/293/211
f 931/294/212 917/274/212 2451/291/212
f 2451/291/213 86/271/213 930/289/213
f 912/295/214 931/294/214 81/292/214
f 80/296/215 2452/297/215 912/295/215
f 932/298/216 916/280/216 2452/297/216
f 2452/297/217 85/277/217 931/294/217
f 80/296/218 2453/299/218 932/298/218
f 911/300/219 933/301/219 2453/299/219
f 2453/299/220 83/302/220 915/281/220
f 932/298/221 915/281/221 84/279/221
f 881/303/222 882/304/222 54/305/222
f 881/303/223 934/306/223 2454/307/223
f 2454/307/224 82/290/224 884/288/224
f 882/304/225 884/288/225 55/285/225
f 910/308/226 934/306/226 78/309/226
f 77/310/227 2455/311/227 910/308/227
f 935/312/228 913/293/228 2455/311/228
f 2455/311/229 82/290/229 934/306/229
f 909/313/230 935/312/230 77/310/230
f 76/314/231 2456/315/231 909/313/231
f 936/316/232 912/295/232 2456/315/232
f 2456/315/233 81/292/233 935/312/233
f 908/317/234 936/316/234 76/314/234
f 908/317/235 937/318/235 2457/319/235
f 2457/319/236 79/320/236 911/300/236
f 936/316/237 911/300/237 80/296/237
f 906/321/238 938/322/238 74/323/238
f 906/321/239 939/324/239 2458/325/239
f 2458/325/240 77/310/240 910/308/240
f 938/322/241 910/308/241 78/309/241
f 73/326/242 2459/327/242 939/324/242
f 905/328/243 940/329/243 2459/327/243
f 2459/327/244 76/314/244 909/313/244
f 939/324/245 909/313/245 77/310/245
f 72/330/246 2460/331/246 940/329/246
f 71/332/247 2460/331/247 904/333/247
f 941/334/248 908/317/248 2460/331/248
f 940/329/249 908/317/249 76/314/249
f 878/335/250 879/336/250 52/337/250
f 70/338/251 2461/339/251 878/335/251
f 942/340/252 880/341/252 2461/339/252
f 2461/339/253 53/342/253 879/336/253
f 902/343/254 942/340/254 70/338/254
f 902/343/255 943/344/255 2462/345/255
f 2462/345/256 73/326/256 906/321/256
f 942/340/257 906/321/257 74/323/257
f 69/346/258 2463/347/258 943/344/258
f 901/348/259 944/349/259 2463/347/259
f 2463/347/260 72/330/260 905/328/260
f 943/344/261 905/328/261 73/326/261
f 68/350/262 2464/351/262 944/349/262
f 900/352/263 945/353/263 2464/351/263
f 945/353/264 904/333/264 2464/351/264
f 944/349/265 904/333/265 72/330/265
f 51/354/266 2465/355/266 877/356/266
f 95/357/267 2465/355/267 876/358/267
f 946/359/268 972/360/268 66/361/268
f 878/362/269 946/359/269 70/363/269
f 877/356/270 878/362/270 52/364/270
f 898/365/271 946/359/271 66/361/271
f 65/366/272 2466/367/272 898/365/272
f 947/368/273 902/369/273 2466/367/273
f 2466/367/274 70/363/274 946/359/274
f 897/370/275 947/368/275 65/366/275
f 64/371/276 2467/372/276 897/370/276
f 948/373/277 901/374/277 2467/372/277
f 947/368/278 901/374/278 69/375/278
f 896/376/279 948/373/279 64/371/279
f 896/376/280 949/377/280 2468/378/280
f 2468/378/281 67/379/281 900/380/281
f 2468/378/282 68/381/282 948/373/282
f 892/255/283 950/382/283 59/246/283
f 60/254/284 2469/383/284 892/255/284
f 951/384/285 898/365/285 2469/383/285
f 950/382/286 898/365/286 66/361/286
f 893/261/287 951/384/287 60/254/287
f 61/260/288 2470/385/288 893/261/288
f 952/386/289 897/370/289 2470/385/289
f 2470/385/290 65/366/290 951/384/290
f 61/260/291 2471/387/291 952/386/291
f 894/267/292 953/388/292 2471/387/292
f 2471/387/293 63/389/293 896/376/293
f 2471/387/294 64/371/294 952/386/294
f 56/390/295 2472/391/295 885/392/295
f 954/393/296 887/394/296 58/395/296
f 885/392/297 954/393/297 55/396/297
f 58/395/298 2473/397/298 954/393/298
f 965/398/299 958/399/299 2473/397/299
f 2473/397/300 54/400/300 882/401/300
f 2473/397/301 55/396/301 954/393/301
f 51/354/302 2474/402/302 876/358/302
f 52/403/303 2474/402/303 877/404/303
f 879/405/304 955/406/304 2474/402/304
f 2474/402/305 95/357/305 876/358/305
f 974/407/306 957/408/306 96/409/306
f 95/357/307 2475/410/307 974/407/307
f 2475/410/308 53/411/308 970/412/308
f 957/408/309 970/412/309 94/413/309
f 969/414/310 957/408/310 94/413/310
f 54/415/311 2476/416/311 969/414/311
f 956/417/312 968/418/312 2476/416/312
f 957/408/313 968/418/313 96/409/313
f 895/419/314 907/235/314 57/233/314
f 91/420/315 2477/421/315 895/419/315
f 959/422/316 793/147/316 2477/421/316
f 2477/421/317 2/151/317 907/235/317
f 5/25/318 2478/423/318 918/226/318
f 799/24/319 960/424/319 2478/423/319
f 2478/423/320 91/425/320 895/426/320
f 918/226/321 895/426/321 57/227/321
f 969/427/322 881/303/322 54/305/322
f 94/428/323 2479/429/323 969/427/323
f 78/309/324 2479/429/324 971/430/324
f 967/250/325 889/431/325 92/249/325
f 966/432/326 967/250/326 93/247/326
f 50/433/327 2480/434/327 966/432/327
f 973/435/328 950/382/328 66/361/328
f 975/436/329 973/435/329 96/437/329
f 950/382/330 975/436/330 59/246/330
f 94/428/331 2482/438/331 964/439/331
f 880/341/332 970/440/332 53/342/332
f 74/323/333 2482/438/333 880/341/333
f 971/430/334 938/322/334 78/309/334
f 964/439/335 971/430/335 94/428/335
f 938/322/336 964/439/336 74/323/336
f 974/441/337 972/360/337 95/357/337
f 96/437/338 2484/442/338 974/441/338
f 66/361/339 2484/442/339 973/435/339
f 59/246/340 2485/443/340 891/245/340
f 96/437/341 2485/443/341 975/436/341
f 93/247/342 2485/443/342 968/444/342
f 97/445/343 2486/446/343 1399/447/343
f 985/448/344 977/449/344 98/450/344
f 1399/447/345 985/448/345 4/451/345
f 983/452/346 1397/18/346 26/15/346
f 101/453/347 2487/454/347 983/452/347
f 4/451/348 2487/454/348 796/455/348
f 4/451/349 2488/456/349 1399/447/349
f 984/457/350 796/455/350 101/453/350
f 97/445/351 2488/456/351 984/457/351
f 985/448/352 809/13/352 4/451/352
f 98/450/353 2489/458/353 985/448/353
f 809/13/354 978/459/354 15/14/354
f 100/120/355 2490/460/355 981/461/355
f 16/119/356 2490/460/356 986/118/356
f 981/461/357 810/144/357 15/14/357
f 27/64/358 2491/462/358 819/62/358
f 99/463/359 2491/462/359 987/464/359
f 819/62/360 980/465/360 26/15/360
f 1091/466/361 1029/467/361 137/468/361
f 157/469/362 2492/470/362 1091/466/362
f 2492/470/363 143/471/363 1089/472/363
f 1029/467/364 1089/472/364 106/473/364
f 1092/474/365 1054/475/365 112/476/365
f 147/477/366 2493/478/366 1092/474/366
f 2493/478/367 149/479/367 1093/480/367
f 1054/475/368 1093/480/368 117/481/368
f 1093/480/369 1049/482/369 117/481/369
f 149/479/370 2494/483/370 1093/480/370
f 2494/483/371 151/484/371 1094/485/371
f 1049/482/372 1094/485/372 122/486/372
f 1094/485/373 1044/487/373 122/486/373
f 151/484/374 2495/488/374 1094/485/374
f 2495/488/375 153/489/375 1095/490/375
f 1044/487/376 1095/490/376 127/491/376
f 1095/490/377 1039/492/377 127/491/377
f 153/489/378 2496/493/378 1095/490/378
f 2496/493/379 155/494/379 1096/495/379
f 1039/492/380 1096/495/380 132/496/380
f 1096/495/381 1034/497/381 132/496/381
f 155/494/382 2497/498/382 1096/495/382
f 2497/498/383 157/469/383 1091/466/383
f 1034/497/384 1091/466/384 137/468/384
f 1089/472/385 1064/499/385 106/473/385
f 143/471/386 2498/500/386 1089/472/386
f 2498/500/387 145/501/387 1090/502/387
f 1064/499/388 1090/502/388 107/503/388
f 1090/502/389 1059/504/389 107/503/389
f 145/501/390 2499/505/390 1090/502/390
f 2499/505/391 147/506/391 1092/507/391
f 1059/504/392 1092/507/392 112/508/392
f 981/509/393 978/510/393 15/511/393
f 100/512/394 2500/513/394 981/509/394
f 979/514/395 982/515/395 21/516/395
f 99/517/396 2500/513/396 979/514/396
f 26/518/397 2500/513/397 980/519/397
f 101/520/398 2500/513/398 983/521/398
f 97/522/399 2500/513/399 984/523/399
f 98/524/400 2500/513/400 977/525/400
f 98/526/401 2501/527/401 978/528/401
f 989/529/402 1025/530/402 2501/527/402
f 2501/527/403 102/531/403 990/532/403
f 978/528/404 990/532/404 15/533/404
f 141/534/405 2502/535/405 1025/530/405
f 1024/536/406 1026/537/406 2502/535/406
f 1026/537/407 993/538/407 2502/535/407
f 1025/530/408 993/538/408 102/531/408
f 140/539/409 2503/540/409 1026/537/409
f 139/541/409 2503/540/409 1023/542/409
f 1027/543/410 994/544/410 2503/540/410
f 1026/537/410 994/544/410 103/545/410
f 1022/546/411 1027/543/411 139/541/411
f 138/547/412 2504/548/412 1022/546/412
f 2504/548/413 105/549/413 995/550/413
f 1027/543/414 995/550/414 104/551/414
f 1021/552/415 1028/553/415 138/547/415
f 137/468/416 2505/554/416 1021/552/416
f 2505/554/417 106/473/417 996/555/417
f 1028/553/418 996/555/418 105/549/418
f 97/556/419 2506/557/419 977/558/419
f 1197/559/420 1030/560/420 2506/557/420
f 2506/557/421 141/534/421 989/529/421
f 977/558/422 989/529/422 98/526/422
f 136/561/423 2507/562/423 1030/560/423
f 1020/563/424 1031/564/424 2507/562/424
f 2507/562/425 140/539/425 1024/536/425
f 1030/560/426 1024/536/426 141/534/426
f 1019/565/427 1031/564/427 135/566/427
f 1019/565/427 1032/567/427 2508/568/427
f 2508/568/428 139/541/428 1023/542/428
f 2508/568/428 140/539/428 1031/564/428
f 1018/569/429 1032/567/429 134/570/429
f 133/571/430 2509/572/430 1018/569/430
f 2509/572/431 138/547/431 1022/546/431
f 1032/567/432 1022/546/432 139/541/432
f 1017/573/433 1033/574/433 133/571/433
f 132/496/434 2510/575/434 1017/573/434
f 2510/575/435 137/468/435 1021/552/435
f 1033/574/436 1021/552/436 138/547/436
f 1195/576/437 984/577/437 101/578/437
f 1195/576/438 1035/579/438 2511/580/438
f 2511/580/439 136/561/439 1197/559/439
f 984/577/440 1197/559/440 97/556/440
f 131/581/441 2512/582/441 1035/579/441
f 1016/583/442 1036/584/442 2512/582/442
f 2512/582/443 135/566/443 1020/563/443
f 1035/579/444 1020/563/444 136/561/444
f 130/585/445 2513/586/445 1036/584/445
f 129/587/445 2513/586/445 1015/588/445
f 2513/586/446 134/570/446 1019/565/446
f 1036/584/446 1019/565/446 135/566/446
f 1014/589/447 1037/590/447 129/587/447
f 128/591/448 2514/592/448 1014/589/448
f 2514/592/449 133/571/449 1018/569/449
f 1037/590/450 1018/569/450 134/570/450
f 1013/593/451 1038/594/451 128/591/451
f 127/491/452 2515/595/452 1013/593/452
f 2515/595/453 132/496/453 1017/573/453
f 1038/594/454 1017/573/454 133/571/454
f 26/596/455 2516/597/455 983/598/455
f 1196/599/456 1040/600/456 2516/597/456
f 2516/597/457 131/581/457 1195/576/457
f 2516/597/458 101/578/458 983/598/458
f 126/601/459 2517/602/459 1040/600/459
f 1012/603/460 1041/604/460 2517/602/460
f 2517/602/461 130/585/461 1016/583/461
f 1040/600/462 1016/583/462 131/581/462
f 125/605/463 2518/606/463 1041/604/463
f 124/607/463 2518/606/463 1011/608/463
f 1042/609/464 1015/588/464 2518/606/464
f 1041/604/464 1015/588/464 130/585/464
f 1010/610/465 1042/609/465 124/607/465
f 123/611/466 2519/612/466 1010/610/466
f 2519/612/467 128/591/467 1014/589/467
f 1042/609/468 1014/589/468 129/587/468
f 1009/613/469 1043/614/469 123/611/469
f 122/486/470 2520/615/470 1009/613/470
f 2520/615/471 127/491/471 1013/593/471
f 1043/614/472 1013/593/472 128/591/472
f 99/616/473 2521/617/473 980/618/473
f 988/619/474 1045/620/474 2521/617/474
f 2521/617/475 126/601/475 1196/599/475
f 980/618/476 1196/599/476 26/596/476
f 121/621/477 2522/622/477 1045/620/477
f 1008/623/478 1046/624/478 2522/622/478
f 2522/622/479 125/605/479 1012/603/479
f 1045/620/480 1012/603/480 126/601/480
f 1007/625/481 1046/624/481 120/626/481
f 119/627/481 2523/628/481 1007/625/481
f 1047/629/482 1011/608/482 2523/628/482
f 1046/624/482 1011/608/482 125/605/482
f 1006/630/483 1047/629/483 119/627/483
f 118/631/484 2524/632/484 1006/630/484
f 2524/632/485 123/611/485 1010/610/485
f 1047/629/486 1010/610/486 124/607/486
f 1005/633/487 1048/634/487 118/631/487
f 117/481/488 2525/635/488 1005/633/488
f 2525/635/489 122/486/489 1009/613/489
f 1048/634/490 1009/613/490 123/611/490
f 991/636/491 979/637/491 21/638/491
f 116/639/492 2526/640/492 991/636/492
f 2526/640/493 121/621/493 988/619/493
f 979/637/494 988/619/494 99/616/494
f 1004/641/495 1050/642/495 116/639/495
f 115/643/496 2527/644/496 1004/641/496
f 1051/645/497 1008/623/497 2527/644/497
f 2527/644/498 121/621/498 1050/642/498
f 115/643/499 2528/646/499 1051/645/499
f 1003/647/499 1052/648/499 2528/646/499
f 2528/646/500 119/627/500 1007/625/500
f 2528/646/500 120/626/500 1051/645/500
f 1002/649/501 1052/648/501 114/650/501
f 113/651/502 2529/652/502 1002/649/502
f 2529/652/503 118/631/503 1006/630/503
f 1052/648/504 1006/630/504 119/627/504
f 1001/653/505 1053/654/505 113/651/505
f 112/476/506 2530/655/506 1001/653/506
f 2530/655/507 117/481/507 1005/633/507
f 1053/654/508 1005/633/508 118/631/508
f 992/656/509 982/657/509 100/658/509
f 111/659/510 2531/660/510 992/656/510
f 1055/661/511 991/662/511 2531/660/511
f 2531/660/512 21/663/512 982/657/512
f 1000/664/513 1055/661/513 111/659/513
f 110/665/514 2532/666/514 1000/664/514
f 1056/667/515 1004/668/515 2532/666/515
f 2532/666/516 116/669/516 1055/661/516
f 999/670/517 1056/667/517 110/665/517
f 109/671/517 2533/672/517 999/670/517
f 1057/673/518 1003/674/518 2533/672/518
f 2533/672/518 115/675/518 1056/667/518
f 998/676/519 1057/673/519 109/671/519
f 108/677/520 2534/678/520 998/676/520
f 2534/678/521 113/679/521 1002/680/521
f 1057/673/522 1002/680/522 114/681/522
f 997/682/523 1058/683/523 108/677/523
f 107/503/524 2535/684/524 997/682/524
f 2535/684/525 112/508/525 1001/685/525
f 1058/683/526 1001/685/526 113/679/526
f 990/532/527 981/686/527 15/533/527
f 102/531/528 2536/687/528 990/532/528
f 1060/688/529 992/656/529 2536/687/529
f 2536/687/530 100/658/530 981/686/530
f 993/538/531 1060/688/531 102/531/531
f 103/545/532 2537/689/532 993/538/532
f 1061/690/533 1000/664/533 2537/689/533
f 2537/689/534 111/659/534 1060/688/534
f 994/544/535 1061/690/535 103/545/535
f 104/551/535 2538/691/535 994/544/535
f 1062/692/536 999/670/536 2538/691/536
f 1061/690/536 999/670/536 110/665/536
f 995/550/537 1062/692/537 104/551/537
f 105/549/538 2539/693/538 995/550/538
f 2539/693/539 108/677/539 998/676/539
f 1062/692/540 998/676/540 109/671/540
f 996/555/541 1063/694/541 105/549/541
f 106/473/542 2540/695/542 996/555/542
f 2540/695/543 107/503/543 997/682/543
f 1063/694/544 997/682/544 108/677/544
f 145/501/545 2541/696/545 1065/697/545
f 1066/698/546 1067/699/546 2541/696/546
f 2541/696/547 142/700/547 1068/701/547
f 1065/697/548 1068/701/548 144/702/548
f 147/506/549 2542/703/549 1069/704/549
f 1070/705/550 1065/697/550 2542/703/550
f 2542/703/551 144/702/551 1071/706/551
f 1069/704/552 1071/706/552 146/707/552
f 149/479/553 2543/708/553 1072/709/553
f 1073/710/554 1069/711/554 2543/708/554
f 2543/708/555 146/712/555 1074/713/555
f 1072/709/556 1074/713/556 148/714/556
f 1076/715/557 1075/716/557 151/484/557
f 1076/715/558 1072/709/558 2544/717/558
f 1072/709/559 1077/718/559 2544/717/559
f 2544/717/560 150/719/560 1075/716/560
f 1079/720/561 1078/721/561 153/489/561
f 151/484/562 2545/722/562 1079/720/562
f 1075/716/563 1080/723/563 2545/722/563
f 2545/722/564 152/724/564 1078/721/564
f 1082/725/565 1081/726/565 155/494/565
f 153/489/566 2546/727/566 1082/725/566
f 1078/721/567 1083/728/567 2546/727/567
f 2546/727/568 154/729/568 1081/726/568
f 1085/730/569 1084/731/569 157/469/569
f 155/494/570 2547/732/570 1085/730/570
f 1081/726/571 1086/733/571 2547/732/571
f 2547/732/572 156/734/572 1084/731/572
f 143/471/573 2548/735/573 1067/699/573
f 157/469/574 2548/735/574 1087/736/574
f 1084/731/575 1088/737/575 2548/735/575
f 1067/699/576 1088/737/576 142/700/576
f 1099/738/577 1098/739/577 179/740/577
f 1099/738/578 1113/741/578 2549/742/578
f 2549/742/579 170/743/579 1115/744/579
f 2549/742/580 162/745/580 1098/739/580
f 1125/746/581 1113/741/581 180/747/581
f 1125/746/582 1080/748/582 2550/749/582
f 2550/749/583 150/750/583 1100/751/583
f 1113/741/584 1100/751/584 170/743/584
f 170/743/585 2551/752/585 1114/753/585
f 1100/751/586 1077/754/586 2551/752/586
f 2551/752/587 148/755/587 1117/756/587
f 1114/753/588 1117/756/588 164/757/588
f 162/745/589 2552/758/589 1097/759/589
f 1115/744/590 1114/753/590 2552/758/590
f 2552/758/591 164/757/591 1101/760/591
f 1097/759/592 1101/760/592 159/761/592
f 159/761/593 2553/762/593 1103/763/593
f 1101/760/594 1116/764/594 2553/762/594
f 2553/762/595 171/765/595 1119/766/595
f 1103/763/596 1119/766/596 165/767/596
f 164/757/597 2554/768/597 1116/764/597
f 148/755/598 2554/768/598 1117/756/598
f 1074/769/599 1104/770/599 2554/768/599
f 2554/768/600 171/765/600 1116/764/600
f 1104/771/601 1118/772/601 171/773/601
f 146/774/602 2555/775/602 1104/771/602
f 1071/776/603 1121/777/603 2555/775/603
f 2555/775/604 166/778/604 1118/772/604
f 165/767/605 2556/779/605 1102/780/605
f 1119/781/606 1118/772/606 2556/779/606
f 2556/779/607 166/778/607 1105/782/607
f 1102/780/608 1105/782/608 161/783/608
f 161/783/609 2557/784/609 1107/785/609
f 1105/782/610 1120/786/610 2557/784/610
f 1120/786/611 1123/787/611 2557/784/611
f 1107/785/612 1123/787/612 167/788/612
f 1121/777/613 1120/786/613 166/778/613
f 144/789/614 2558/790/614 1121/777/614
f 1068/791/615 1108/792/615 2558/790/615
f 2558/790/616 172/793/616 1120/786/616
f 1108/792/617 1122/794/617 172/793/617
f 142/795/618 2559/796/618 1108/792/618
f 2559/796/619 156/797/619 1112/798/619
f 1122/794/620 1112/798/620 168/799/620
f 1123/787/621 1106/800/621 167/788/621
f 172/793/622 2560/801/622 1123/787/622
f 1122/794/623 1109/802/623 2560/801/623
f 2560/801/624 160/803/624 1106/800/624
f 1102/780/625 1135/804/625 165/767/625
f 1102/780/626 1134/805/626 2561/806/626
f 2561/806/627 175/807/627 1132/808/627
f 2561/806/628 176/809/628 1135/804/628
f 1112/798/629 1124/810/629 168/799/629
f 1112/798/630 1086/811/630 2562/812/630
f 2562/812/631 154/813/631 1194/814/631
f 1124/810/632 1194/814/632 182/815/632
f 182/816/633 2563/817/633 1126/818/633
f 1194/819/634 1083/820/634 2563/817/634
f 2563/817/635 152/821/635 1125/746/635
f 1126/818/636 1125/746/636 180/747/636
f 1136/822/637 1149/823/637 163/824/637
f 158/825/638 2564/826/638 1136/822/638
f 1148/827/639 1144/828/639 2564/826/639
f 2564/826/640 184/829/640 1149/823/640
f 159/761/641 2565/830/641 1097/759/641
f 165/767/642 2565/830/642 1103/763/642
f 1128/831/643 1131/832/643 2565/830/643
f 2565/830/644 162/745/644 1097/759/644
f 1185/833/645 1179/834/645 195/835/645
f 177/836/646 2566/837/646 1185/833/646
f 2566/837/647 178/838/647 1187/839/647
f 1179/834/648 1187/839/648 202/840/648
f 1124/810/649 1111/841/649 168/799/649
f 1124/810/650 1129/842/650 2567/843/650
f 2567/843/651 178/838/651 1133/844/651
f 1111/841/652 1133/844/652 177/836/652
f 1131/832/653 1098/739/653 162/745/653
f 174/845/654 2568/846/654 1131/832/654
f 1130/847/655 1110/848/655 2568/846/655
f 2568/846/656 179/740/656 1098/739/656
f 1107/785/657 1134/805/657 161/783/657
f 1186/849/658 1107/785/658 167/788/658
f 1171/850/659 1186/849/659 200/851/659
f 1188/852/660 1171/850/660 199/853/660
f 1134/805/661 1188/852/661 175/807/661
f 1127/854/662 1129/842/662 182/815/662
f 181/855/663 2570/856/663 1127/854/663
f 1174/857/664 1190/858/664 203/859/664
f 202/840/665 2570/856/665 1174/857/665
f 1129/842/666 1187/839/666 178/838/666
f 160/803/667 2571/860/667 1184/861/667
f 1111/841/668 1109/802/668 168/799/668
f 177/836/669 2571/860/669 1111/841/669
f 1168/862/670 1185/833/670 195/835/670
f 1184/861/671 1168/862/671 197/863/671
f 1106/800/672 1186/849/672 167/788/672
f 1184/864/673 1106/800/673 160/803/673
f 197/865/674 2572/866/674 1184/864/674
f 1183/867/675 1169/868/675 196/869/675
f 1170/870/676 1183/867/676 198/871/676
f 1186/849/677 1170/870/677 200/851/677
f 1130/872/678 1190/873/678 181/874/678
f 1191/875/679 1130/872/679 174/845/679
f 1177/876/680 1191/875/680 206/877/680
f 205/878/681 2573/879/681 1177/876/681
f 201/880/682 2573/879/682 1182/881/682
f 1190/873/683 1172/882/683 203/883/683
f 176/809/684 2574/884/684 1189/885/684
f 175/807/685 2574/884/685 1132/808/685
f 2574/884/686 199/853/686 1181/886/686
f 2574/884/687 204/887/687 1189/885/687
f 174/845/688 2575/888/688 1191/875/688
f 1135/804/689 1128/831/689 165/767/689
f 176/809/690 2575/888/690 1135/804/690
f 204/887/691 2575/888/691 1189/885/691
f 1191/875/692 1175/889/692 206/877/692
f 158/890/693 2576/891/693 1140/892/693
f 163/893/694 2576/891/694 1136/894/694
f 1141/895/695 1099/738/695 2576/891/695
f 1140/892/696 1099/738/696 179/740/696
f 169/896/697 2577/897/697 1142/898/697
f 1137/899/698 1140/900/698 2577/897/698
f 2577/897/699 179/740/699 1110/848/699
f 2577/897/700 181/901/700 1142/898/700
f 1138/902/701 1141/895/701 163/893/701
f 173/903/702 2578/904/702 1138/902/702
f 1143/905/703 1126/818/703 2578/904/703
f 2578/904/704 180/747/704 1141/895/704
f 173/906/705 2579/907/705 1143/908/705
f 169/909/706 2579/907/706 1139/910/706
f 1142/911/707 1127/854/707 2579/907/707
f 2579/907/708 182/815/708 1143/908/708
f 169/909/709 2580/912/709 1151/913/709
f 1139/910/710 1150/914/710 2580/912/710
f 2580/912/711 186/915/711 1147/916/711
f 1151/913/712 1147/916/712 185/917/712
f 158/918/713 2581/919/713 1148/920/713
f 1137/921/714 1151/922/714 2581/919/714
f 2581/919/715 185/923/715 1145/924/715
f 1148/920/716 1145/924/716 183/925/716
f 173/906/717 2582/926/717 1150/914/717
f 163/824/718 2582/926/718 1138/927/718
f 1149/823/719 1146/928/719 2582/926/719
f 1150/914/720 1146/928/720 186/915/720
f 1145/924/721 1165/929/721 183/925/721
f 1145/924/722 1166/930/722 2583/931/722
f 2583/931/723 191/932/723 1156/933/723
f 1165/929/724 1156/933/724 187/934/724
f 186/915/725 2584/935/725 1167/936/725
f 1146/928/726 1164/937/726 2584/935/726
f 2584/935/727 190/938/727 1161/939/727
f 1167/936/728 1161/939/728 194/940/728
f 185/917/729 2585/941/729 1166/942/729
f 1147/916/730 1167/936/730 2585/941/730
f 2585/941/731 194/940/731 1162/943/731
f 2585/941/732 191/944/732 1166/942/732
f 192/945/733 2586/946/733 1158/947/733
f 193/948/734 2586/946/734 1163/949/734
f 2586/946/735 189/950/735 1153/951/735
f 2586/946/736 188/952/736 1158/947/736
f 188/952/737 2587/953/737 1152/954/737
f 189/950/738 2587/953/738 1153/951/738
f 1154/955/739 1155/956/739 2587/953/739
f 2587/953/740 187/957/740 1152/954/740
f 187/934/741 2588/958/741 1152/959/741
f 1156/933/742 1157/960/742 2588/958/742
f 2588/958/743 192/945/743 1158/947/743
f 2588/958/744 188/952/744 1152/959/744
f 189/950/745 2589/961/745 1154/955/745
f 193/948/746 2589/961/746 1159/962/746
f 1160/963/747 1161/939/747 2589/961/747
f 1154/955/748 1161/939/748 190/938/748
f 1162/943/749 1157/964/749 191/944/749
f 1162/943/750 1160/963/750 2590/965/750
f 2590/965/751 193/948/751 1163/949/751
f 2590/965/752 192/945/752 1157/964/752
f 1144/828/753 1164/937/753 184/829/753
f 1144/828/754 1165/966/754 2591/967/754
f 1165/966/755 1155/956/755 2591/967/755
f 2591/967/756 190/938/756 1164/937/756
f 158/968/757 2592/969/757 1148/970/757
f 1168/971/758 1176/972/758 197/973/758
f 1179/974/759 1168/971/759 195/975/759
f 202/976/760 2592/969/760 1179/974/760
f 1148/970/761 1173/977/761 183/978/761
f 205/878/762 2593/979/762 1182/881/762
f 198/980/763 2593/979/763 1180/981/763
f 2593/979/764 196/982/764 1178/983/764
f 2593/979/765 201/880/765 1182/881/765
f 1192/984/766 1168/985/766 197/986/766
f 1192/984/767 1174/857/767 2594/987/767
f 2594/987/768 202/840/768 1179/988/768
f 2594/987/769 195/989/769 1168/985/769
f 196/982/770 2595/990/770 1178/983/770
f 1169/991/771 1192/992/771 2595/990/771
f 1192/992/772 1172/882/772 2595/990/772
f 2595/990/773 201/880/773 1178/983/773
f 1170/993/774 1193/994/774 200/851/774
f 198/980/775 2596/995/775 1170/993/775
f 1180/981/776 1177/876/776 2596/995/776
f 2596/995/777 206/877/777 1193/994/777
f 199/853/778 2597/996/778 1181/886/778
f 1171/850/779 1193/994/779 2597/996/779
f 2597/996/780 206/877/780 1175/889/780
f 1181/886/781 1175/889/781 204/887/781
f 231/997/782 2598/998/782 1223/999/782
f 1222/1000/783 1224/1001/783 2598/998/783
f 1224/1001/784 1225/1002/784 2598/998/784
f 1223/999/785 1225/1002/785 292/1003/785
f 207/1004/786 2599/1005/786 1210/1006/786
f 1217/1007/787 1229/1008/787 2599/1005/787
f 2599/1005/788 231/997/788 1235/1009/788
f 1210/1006/789 1235/1009/789 221/1010/789
f 227/1011/790 2600/1012/790 1229/1008/790
f 1216/1013/791 1230/1014/791 2600/1012/791
f 2600/1012/792 232/1015/792 1222/1000/792
f 1229/1008/793 1222/1000/793 231/997/793
f 1228/1016/794 1232/1017/794 293/1018/794
f 1228/1016/795 1231/1019/795 2601/1020/795
f 2601/1020/796 220/1021/796 1209/1022/796
f 2601/1020/797 219/1023/797 1232/1017/797
f 1233/1024/798 1213/1025/798 223/1026/798
f 293/1018/799 2602/1027/799 1233/1024/799
f 1232/1017/800 1208/1028/800 2602/1027/800
f 2602/1027/801 209/1029/801 1213/1025/801
f 1234/1030/802 1212/1031/802 222/1032/802
f 1234/1030/803 1226/1033/803 2603/1034/803
f 1226/1033/804 1233/1024/804 2603/1034/804
f 2603/1034/805 223/1026/805 1212/1031/805
f 221/1010/806 2604/1035/806 1211/1036/806
f 1235/1009/807 1223/1037/807 2604/1035/807
f 1223/1037/808 1234/1030/808 2604/1035/808
f 2604/1035/809 222/1032/809 1211/1036/809
f 237/1038/810 2605/1039/810 1238/1040/810
f 1236/1041/811 1239/1042/811 2605/1039/811
f 2605/1039/812 241/1043/812 1241/1044/812
f 1238/1040/813 1241/1044/813 240/1045/813
f 1237/1046/814 1239/1042/814 238/1047/814
f 239/1048/815 2606/1049/815 1237/1046/815
f 1240/1050/816 1242/1051/816 2606/1049/816
f 2606/1049/817 241/1043/817 1239/1042/817
f 1207/1052/818 1215/1053/818 210/1054/818
f 218/1055/819 2607/1056/819 1207/1052/819
f 1243/1057/820 1249/1058/820 2607/1056/820
f 2607/1056/821 225/1059/821 1215/1053/821
f 218/1055/822 2608/1060/822 1243/1057/822
f 1206/1061/823 1244/1062/823 2608/1060/823
f 2608/1060/824 238/1047/824 1236/1041/824
f 1243/1057/825 1236/1041/825 237/1038/825
f 1205/1063/826 1244/1062/826 217/1064/826
f 216/1065/827 2609/1066/827 1205/1063/827
f 1245/1067/828 1237/1046/828 2609/1066/828
f 2609/1066/829 238/1047/829 1244/1062/829
f 1204/1068/830 1245/1067/830 216/1065/830
f 209/1029/831 2610/1069/831 1204/1068/831
f 1208/1028/832 1246/1070/832 2610/1069/832
f 2610/1069/833 239/1048/833 1245/1067/833
f 1246/1070/834 1240/1050/834 239/1048/834
f 219/1023/835 2611/1071/835 1246/1070/835
f 1209/1022/836 1247/1072/836 2611/1071/836
f 2611/1071/837 242/1073/837 1240/1050/837
f 1249/1058/838 1214/1074/838 225/1059/838
f 237/1038/839 2612/1075/839 1249/1058/839
f 1238/1040/840 1248/1076/840 2612/1075/840
f 2612/1075/841 224/1077/841 1214/1074/841
f 1199/1078/842 1401/1079/842 212/1080/842
f 211/1081/843 2613/1082/843 1199/1078/843
f 1250/1083/844 1400/1084/844 2613/1082/844
f 2613/1082/845 40/1085/845 1401/1079/845
f 1198/1086/846 1250/1083/846 211/1081/846
f 208/1087/847 2614/1088/847 1198/1086/847
f 1221/1089/848 1251/1090/848 2614/1088/848
f 2614/1088/849 243/1091/849 1250/1083/849
f 1251/1090/850 1402/1092/850 243/1091/850
f 230/1093/851 2615/1094/851 1251/1090/851
f 1220/1095/852 1404/1096/852 2615/1094/852
f 2615/1094/853 4/1097/853 1402/1092/853
f 1404/1096/854 1403/1098/854 4/1097/854
f 1404/1096/855 1219/1099/855 2616/1100/855
f 2616/1100/856 228/1101/856 1252/1102/856
f 1403/1098/857 1252/1102/857 244/1103/857
f 244/1103/858 2617/1104/858 1253/1105/858
f 1252/1102/859 1218/1106/859 2617/1104/859
f 2617/1104/860 210/1054/860 1215/1053/860
f 1253/1105/861 1215/1053/861 225/1059/861
f 976/1107/862 797/1108/862 41/1109/862
f 976/1107/863 1253/1105/863 2618/1110/863
f 2618/1110/864 225/1059/864 1214/1074/864
f 797/1108/865 1214/1074/865 224/1077/865
f 245/1111/866 2619/1112/866 1257/1113/866
f 1255/1114/867 1258/1115/867 2619/1112/867
f 1258/1115/868 1260/1116/868 2619/1112/868
f 1257/1113/869 1260/1116/869 248/1117/869
f 248/1117/870 2620/1118/870 1261/1119/870
f 1260/1120/871 1262/1121/871 2620/1118/871
f 2620/1118/872 252/1122/872 1264/1123/872
f 1261/1119/873 1264/1123/873 251/1124/873
f 208/1087/874 2621/1125/874 1221/1089/874
f 1203/1126/875 1266/1127/875 2621/1125/875
f 2621/1125/876 245/1111/876 1277/1128/876
f 1221/1089/877 1277/1128/877 230/1093/877
f 215/1129/878 2622/1130/878 1266/1127/878
f 1202/1131/879 1267/1132/879 2622/1130/879
f 2622/1130/880 246/1133/880 1255/1114/880
f 1266/1127/881 1255/1114/881 245/1111/881
f 288/1134/882 2623/1135/882 1314/1136/882
f 1340/1137/883 1301/1138/883 2623/1135/883
f 2623/1135/884 262/1139/884 1295/1140/884
f 1314/1136/885 1295/1140/885 264/1141/885
f 1200/1142/886 1268/1143/886 213/1144/886
f 207/1004/887 2624/1145/887 1200/1142/887
f 2624/1145/888 221/1010/888 1269/1146/888
f 1268/1143/889 1269/1146/889 247/1147/889
f 247/1147/890 2625/1148/890 1259/1149/890
f 1269/1146/891 1211/1036/891 2625/1148/891
f 1211/1036/892 1270/1150/892 2625/1148/892
f 1259/1149/893 1270/1150/893 285/1151/893
f 1270/1150/894 1263/1152/894 285/1151/894
f 222/1032/895 2626/1153/895 1270/1150/895
f 1212/1031/896 1271/1154/896 2626/1153/896
f 2626/1153/897 253/1155/897 1263/1152/897
f 1271/1154/898 1272/1156/898 253/1155/898
f 223/1026/899 2627/1157/899 1271/1154/899
f 2627/1157/900 209/1029/900 1204/1068/900
f 2627/1157/901 216/1065/901 1272/1156/901
f 252/1122/902 2628/1158/902 1273/1159/902
f 253/1155/903 2628/1158/903 1265/1160/903
f 1272/1156/904 1205/1063/904 2628/1158/904
f 2628/1158/905 217/1064/905 1273/1159/905
f 251/1124/906 2629/1161/906 1274/1162/906
f 1264/1123/907 1273/1159/907 2629/1161/907
f 2629/1161/908 217/1064/908 1206/1061/908
f 1274/1162/909 1206/1061/909 218/1055/909
f 228/1101/910 2630/1163/910 1218/1106/910
f 1275/1164/911 1274/1162/911 2630/1163/911
f 2630/1163/912 218/1055/912 1207/1052/912
f 2630/1163/913 210/1054/913 1218/1106/913
f 229/1165/914 2631/1166/914 1219/1099/914
f 1276/1167/915 1261/1119/915 2631/1166/915
f 2631/1166/916 251/1124/916 1275/1164/916
f 1219/1099/917 1275/1164/917 228/1101/917
f 230/1093/918 2632/1168/918 1220/1095/918
f 1277/1128/919 1257/1113/919 2632/1168/919
f 2632/1168/920 248/1117/920 1276/1167/920
f 1220/1095/921 1276/1167/921 229/1165/921
f 254/1169/922 2633/1170/922 1280/1171/922
f 1278/1172/923 1281/1173/923 2633/1170/923
f 2633/1170/924 258/1174/924 1283/1175/924
f 1280/1171/925 1283/1175/925 257/1176/925
f 255/1177/926 2634/1178/926 1281/1173/926
f 256/1179/927 2634/1178/927 1279/1180/927
f 1282/1181/928 1284/1182/928 2634/1178/928
f 2634/1178/929 258/1174/929 1281/1173/929
f 256/1179/930 2635/1183/930 1282/1181/930
f 1285/1184/931 1216/1013/931 2635/1183/931
f 1216/1013/932 1286/1185/932 2635/1183/932
f 2635/1183/933 259/1186/933 1282/1181/933
f 1286/1185/934 1287/1187/934 259/1186/934
f 227/1011/935 2636/1188/935 1286/1185/935
f 2636/1188/936 207/1004/936 1200/1142/936
f 2636/1188/937 213/1144/937 1287/1187/937
f 1284/1182/938 1288/1189/938 258/1174/938
f 259/1186/939 2637/1190/939 1284/1182/939
f 1287/1191/940 1201/1192/940 2637/1190/940
f 2637/1190/941 214/1193/941 1288/1189/941
f 257/1176/942 2638/1194/942 1289/1195/942
f 1283/1175/943 1288/1189/943 2638/1194/943
f 2638/1194/944 214/1193/944 1202/1196/944
f 1289/1195/945 1202/1196/945 215/1129/945
f 211/1081/946 2639/1197/946 1198/1086/946
f 1290/1198/947 1289/1195/947 2639/1197/947
f 2639/1197/948 215/1129/948 1203/1126/948
f 1198/1086/949 1203/1126/949 208/1087/949
f 212/1080/950 2640/1199/950 1199/1078/950
f 1291/1200/951 1280/1171/951 2640/1199/951
f 2640/1199/952 257/1176/952 1290/1198/952
f 1199/1078/953 1290/1198/953 211/1081/953
f 1263/1152/954 1292/1201/954 285/1151/954
f 253/1155/955 2641/1202/955 1263/1152/955
f 1265/1160/956 1262/1203/956 2641/1202/956
f 1292/1201/957 1262/1203/957 284/1204/957
f 269/1205/958 2642/1206/958 1308/1207/958
f 268/1208/959 2642/1206/959 1337/1209/959
f 1256/1210/960 1293/1211/960 2642/1206/960
f 2642/1206/961 261/1212/961 1308/1207/961
f 1293/1211/962 1297/1213/962 261/1212/962
f 1293/1211/963 1298/1214/963 2643/1215/963
f 2643/1215/964 263/1216/964 1294/1217/964
f 2643/1215/965 262/1139/965 1297/1213/965
f 263/1216/966 2644/1218/966 1294/1217/966
f 1296/1219/967 1299/1220/967 2644/1218/967
f 2644/1218/968 264/1141/968 1295/1140/968
f 1294/1217/969 1295/1140/969 262/1139/969
f 274/1221/970 2645/1222/970 1301/1138/970
f 1334/1223/971 1308/1207/971 2645/1222/971
f 2645/1222/972 261/1212/972 1297/1213/972
f 1301/1138/973 1297/1213/973 262/1139/973
f 1331/1224/974 1317/1225/974 290/1226/974
f 1331/1224/975 1314/1136/975 2646/1227/975
f 2646/1227/976 264/1141/976 1299/1220/976
f 2646/1227/977 265/1228/977 1317/1225/977
f 1328/1229/978 1320/1230/978 281/1231/978
f 1328/1229/979 1317/1225/979 2647/1232/979
f 2647/1232/980 265/1228/980 1296/1219/980
f 2647/1232/981 263/1216/981 1320/1230/981
f 1325/1233/982 1256/1210/982 268/1208/982
f 281/1231/983 2648/1234/983 1325/1233/983
f 1320/1230/984 1298/1214/984 2648/1234/984
f 2648/1234/985 260/1235/985 1256/1210/985
f 1268/1236/986 1305/1237/986 213/1238/986
f 247/1239/987 2649/1240/987 1268/1236/987
f 1304/1241/988 1323/1242/988 2649/1240/988
f 2649/1240/989 266/1243/989 1305/1237/989
f 1323/1242/990 1306/1244/990 266/1243/990
f 283/1245/991 2650/1246/991 1323/1242/991
f 1322/1247/992 1324/1248/992 2650/1246/992
f 2650/1246/993 267/1249/993 1306/1244/993
f 1324/1248/994 1307/1250/994 267/1249/994
f 282/1251/995 2651/1252/995 1324/1248/995
f 1321/1253/996 1325/1233/996 2651/1252/996
f 2651/1252/997 268/1208/997 1307/1250/997
f 1259/1254/998 1304/1241/998 247/1239/998
f 1259/1254/999 1303/1255/999 2652/1256/999
f 2652/1256/1000 287/1257/1000 1326/1258/1000
f 2652/1256/1001 283/1245/1001 1304/1241/1001
f 1326/1258/1002 1322/1247/1002 283/1245/1002
f 1326/1258/1003 1319/1259/1003 2653/1260/1003
f 1319/1259/1004 1327/1261/1004 2653/1260/1004
f 2653/1260/1005 282/1251/1005 1322/1247/1005
f 1327/1261/1006 1321/1253/1006 282/1251/1006
f 291/1262/1007 2654/1263/1007 1327/1261/1007
f 1318/1264/1008 1328/1229/1008 2654/1263/1008
f 2654/1263/1009 281/1231/1009 1321/1253/1009
f 1341/1265/1010 1343/1266/1010 250/1267/1010
f 249/1268/1011 2655/1269/1011 1341/1265/1011
f 1342/1270/1012 1329/1271/1012 2655/1269/1012
f 2655/1269/1013 280/1272/1013 1343/1266/1013
f 1329/1271/1014 1347/1273/1014 280/1272/1014
f 277/1274/1015 2656/1275/1015 1329/1271/1015
f 1345/1276/1016 1330/1277/1016 2656/1275/1016
f 2656/1275/1017 279/1278/1017 1347/1273/1017
f 1330/1277/1018 1346/1279/1018 279/1278/1018
f 1330/1277/1019 1344/1280/1019 2657/1281/1019
f 2657/1281/1020 275/1282/1020 1348/1283/1020
f 1346/1279/1021 1348/1283/1021 278/1284/1021
f 246/1285/1022 2658/1286/1022 1311/1287/1022
f 1267/1288/1023 1300/1289/1023 2658/1286/1023
f 2658/1286/1024 271/1290/1024 1332/1291/1024
f 1311/1287/1025 1332/1291/1025 272/1292/1025
f 272/1292/1026 2659/1293/1026 1312/1294/1026
f 1332/1291/1027 1310/1295/1027 2659/1293/1027
f 2659/1293/1028 270/1296/1028 1333/1297/1028
f 1312/1294/1029 1333/1297/1029 273/1298/1029
f 273/1298/1030 2660/1299/1030 1313/1300/1030
f 1333/1297/1031 1309/1301/1031 2660/1299/1031
f 2660/1299/1032 269/1302/1032 1334/1303/1032
f 1313/1300/1033 1334/1303/1033 274/1304/1033
f 1201/1305/1034 1300/1289/1034 214/1306/1034
f 213/1238/1035 2661/1307/1035 1201/1305/1035
f 1305/1237/1036 1335/1308/1036 2661/1307/1036
f 2661/1307/1037 271/1290/1037 1300/1289/1037
f 271/1290/1038 2662/1309/1038 1310/1295/1038
f 266/1243/1039 2662/1309/1039 1335/1308/1039
f 1306/1244/1040 1336/1310/1040 2662/1309/1040
f 1310/1295/1041 1336/1310/1041 270/1296/1041
f 270/1296/1042 2663/1311/1042 1309/1312/1042
f 267/1249/1043 2663/1311/1043 1336/1310/1043
f 1307/1250/1044 1337/1209/1044 2663/1311/1044
f 2663/1311/1045 269/1205/1045 1309/1312/1045
f 1258/1313/1046 1302/1314/1046 284/1315/1046
f 246/1285/1047 2664/1316/1047 1258/1313/1047
f 2664/1316/1048 272/1292/1048 1338/1317/1048
f 2664/1316/1049 286/1318/1049 1302/1314/1049
f 286/1318/1050 2665/1319/1050 1316/1320/1050
f 1338/1317/1051 1312/1294/1051 2665/1319/1051
f 2665/1319/1052 273/1298/1052 1339/1321/1052
f 1316/1320/1053 1339/1321/1053 289/1322/1053
f 289/1322/1054 2666/1323/1054 1315/1324/1054
f 1339/1321/1055 1313/1300/1055 2666/1323/1055
f 2666/1323/1056 274/1304/1056 1340/1325/1056
f 1315/1324/1057 1340/1325/1057 288/1326/1057
f 249/1327/1058 2667/1328/1058 1349/1329/1058
f 250/1330/1059 2667/1328/1059 1341/1331/1059
f 1350/1332/1060 1292/1333/1060 2667/1328/1060
f 1349/1329/1061 1292/1333/1061 284/1334/1061
f 1342/1335/1062 1351/1336/1062 277/1337/1062
f 249/1338/1063 2668/1339/1063 1342/1335/1063
f 1349/1340/1064 1302/1314/1064 2668/1339/1064
f 2668/1339/1065 286/1318/1065 1351/1336/1065
f 250/1330/1066 2669/1341/1066 1350/1332/1066
f 1343/1342/1067 1352/1343/1067 2669/1341/1067
f 2669/1341/1068 287/1257/1068 1303/1255/1068
f 1350/1332/1069 1303/1255/1069 285/1344/1069
f 275/1345/1070 2670/1346/1070 1353/1347/1070
f 1344/1348/1071 1354/1349/1071 2670/1346/1071
f 1354/1349/1072 1315/1324/1072 2670/1346/1072
f 1353/1347/1073 1315/1324/1073 288/1326/1073
f 276/1350/1074 2671/1351/1074 1354/1349/1074
f 277/1337/1075 2671/1351/1075 1345/1352/1075
f 1351/1336/1076 1316/1320/1076 2671/1351/1076
f 2671/1351/1077 289/1322/1077 1354/1349/1077
f 279/1353/1078 2672/1354/1078 1355/1355/1078
f 1346/1356/1079 1356/1357/1079 2672/1354/1079
f 2672/1354/1080 290/1226/1080 1318/1264/1080
f 1355/1355/1081 1318/1264/1081 291/1262/1081
f 280/1358/1082 2673/1359/1082 1352/1343/1082
f 1347/1360/1083 1355/1355/1083 2673/1359/1083
f 2673/1359/1084 291/1262/1084 1319/1259/1084
f 1352/1343/1085 1319/1259/1085 287/1257/1085
f 278/1361/1086 2674/1362/1086 1356/1363/1086
f 1348/1364/1087 1353/1365/1087 2674/1362/1087
f 2674/1362/1088 288/1134/1088 1331/1224/1088
f 1356/1363/1089 1331/1224/1089 290/1226/1089
f 294/1366/1090 2675/1367/1090 1359/1368/1090
f 1384/1369/1091 1381/1370/1091 304/1371/1091
f 1359/1368/1092 1384/1369/1092 234/1372/1092
f 1357/1373/1093 1360/1374/1093 233/1375/1093
f 235/1376/1094 2676/1377/1094 1357/1373/1094
f 1361/1378/1095 1226/1033/1095 2676/1377/1095
f 1360/1374/1096 1226/1033/1096 292/1379/1096
f 1383/1380/1097 1361/1381/1097 235/1382/1097
f 305/1383/1098 2677/1384/1098 1383/1380/1098
f 293/1018/1099 2677/1384/1099 1368/1385/1099
f 296/1386/1100 2678/1387/1100 1374/1388/1100
f 1364/1389/1101 1363/1390/1101 302/1391/1101
f 297/1392/1102 2678/1387/1102 1364/1389/1102
f 297/1392/1103 2679/1393/1103 1375/1394/1103
f 1365/1395/1104 1364/1389/1104 302/1391/1104
f 298/1396/1105 2679/1393/1105 1365/1395/1105
f 298/1396/1106 2680/1397/1106 1376/1398/1106
f 1367/1399/1107 1365/1400/1107 302/1401/1107
f 299/1402/1108 2680/1397/1108 1367/1399/1108
f 299/1403/1109 2681/1404/1109 1377/1405/1109
f 1369/1406/1110 1387/1407/1110 303/1408/1110
f 300/1409/1111 2681/1404/1111 1369/1406/1111
f 304/1410/1112 2682/1411/1112 1381/1412/1112
f 233/1413/1113 2682/1411/1113 1394/1414/1113
f 235/1415/1114 2682/1411/1114 1357/1416/1114
f 305/1417/1115 2682/1411/1115 1383/1418/1115
f 295/1419/1116 2682/1411/1116 1393/1420/1116
f 294/1421/1117 2682/1411/1117 1227/1422/1117
f 1369/1423/1118 1378/1424/1118 300/1409/1118
f 1369/1423/1119 1386/1425/1119 2683/1426/1119
f 2683/1426/1120 306/1427/1120 1371/1428/1120
f 1378/1424/1121 1371/1428/1121 301/1429/1121
f 1371/1428/1122 1379/1430/1122 301/1429/1122
f 306/1427/1123 2684/1431/1123 1371/1428/1123
f 1385/1432/1124 1363/1390/1124 2684/1431/1124
f 2684/1431/1125 296/1386/1125 1379/1430/1125
f 1374/1388/1126 1380/1433/1126 296/1386/1126
f 297/1392/1127 2685/1434/1127 1374/1388/1127
f 1388/1435/1128 1394/1436/1128 2685/1434/1128
f 2685/1434/1129 304/1437/1129 1380/1433/1129
f 1375/1394/1130 1388/1435/1130 297/1392/1130
f 298/1396/1131 2686/1438/1131 1375/1394/1131
f 1392/1439/1132 1357/1440/1132 2686/1438/1132
f 1388/1435/1133 1357/1440/1133 233/1441/1133
f 1376/1398/1134 1392/1439/1134 298/1396/1134
f 1376/1398/1135 1382/1442/1135 2687/1443/1135
f 2687/1443/1136 305/1444/1136 1383/1445/1136
f 2687/1443/1137 235/1446/1137 1392/1439/1137
f 1377/1405/1138 1382/1447/1138 299/1403/1138
f 1377/1405/1139 1395/1448/1139 2688/1449/1139
f 2688/1449/1140 295/1450/1140 1393/1451/1140
f 2688/1449/1141 305/1452/1141 1382/1447/1141
f 300/1409/1142 2689/1453/1142 1395/1448/1142
f 1378/1424/1143 1366/1454/1143 2689/1453/1143
f 2689/1453/1144 294/1455/1144 1227/1456/1144
f 1395/1448/1145 1227/1456/1145 295/1450/1145
f 301/1429/1146 2690/1457/1146 1366/1454/1146
f 1379/1430/1147 1380/1433/1147 2690/1457/1147
f 2690/1457/1148 304/1437/1148 1381/1458/1148
f 1366/1454/1149 1381/1458/1149 294/1455/1149
f 1386/1425/1150 1385/1432/1150 306/1427/1150
f 303/1459/1151 2691/1460/1151 1386/1425/1151
f 302/1391/1152 2691/1460/1152 1373/1461/1152
f 303/1408/1153 2692/1462/1153 1373/1463/1153
f 1367/1464/1154 1387/1407/1154 299/1403/1154
f 302/1465/1155 2692/1462/1155 1367/1464/1155
f 1384/1369/1156 1225/1002/1156 234/1372/1156
f 304/1371/1157 2693/1466/1157 1384/1369/1157
f 1225/1002/1158 1372/1467/1158 292/1003/1158
f 292/1003/1159 2694/1468/1159 1360/1469/1159
f 1394/1470/1160 1372/1467/1160 304/1371/1160
f 233/1471/1161 2694/1468/1161 1394/1470/1161
f 307/1472/1162 2695/1473/1162 1389/1474/1162
f 308/1475/1162 2695/1473/1162 1391/1476/1162
f 1389/1474/1162 1358/1477/1162 236/1478/1162
f 1368/1385/1163 1228/1016/1163 293/1018/1163
f 1368/1385/1164 1370/1479/1164 2696/1480/1164
f 2696/1480/1165 307/1472/1165 1389/1474/1165
f 2696/1480/1166 236/1478/1166 1228/1016/1166
f 1370/1479/1167 1362/1481/1167 307/1472/1167
f 305/1383/1168 2697/1482/1168 1370/1479/1168
f 295/1483/1169 2697/1482/1169 1393/1484/1169
f 795/1485/1170 1402/1092/1170 4/1097/1170
f 1396/1486/1171 795/1485/1171 3/1487/1171
f 243/1091/1172 2698/1488/1172 1396/1486/1172
f 800/1489/1173 976/1107/1173 41/1109/1173
f 6/1490/1174 2699/1491/1174 800/1489/1174
f 244/1103/1175 2699/1491/1175 1254/1492/1175
f 1254/1492/1176 1403/1098/1176 244/1103/1176
f 6/1490/1177 2700/1493/1177 1254/1492/1177
f 1403/1098/1178 1398/1494/1178 4/1097/1178
f 243/1091/1179 2701/1495/1179 1400/1084/1179
f 3/1487/1180 2701/1495/1180 1396/1486/1180
f 1400/1084/1181 861/1496/1181 40/1085/1181
f 321/1497/1182 2702/1498/1182 1418/1499/1182
f 1417/1500/1183 1406/1501/1183 2702/1498/1183
f 2702/1498/1184 312/1502/1184 1407/1503/1184
f 1418/1499/1185 1407/1503/1185 315/1504/1185
f 313/1505/1186 2703/1506/1186 1405/1507/1186
f 1419/1508/1187 1418/1499/1187 2703/1506/1187
f 2703/1506/1188 315/1504/1188 1408/1509/1188
f 2703/1506/1189 311/1510/1189 1405/1507/1189
f 311/1510/1190 2704/1511/1190 1410/1512/1190
f 1408/1509/1191 1420/1513/1191 2704/1511/1191
f 1420/1513/1192 1423/1514/1192 2704/1511/1192
f 1410/1512/1193 1423/1514/1193 327/1515/1193
f 315/1504/1194 2705/1516/1194 1420/1513/1194
f 312/1502/1195 2705/1516/1195 1407/1503/1195
f 1411/1517/1196 1421/1518/1196 2705/1516/1196
f 1420/1513/1197 1421/1518/1197 329/1519/1197
f 1421/1518/1198 1422/1520/1198 329/1519/1198
f 317/1521/1199 2706/1522/1199 1421/1518/1199
f 2706/1522/1200 310/1523/1200 1413/1524/1200
f 1422/1520/1201 1413/1524/1201 328/1525/1201
f 336/1526/1202 2707/1527/1202 1451/1528/1202
f 335/1529/1203 2707/1527/1203 1464/1530/1203
f 2707/1527/1204 332/1531/1204 1443/1532/1204
f 1451/1528/1205 1443/1532/1205 333/1533/1205
f 1414/1534/1206 1415/1535/1206 326/1536/1206
f 1414/1534/1207 1424/1537/1207 2708/1538/1207
f 2708/1538/1208 323/1539/1208 1426/1540/1208
f 2708/1538/1209 319/1541/1209 1415/1535/1209
f 1413/1524/1210 1424/1537/1210 328/1525/1210
f 310/1523/1211 2709/1542/1211 1413/1524/1211
f 1416/1543/1212 1425/1544/1212 2709/1542/1212
f 2709/1542/1213 323/1539/1213 1424/1537/1213
f 1405/1507/1214 1427/1545/1214 313/1505/1214
f 311/1510/1215 2710/1546/1215 1405/1507/1215
f 1410/1512/1216 1428/1547/1216 2710/1546/1216
f 2710/1546/1217 324/1548/1217 1427/1545/1217
f 324/1548/1218 2711/1549/1218 1429/1550/1218
f 1428/1547/1219 1409/1551/1219 2711/1549/1219
f 2711/1549/1220 326/1536/1220 1415/1535/1220
f 1429/1550/1221 1415/1535/1221 319/1541/1221
f 312/1502/1222 2712/1552/1222 1411/1517/1222
f 1406/1501/1223 1430/1553/1223 2712/1552/1223
f 2712/1552/1224 325/1554/1224 1432/1555/1224
f 1411/1517/1225 1432/1555/1225 317/1521/1225
f 1432/1555/1226 1412/1556/1226 317/1521/1226
f 325/1554/1227 2713/1557/1227 1432/1555/1227
f 1431/1558/1228 1416/1543/1228 2713/1557/1228
f 2713/1557/1229 310/1523/1229 1412/1556/1229
f 1433/1559/1230 1437/1560/1230 316/1561/1230
f 309/1562/1231 2714/1563/1231 1433/1559/1231
f 1438/1564/1232 1409/1551/1232 2714/1563/1232
f 2714/1563/1233 327/1515/1233 1437/1560/1233
f 1434/1565/1234 1438/1564/1234 309/1562/1234
f 1434/1565/1235 1439/1566/1235 2715/1567/1235
f 2715/1567/1236 328/1525/1236 1414/1534/1236
f 2715/1567/1237 326/1536/1237 1438/1564/1237
f 318/1568/1238 2716/1569/1238 1439/1566/1238
f 1435/1570/1239 1440/1571/1239 2716/1569/1239
f 2716/1569/1240 329/1519/1240 1422/1520/1240
f 1439/1566/1241 1422/1520/1241 328/1525/1241
f 322/1572/1242 2717/1573/1242 1440/1571/1242
f 316/1561/1243 2717/1573/1243 1436/1574/1243
f 1437/1560/1244 1423/1514/1244 2717/1573/1244
f 1440/1571/1245 1423/1514/1245 329/1519/1245
f 1444/1575/1246 1441/1576/1246 331/1577/1246
f 333/1533/1247 2718/1578/1247 1444/1575/1247
f 1443/1579/1248 1442/1580/1248 2718/1578/1248
f 2718/1578/1249 330/1581/1249 1441/1576/1249
f 340/1582/1250 2719/1583/1250 1455/1584/1250
f 339/1585/1251 2719/1583/1251 1462/1586/1251
f 2719/1583/1252 331/1577/1252 1441/1587/1252
f 1455/1584/1253 1441/1587/1253 330/1588/1253
f 1460/1589/1254 1447/1590/1254 339/1585/1254
f 1460/1589/1255 1451/1528/1255 2720/1591/1255
f 2720/1591/1256 333/1533/1256 1444/1575/1256
f 2720/1591/1257 331/1577/1257 1447/1590/1257
f 1458/1592/1258 1445/1593/1258 335/1594/1258
f 1458/1592/1259 1455/1584/1259 2721/1595/1259
f 2721/1595/1260 330/1588/1260 1442/1596/1260
f 2721/1595/1261 332/1597/1261 1445/1593/1261
f 318/1598/1262 2722/1599/1262 1449/1600/1262
f 309/1601/1263 2722/1599/1263 1434/1602/1263
f 1448/1603/1264 1457/1604/1264 2722/1599/1264
f 1449/1600/1265 1457/1604/1265 334/1605/1265
f 1457/1604/1266 1450/1606/1266 334/1605/1266
f 341/1607/1267 2723/1608/1267 1457/1604/1267
f 2723/1608/1268 340/1582/1268 1458/1592/1268
f 2723/1608/1269 335/1594/1269 1450/1606/1269
f 316/1609/1270 2724/1610/1270 1453/1611/1270
f 1436/1612/1271 1446/1613/1271 2724/1610/1271
f 2724/1610/1272 337/1614/1272 1459/1615/1272
f 1453/1611/1273 1459/1615/1273 338/1616/1273
f 1459/1615/1274 1454/1617/1274 338/1616/1274
f 1459/1615/1275 1452/1618/1275 2725/1619/1275
f 2725/1619/1276 336/1526/1276 1460/1589/1276
f 2725/1619/1277 339/1585/1277 1454/1617/1277
f 1433/1620/1278 1448/1603/1278 309/1601/1278
f 316/1609/1279 2726/1621/1279 1433/1620/1279
f 1453/1611/1280 1461/1622/1280 2726/1621/1280
f 2726/1621/1281 341/1607/1281 1448/1603/1281
f 1461/1622/1282 1456/1623/1282 341/1607/1282
f 338/1616/1283 2727/1624/1283 1461/1622/1283
f 1454/1617/1284 1462/1586/1284 2727/1624/1284
f 1456/1623/1285 1462/1586/1285 340/1582/1285
f 322/1625/1286 2728/1626/1286 1446/1613/1286
f 1435/1627/1287 1449/1628/1287 2728/1626/1287
f 2728/1626/1288 334/1629/1288 1463/1630/1288
f 1446/1613/1289 1463/1630/1289 337/1614/1289
f 337/1614/1290 2729/1631/1290 1452/1618/1290
f 1463/1630/1291 1450/1632/1291 2729/1631/1291
f 1450/1632/1292 1464/1530/1292 2729/1631/1292
f 1452/1618/1293 1464/1530/1293 336/1526/1293
f 342/1633/1294 2730/1634/1294 1465/1635/1294
f 1466/1636/1295 1467/1637/1295 2730/1634/1295
f 2730/1634/1296 352/1638/1296 1468/1639/1296
f 1465/1635/1297 1468/1639/1297 343/1640/1297
f 343/1640/1298 2731/1641/1298 1469/1642/1298
f 1468/1639/1299 1470/1643/1299 2731/1641/1299
f 2731/1641/1300 353/1644/1300 1471/1645/1300
f 1469/1642/1301 1471/1645/1301 344/1646/1301
f 344/1646/1302 2732/1647/1302 1472/1648/1302
f 1471/1645/1303 1473/1649/1303 2732/1647/1303
f 2732/1647/1304 354/1650/1304 1474/1651/1304
f 1472/1648/1305 1474/1651/1305 345/1652/1305
f 345/1652/1306 2733/1653/1306 1475/1654/1306
f 1474/1651/1307 1476/1655/1307 2733/1653/1307
f 2733/1653/1308 355/1656/1308 1477/1657/1308
f 1475/1654/1309 1477/1657/1309 346/1658/1309
f 1478/1659/1310 1479/1660/1310 347/1661/1310
f 356/1662/1311 2734/1663/1311 1478/1659/1311
f 1480/1664/1312 1481/1665/1312 2734/1663/1312
f 2734/1663/1313 348/1666/1313 1479/1660/1313
f 1481/1665/1314 1482/1667/1314 348/1666/1314
f 357/1668/1315 2735/1669/1315 1481/1665/1315
f 1483/1670/1316 1484/1671/1316 2735/1669/1316
f 2735/1669/1317 349/1672/1317 1482/1667/1317
f 1484/1671/1318 1485/1673/1318 349/1672/1318
f 358/1674/1319 2736/1675/1319 1484/1671/1319
f 1486/1676/1320 1487/1677/1320 2736/1675/1320
f 2736/1675/1321 350/1678/1321 1485/1673/1321
f 1487/1677/1322 1488/1679/1322 350/1678/1322
f 359/1680/1323 2737/1681/1323 1487/1677/1323
f 1489/1682/1324 1466/1636/1324 2737/1681/1324
f 2737/1681/1325 342/1633/1325 1488/1679/1325
f 351/1683/1326 2738/1684/1326 1467/1637/1326
f 1490/1685/1327 1491/1686/1327 2738/1684/1327
f 2738/1684/1328 361/1687/1328 1492/1688/1328
f 1467/1637/1329 1492/1688/1329 352/1638/1329
f 352/1638/1330 2739/1689/1330 1470/1643/1330
f 1492/1688/1331 1493/1690/1331 2739/1689/1331
f 2739/1689/1332 362/1691/1332 1494/1692/1332
f 1470/1643/1333 1494/1692/1333 353/1644/1333
f 353/1644/1334 2740/1693/1334 1473/1649/1334
f 1494/1692/1335 1495/1694/1335 2740/1693/1335
f 2740/1693/1336 363/1695/1336 1496/1696/1336
f 1473/1649/1337 1496/1696/1337 354/1650/1337
f 354/1650/1338 2741/1697/1338 1476/1655/1338
f 1496/1696/1339 1497/1698/1339 2741/1697/1339
f 2741/1697/1340 364/1699/1340 1498/1700/1340
f 1476/1655/1341 1498/1700/1341 355/1656/1341
f 1499/1701/1342 1480/1664/1342 356/1662/1342
f 365/1702/1343 2742/1703/1343 1499/1701/1343
f 1500/1704/1344 1501/1705/1344 2742/1703/1344
f 2742/1703/1345 357/1668/1345 1480/1664/1345
f 1501/1705/1346 1483/1670/1346 357/1668/1346
f 366/1706/1347 2743/1707/1347 1501/1705/1347
f 1502/1708/1348 1503/1709/1348 2743/1707/1348
f 2743/1707/1349 358/1674/1349 1483/1670/1349
f 1503/1709/1350 1486/1676/1350 358/1674/1350
f 367/1710/1351 2744/1711/1351 1503/1709/1351
f 1504/1712/1352 1505/1713/1352 2744/1711/1352
f 2744/1711/1353 359/1680/1353 1486/1676/1353
f 1505/1713/1354 1489/1682/1354 359/1680/1354
f 368/1714/1355 2745/1715/1355 1505/1713/1355
f 1506/1716/1356 1490/1685/1356 2745/1715/1356
f 2745/1715/1357 351/1683/1357 1489/1682/1357
f 1507/1717/1358 1491/1686/1358 360/1718/1358
f 369/1719/1359 2746/1720/1359 1507/1717/1359
f 1508/1721/1360 1509/1722/1360 2746/1720/1360
f 2746/1720/1361 361/1687/1361 1491/1686/1361
f 1509/1722/1362 1493/1690/1362 361/1687/1362
f 370/1723/1363 2747/1724/1363 1509/1722/1363
f 1510/1725/1364 1511/1726/1364 2747/1724/1364
f 2747/1724/1365 362/1691/1365 1493/1690/1365
f 1511/1726/1366 1495/1694/1366 362/1691/1366
f 371/1727/1367 2748/1728/1367 1511/1726/1367
f 1512/1729/1368 1513/1730/1368 2748/1728/1368
f 1495/1694/1369 1513/1730/1369 363/1695/1369
f 363/1695/1370 2749/1731/1370 1497/1698/1370
f 1513/1730/1371 1514/1732/1371 2749/1731/1371
f 2749/1731/1372 373/1733/1372 1515/1734/1372
f 1497/1698/1373 1515/1734/1373 364/1699/1373
f 1516/1735/1374 1500/1704/1374 365/1702/1374
f 374/1736/1375 2750/1737/1375 1516/1735/1375
f 1517/1738/1376 1518/1739/1376 2750/1737/1376
f 2750/1737/1377 366/1706/1377 1500/1704/1377
f 1518/1739/1378 1502/1708/1378 366/1706/1378
f 1518/1739/1379 1519/1740/1379 2751/1741/1379
f 2751/1741/1380 376/1742/1380 1520/1743/1380
f 1502/1708/1381 1520/1743/1381 367/1710/1381
f 367/1710/1382 2752/1744/1382 1504/1712/1382
f 1520/1743/1383 1521/1745/1383 2752/1744/1383
f 2752/1744/1384 377/1746/1384 1522/1747/1384
f 1504/1712/1385 1522/1747/1385 368/1714/1385
f 368/1714/1386 2753/1748/1386 1506/1716/1386
f 1522/1747/1387 1523/1749/1387 2753/1748/1387
f 2753/1748/1388 369/1719/1388 1507/1717/1388
f 1506/1716/1389 1507/1717/1389 360/1718/1389
f 378/1750/1390 2754/1751/1390 1524/1752/1390
f 1532/1753/1391 1533/1754/1391 2754/1751/1391
f 2754/1751/1392 388/1755/1392 1534/1756/1392
f 1524/1752/1393 1534/1756/1393 379/1757/1393
f 379/1757/1394 2755/1758/1394 1525/1759/1394
f 1534/1756/1395 1535/1760/1395 2755/1758/1395
f 2755/1758/1396 389/1761/1396 1536/1762/1396
f 1525/1759/1397 1536/1762/1397 380/1763/1397
f 380/1763/1398 2756/1764/1398 1526/1765/1398
f 1536/1762/1399 1537/1766/1399 2756/1764/1399
f 1537/1766/1400 1538/1767/1400 2756/1764/1400
f 1526/1765/1401 1538/1767/1401 381/1768/1401
f 1538/1767/1402 1527/1769/1402 381/1768/1402
f 390/1770/1403 2757/1771/1403 1538/1767/1403
f 1539/1772/1404 1540/1773/1404 2757/1771/1404
f 2757/1771/1405 382/1774/1405 1527/1769/1405
f 383/1775/1406 2758/1776/1406 1528/1777/1406
f 1541/1778/1407 1542/1779/1407 2758/1776/1407
f 2758/1776/1408 393/1780/1408 1543/1781/1408
f 1528/1777/1409 1543/1781/1409 384/1782/1409
f 1543/1781/1410 1529/1783/1410 384/1782/1410
f 1543/1781/1411 1544/1784/1411 2759/1785/1411
f 1544/1784/1412 1545/1786/1412 2759/1785/1412
f 2759/1785/1413 385/1787/1413 1529/1783/1413
f 1545/1786/1414 1530/1788/1414 385/1787/1414
f 394/1789/1415 2760/1790/1415 1545/1786/1415
f 1546/1791/1416 1547/1792/1416 2760/1790/1416
f 2760/1790/1417 386/1793/1417 1530/1788/1417
f 1547/1792/1418 1531/1794/1418 386/1793/1418
f 395/1795/1419 2761/1796/1419 1547/1792/1419
f 1548/1797/1420 1532/1753/1420 2761/1796/1420
f 2761/1796/1421 378/1750/1421 1531/1794/1421
f 1549/1798/1422 1533/1754/1422 387/1799/1422
f 396/1800/1423 2762/1801/1423 1549/1798/1423
f 1550/1802/1424 1551/1803/1424 2762/1801/1424
f 2762/1801/1425 388/1755/1425 1533/1754/1425
f 1551/1803/1426 1535/1760/1426 388/1755/1426
f 397/1804/1427 2763/1805/1427 1551/1803/1427
f 1552/1806/1428 1553/1807/1428 2763/1805/1428
f 2763/1805/1429 389/1761/1429 1535/1760/1429
f 1553/1807/1430 1537/1766/1430 389/1761/1430
f 398/1808/1431 2764/1809/1431 1553/1807/1431
f 1554/1810/1432 1555/1811/1432 2764/1809/1432
f 2764/1809/1433 390/1770/1433 1537/1766/1433
f 1555/1811/1434 1539/1772/1434 390/1770/1434
f 399/1812/1435 2765/1813/1435 1555/1811/1435
f 1556/1814/1436 1557/1815/1436 2765/1813/1436
f 2765/1813/1437 391/1816/1437 1539/1772/1437
f 392/1817/1438 2766/1818/1438 1542/1779/1438
f 1558/1819/1439 1559/1820/1439 2766/1818/1439
f 2766/1818/1440 402/1821/1440 1560/1822/1440
f 1542/1779/1441 1560/1822/1441 393/1780/1441
f 393/1780/1442 2767/1823/1442 1544/1784/1442
f 1560/1822/1443 1561/1824/1443 2767/1823/1443
f 2767/1823/1444 403/1825/1444 1562/1826/1444
f 1544/1784/1445 1562/1826/1445 394/1789/1445
f 394/1789/1446 2768/1827/1446 1546/1791/1446
f 1562/1826/1447 1563/1828/1447 2768/1827/1447
f 2768/1827/1448 404/1829/1448 1564/1830/1448
f 1546/1791/1449 1564/1830/1449 395/1795/1449
f 395/1795/1450 2769/1831/1450 1548/1797/1450
f 1564/1830/1451 1565/1832/1451 2769/1831/1451
f 2769/1831/1452 396/1800/1452 1549/1798/1452
f 1548/1797/1453 1549/1798/1453 387/1799/1453
f 1566/1833/1454 1550/1802/1454 396/1800/1454
f 342/1633/1455 2770/1834/1455 1566/1833/1455
f 1465/1635/1456 1567/1835/1456 2770/1834/1456
f 2770/1834/1457 397/1804/1457 1550/1802/1457
f 1567/1835/1458 1552/1806/1458 397/1804/1458
f 343/1640/1459 2771/1836/1459 1567/1835/1459
f 1469/1642/1460 1568/1837/1460 2771/1836/1460
f 2771/1836/1461 398/1808/1461 1552/1806/1461
f 1568/1837/1462 1554/1810/1462 398/1808/1462
f 344/1646/1463 2772/1838/1463 1568/1837/1463
f 1472/1648/1464 1569/1839/1464 2772/1838/1464
f 2772/1838/1465 399/1812/1465 1554/1810/1465
f 1569/1839/1466 1556/1814/1466 399/1812/1466
f 345/1652/1467 2773/1840/1467 1569/1839/1467
f 1475/1654/1468 1570/1841/1468 2773/1840/1468
f 2773/1840/1469 400/1842/1469 1556/1814/1469
f 401/1843/1470 2774/1844/1470 1559/1820/1470
f 1571/1845/1471 1479/1660/1471 2774/1844/1471
f 2774/1844/1472 348/1666/1472 1572/1846/1472
f 1559/1820/1473 1572/1846/1473 402/1821/1473
f 402/1821/1474 2775/1847/1474 1561/1824/1474
f 1572/1846/1475 1482/1667/1475 2775/1847/1475
f 2775/1847/1476 349/1672/1476 1573/1848/1476
f 1561/1824/1477 1573/1848/1477 403/1825/1477
f 403/1825/1478 2776/1849/1478 1563/1828/1478
f 1573/1848/1479 1485/1673/1479 2776/1849/1479
f 2776/1849/1480 350/1678/1480 1574/1850/1480
f 1563/1828/1481 1574/1850/1481 404/1829/1481
f 404/1829/1482 2777/1851/1482 1565/1832/1482
f 1574/1850/1483 1488/1679/1483 2777/1851/1483
f 2777/1851/1484 342/1633/1484 1566/1833/1484
f 1565/1832/1485 1566/1833/1485 396/1800/1485
f 405/1852/1486 2778/1853/1486 1575/1854/1486
f 1390/1855/1487 1391/1476/1487 2778/1853/1487
f 2778/1853/1488 307/1472/1488 1362/1481/1488
f 1575/1854/1489 1362/1481/1489 295/1483/1489
f 406/1856/1490 2779/1857/1490 1576/1858/1490
f 1359/1368/1491 1577/1859/1491 294/1366/1491
f 234/1372/1492 2779/1857/1492 1359/1368/1492
f 406/1856/1493 2780/1860/1493 1577/1859/1493
f 1227/1861/1494 1585/1862/1494 295/1863/1494
f 294/1366/1495 2780/1860/1495 1227/1861/1495
f 1579/187/1496 1580/1864/1496 12/134/1496
f 407/189/1497 2781/1865/1497 1579/187/1497
f 1580/1864/1498 1578/1866/1498 408/1867/1498
f 1580/1868/1499 857/158/1499 12/134/1499
f 408/1869/1500 2782/1870/1500 1580/1868/1500
f 46/159/1501 2782/1870/1501 873/1871/1501
f 14/126/1502 2783/1872/1502 808/124/1502
f 1584/1873/1503 1583/1874/1503 409/1875/1503
f 13/130/1504 2783/1872/1504 1584/1873/1504
f 1584/1873/1505 856/1876/1505 13/130/1505
f 409/1875/1506 2784/1877/1506 1584/1873/1506
f 407/1878/1507 2784/1877/1507 1581/1879/1507
f 1649/1880/1508 875/1/1508 49/3/1508
f 415/1881/1509 2785/5/1509 1649/1880/1509
f 1593/1882/1510 1650/6/1510 2785/5/1510
f 2785/5/1511 40/4/1511 875/1/1511
f 1643/1883/1512 1593/1882/1512 415/1881/1512
f 421/14/1513 2786/11/1513 1643/1883/1513
f 1599/1884/1514 1588/12/1514 2786/11/1514
f 2786/11/1515 411/10/1515 1593/1882/1515
f 432/15/1516 2787/16/1516 2159/1885/1516
f 1627/1886/1517 1614/1887/1517 2787/16/1517
f 2787/16/1518 414/20/1518 2160/19/1518
f 2159/1885/1519 2160/19/1519 412/451/1519
f 1591/24/1520 1590/1888/1520 413/25/1520
f 7/29/1521 2788/1889/1521 1591/24/1521
f 801/28/1522 1620/1890/1522 2788/1889/1522
f 1590/1888/1523 1620/1890/1523 443/31/1523
f 1620/1890/1524 1619/30/1524 443/31/1524
f 39/36/1525 2789/1891/1525 1620/1890/1525
f 830/35/1526 1621/1892/1526 2789/1891/1526
f 2789/1891/1527 442/32/1527 1619/30/1527
f 1622/1893/1528 1613/37/1528 437/39/1528
f 443/43/1529 2790/1894/1529 1622/1893/1529
f 2790/1894/1530 442/32/1530 1623/40/1530
f 1613/37/1531 1623/40/1531 436/44/1531
f 436/44/1532 2791/1895/1532 1612/1896/1532
f 1623/40/1533 1618/1897/1533 2791/1895/1533
f 2791/1895/1534 441/1898/1534 1624/1899/1534
f 1612/1896/1535 1624/1899/1535 435/50/1535
f 435/50/1536 2792/1900/1536 1611/1901/1536
f 441/1898/1537 2792/1900/1537 1624/1899/1537
f 1617/55/1538 1625/1902/1538 2792/1900/1538
f 2792/1900/1539 434/52/1539 1611/1901/1539
f 434/52/1540 2793/1903/1540 1610/57/1540
f 1625/1902/1541 1616/1904/1541 2793/1903/1541
f 2793/1903/1542 439/59/1542 1626/58/1542
f 1610/57/1543 1626/58/1543 433/1905/1543
f 1626/63/1544 1609/1906/1544 433/64/1544
f 1626/63/1545 1615/1907/1545 2794/65/1545
f 2794/65/1546 438/1908/1546 1627/1886/1546
f 1609/1906/1547 1627/1886/1547 432/15/1547
f 431/67/1548 2795/1909/1548 1608/70/1548
f 1628/1910/1549 1613/72/1549 2795/1909/1549
f 2795/1909/1550 436/44/1550 1629/1911/1550
f 1608/70/1551 1629/1911/1551 430/74/1551
f 430/74/1552 2796/75/1552 1607/76/1552
f 1629/1911/1553 1612/1896/1553 2796/75/1553
f 2796/75/1554 435/50/1554 1630/77/1554
f 1607/76/1555 1630/77/1555 429/78/1555
f 429/78/1556 2797/1912/1556 1606/80/1556
f 1630/77/1557 1611/1901/1557 2797/1912/1557
f 1611/1901/1558 1631/1913/1558 2797/1912/1558
f 1606/80/1559 1631/1913/1559 428/82/1559
f 428/82/1560 2798/1914/1560 1605/84/1560
f 1631/1913/1561 1610/87/1561 2798/1914/1561
f 2798/1914/1562 433/86/1562 1632/1915/1562
f 1605/84/1563 1632/1915/1563 427/89/1563
f 1632/1915/1564 1756/88/1564 427/89/1564
f 1764/1916/1565 1632/1915/1565 433/86/1565
f 492/90/1566 2799/1917/1566 1764/1916/1566
f 1633/1918/1567 1604/1919/1567 426/1920/1567
f 431/100/1568 2800/1921/1568 1633/1918/1568
f 1608/99/1569 1634/1922/1569 2800/1921/1569
f 2800/1921/1570 425/96/1570 1604/1919/1570
f 1634/1922/1571 1603/1923/1571 425/96/1571
f 430/106/1572 2801/1924/1572 1634/1922/1572
f 2801/1924/1573 429/104/1573 1635/1925/1573
f 1603/1923/1574 1635/1925/1574 424/107/1574
f 424/107/1575 2802/1926/1575 1602/1927/1575
f 1635/1925/1576 1606/112/1576 2802/1926/1576
f 2802/1926/1577 428/111/1577 1636/1928/1577
f 1602/1927/1578 1636/1928/1578 423/1929/1578
f 423/1929/1579 2803/1930/1579 1601/1931/1579
f 1636/1928/1580 1605/117/1580 2803/1930/1580
f 1605/117/1581 1637/1932/1581 2803/1930/1581
f 1601/1931/1582 1637/1932/1582 422/1933/1582
f 1637/1932/1583 1763/118/1583 422/1933/1583
f 1759/122/1584 1637/1932/1584 427/123/1584
f 493/120/1585 2804/1934/1585 1759/122/1585
f 1638/125/1586 1598/1935/1586 420/126/1586
f 426/1920/1587 2805/128/1587 1638/125/1587
f 1604/1919/1588 1639/127/1588 2805/128/1588
f 1598/1935/1589 1639/127/1589 419/130/1589
f 1639/127/1590 1597/1936/1590 419/130/1590
f 425/96/1591 2806/1937/1591 1639/127/1591
f 2806/1937/1592 424/107/1592 1640/1938/1592
f 1597/1936/1593 1640/1938/1593 418/134/1593
f 1640/1938/1594 1596/133/1594 418/134/1594
f 1640/1938/1595 1602/1927/1595 2807/1939/1595
f 2807/1939/1596 423/1929/1596 1641/135/1596
f 1596/133/1597 1641/135/1597 417/137/1597
f 417/137/1598 2808/1940/1598 1595/1941/1598
f 1641/135/1599 1601/1931/1599 2808/1940/1599
f 2808/1940/1600 422/1933/1600 1642/1942/1600
f 1595/1941/1601 1642/1942/1601 416/141/1601
f 416/141/1602 2809/1943/1602 1594/1944/1602
f 1642/1942/1603 1600/144/1603 2809/1943/1603
f 1600/144/1604 1643/1883/1604 2809/1943/1604
f 2809/1943/1605 415/1881/1605 1594/1944/1605
f 1/145/1606 2810/146/1606 802/148/1606
f 1586/1945/1607 1587/1946/1607 2810/146/1607
f 2810/146/1608 420/126/1608 1644/1947/1608
f 802/148/1609 1644/1947/1609 8/153/1609
f 8/153/1610 2811/155/1610 2318/152/1610
f 2319/156/1611 1644/1947/1611 420/126/1611
f 758/154/1612 2811/155/1612 2319/156/1612
f 1646/1948/1613 868/157/1613 46/159/1613
f 418/134/1614 2812/1949/1614 1646/1948/1614
f 2812/1949/1615 417/137/1615 1647/1950/1615
f 868/157/1616 1647/1950/1616 47/163/1616
f 1647/1950/1617 867/162/1617 47/163/1617
f 1647/1950/1618 1595/1941/1618 2813/1951/1618
f 1595/1941/1619 1648/166/1619 2813/1951/1619
f 2813/1951/1620 48/164/1620 867/162/1620
f 1648/166/1621 866/167/1621 48/164/1621
f 416/141/1622 2814/1952/1622 1648/166/1622
f 1594/1944/1623 1649/1880/1623 2814/1952/1623
f 2814/1952/1624 49/3/1624 866/167/1624
f 439/59/1625 2815/1953/1625 1615/1907/1625
f 1653/170/1626 869/173/1626 2815/1953/1626
f 2815/1953/1627 45/172/1627 1654/1954/1627
f 1615/1907/1628 1654/1954/1628 438/1908/1628
f 440/1955/1629 2816/1956/1629 1616/1904/1629
f 1652/176/1630 870/177/1630 2816/1956/1630
f 2816/1956/1631 44/174/1631 1653/170/1631
f 1616/1904/1632 1653/170/1632 439/59/1632
f 1651/1957/1633 1617/55/1633 441/1898/1633
f 42/182/1634 2817/180/1634 1651/1957/1634
f 871/181/1635 1652/176/1635 2817/180/1635
f 2817/180/1636 440/1955/1636 1617/55/1636
f 442/32/1637 2818/1958/1637 1618/1897/1637
f 1621/1892/1638 872/184/1638 2818/1958/1638
f 2818/1958/1639 42/182/1639 1651/1957/1639
f 1618/1897/1640 1651/1957/1640 441/1898/1640
f 419/130/1641 2819/1959/1641 1645/188/1641
f 418/134/1642 2819/1959/1642 1597/1936/1642
f 1645/188/1643 2315/1960/1643 757/189/1643
f 438/1908/1644 2820/1961/1644 1614/1887/1644
f 1654/1954/1645 874/193/1645 2820/1961/1645
f 2820/1961/1646 41/192/1646 1592/191/1646
f 1614/1887/1647 1592/191/1647 414/20/1647
f 456/194/1648 2821/1962/1648 1739/1963/1648
f 1732/196/1649 1678/198/1649 2821/1962/1649
f 2821/1962/1650 426/1920/1650 1638/125/1650
f 1739/1963/1651 1638/125/1651 420/126/1651
f 457/199/1652 2822/1964/1652 1678/198/1652
f 1728/201/1653 1682/202/1653 2822/1964/1653
f 2822/1964/1654 431/100/1654 1633/1918/1654
f 1678/198/1655 1633/1918/1655 426/1920/1655
f 461/204/1656 2823/205/1656 1682/207/1656
f 465/209/1657 2823/205/1657 1724/206/1657
f 1662/208/1658 1628/1910/1658 2823/205/1658
f 1682/207/1659 1628/1910/1659 431/67/1659
f 1720/211/1660 1662/210/1660 465/212/1660
f 469/215/1661 2824/1965/1661 1720/211/1661
f 1740/214/1662 1622/1893/1662 2824/1965/1662
f 2824/1965/1663 437/39/1663 1662/210/1663
f 469/216/1664 2825/1966/1664 1740/219/1664
f 1716/218/1665 1738/220/1665 2825/1966/1665
f 2825/1966/1666 413/25/1666 1590/1888/1666
f 1740/219/1667 1590/1888/1667 443/31/1667
f 473/222/1668 2826/1967/1668 1738/225/1668
f 1712/224/1669 1693/228/1669 2826/1967/1669
f 2826/1967/1670 451/227/1670 1697/1968/1670
f 1738/225/1671 1697/1968/1671 413/25/1671
f 477/230/1672 2827/231/1672 1693/234/1672
f 481/237/1673 2827/231/1673 1708/232/1673
f 1669/1969/1674 1686/1970/1674 2827/231/1674
f 2827/231/1675 451/233/1675 1693/234/1675
f 1704/238/1676 1669/1969/1676 481/237/1676
f 1704/238/1677 1739/1963/1677 2828/1971/1677
f 1739/1963/1678 1587/1946/1678 2828/1971/1678
f 2828/1971/1679 410/1972/1679 1669/1969/1679
f 1742/241/1680 1667/1973/1680 452/242/1680
f 485/249/1681 2829/1974/1681 1742/241/1681
f 486/247/1682 2829/1974/1682 1744/1975/1682
f 1701/1976/1683 1670/1977/1683 453/1978/1683
f 1667/1973/1684 1701/1976/1684 484/244/1684
f 484/244/1685 2830/251/1685 1700/252/1685
f 1701/1976/1686 1671/1979/1686 2830/251/1686
f 2830/251/1687 454/1980/1687 1702/253/1687
f 1700/252/1688 1702/253/1688 483/1981/1688
f 483/1981/1689 2831/1982/1689 1699/1983/1689
f 1702/253/1690 1672/1984/1690 2831/1982/1690
f 2831/1982/1691 455/1985/1691 1703/1986/1691
f 1699/1983/1692 1703/1986/1692 482/1987/1692
f 1703/1986/1693 1698/1988/1693 482/1987/1693
f 1703/1986/1694 1673/1989/1694 2832/1990/1694
f 2832/1990/1695 456/266/1695 1704/1991/1695
f 2832/1990/1696 481/264/1696 1698/1988/1696
f 1666/269/1697 1665/268/1697 450/270/1697
f 452/242/1698 2833/1992/1698 1666/269/1698
f 1667/1973/1699 1705/1993/1699 2833/1992/1699
f 2833/1992/1700 480/1994/1700 1665/268/1700
f 1705/1993/1701 1696/1995/1701 480/1994/1701
f 1705/1993/1702 1700/252/1702 2834/1996/1702
f 2834/1996/1703 483/1981/1703 1706/275/1703
f 1696/1995/1704 1706/275/1704 479/277/1704
f 479/277/1705 2835/1997/1705 1695/1998/1705
f 1706/275/1706 1699/1983/1706 2835/1997/1706
f 2835/1997/1707 482/1987/1707 1707/282/1707
f 2835/1997/1708 478/1999/1708 1695/1998/1708
f 1707/282/1709 1694/2000/1709 478/1999/1709
f 482/1987/1710 2836/284/1710 1707/282/1710
f 1698/1988/1711 1708/283/1711 2836/284/1711
f 1694/2000/1712 1708/283/1712 477/302/1712
f 449/285/1713 2837/286/1713 1663/2001/1713
f 1664/287/1714 1665/268/1714 2837/286/1714
f 2837/286/1715 480/1994/1715 1709/2002/1715
f 1663/2001/1716 1709/2002/1716 476/290/1716
f 476/290/1717 2838/2003/1717 1692/2004/1717
f 480/1994/1718 2838/2003/1718 1709/2002/1718
f 1696/1995/1719 1710/2005/1719 2838/2003/1719
f 2838/2003/1720 475/292/1720 1692/2004/1720
f 1710/2005/1721 1691/2006/1721 475/292/1721
f 479/277/1722 2839/2007/1722 1710/2005/1722
f 1695/1998/1723 1711/2008/1723 2839/2007/1723
f 2839/2007/1724 474/2009/1724 1691/2006/1724
f 474/2009/1725 2840/2010/1725 1690/300/1725
f 1711/2008/1726 1694/2000/1726 2840/2010/1726
f 2840/2010/1727 477/302/1727 1712/301/1727
f 1690/300/1728 1712/301/1728 473/320/1728
f 1661/304/1729 1660/303/1729 448/305/1729
f 1661/304/1730 1663/2001/1730 2841/2011/1730
f 2841/2011/1731 476/290/1731 1713/306/1731
f 1660/303/1732 1713/306/1732 472/2012/1732
f 1713/306/1733 1689/2013/1733 472/2012/1733
f 476/290/1734 2842/2014/1734 1713/306/1734
f 1692/2004/1735 1714/2015/1735 2842/2014/1735
f 2842/2014/1736 471/2016/1736 1689/2013/1736
f 1714/2015/1737 1688/2017/1737 471/2016/1737
f 475/292/1738 2843/2018/1738 1714/2015/1738
f 1691/2006/1739 1715/2019/1739 2843/2018/1739
f 2843/2018/1740 470/2020/1740 1688/2017/1740
f 1715/2019/1741 1687/317/1741 470/2020/1741
f 1715/2019/1742 1690/300/1742 2844/2021/1742
f 2844/2021/1743 473/320/1743 1716/318/1743
f 1687/317/1744 1716/318/1744 469/2022/1744
f 1717/322/1745 1685/2023/1745 468/2024/1745
f 1717/322/1746 1689/2013/1746 2845/325/1746
f 2845/325/1747 471/2016/1747 1718/2025/1747
f 1685/2023/1748 1718/2025/1748 467/2026/1748
f 467/2026/1749 2846/2027/1749 1684/2028/1749
f 1718/2025/1750 1688/2017/1750 2846/2027/1750
f 2846/2027/1751 470/2020/1751 1719/2029/1751
f 1684/2028/1752 1719/2029/1752 466/330/1752
f 466/330/1753 2847/2030/1753 1683/333/1753
f 1719/2029/1754 1687/317/1754 2847/2030/1754
f 1687/317/1755 1720/334/1755 2847/2030/1755
f 2847/2030/1756 465/332/1756 1683/333/1756
f 1658/336/1757 1657/335/1757 446/337/1757
f 447/342/1758 2848/2031/1758 1658/336/1758
f 1659/341/1759 1721/2032/1759 2848/2031/1759
f 2848/2031/1760 464/338/1760 1657/335/1760
f 1721/2032/1761 1681/343/1761 464/338/1761
f 1721/2032/1762 1685/2023/1762 2849/2033/1762
f 2849/2033/1763 467/2026/1763 1722/344/1763
f 1681/343/1764 1722/344/1764 463/346/1764
f 463/346/1765 2850/347/1765 1680/348/1765
f 1722/344/1766 1684/2028/1766 2850/347/1766
f 2850/347/1767 466/330/1767 1723/2034/1767
f 1680/348/1768 1723/2034/1768 462/350/1768
f 462/350/1769 2851/2035/1769 1679/352/1769
f 1723/2034/1770 1683/333/1770 2851/2035/1770
f 1683/333/1771 1724/353/1771 2851/2035/1771
f 1679/352/1772 1724/353/1772 461/2036/1772
f 445/354/1773 2852/2037/1773 1655/2038/1773
f 1657/2039/1774 1656/356/1774 446/364/1774
f 1725/2040/1775 1657/2039/1775 464/363/1775
f 1749/2041/1776 1725/2040/1776 460/2042/1776
f 488/357/1777 2852/2037/1777 1749/2041/1777
f 1725/2040/1778 1677/2043/1778 460/2042/1778
f 464/363/1779 2853/2044/1779 1725/2040/1779
f 1681/369/1780 1726/368/1780 2853/2044/1780
f 2853/2044/1781 459/366/1781 1677/2043/1781
f 1726/368/1782 1676/2045/1782 459/366/1782
f 1726/368/1783 1680/374/1783 2854/2046/1783
f 1680/374/1784 1727/2047/1784 2854/2046/1784
f 2854/2046/1785 458/2048/1785 1676/2045/1785
f 1727/2047/1786 1675/2049/1786 458/2048/1786
f 462/381/1787 2855/378/1787 1727/2047/1787
f 2855/378/1788 461/379/1788 1728/377/1788
f 1675/2049/1789 1728/377/1789 457/389/1789
f 1729/2050/1790 1671/1979/1790 453/1978/1790
f 1729/2050/1791 1677/2043/1791 2856/2051/1791
f 1677/2043/1792 1730/384/1792 2856/2051/1792
f 2856/2051/1793 454/1980/1793 1671/1979/1793
f 1730/384/1794 1672/1984/1794 454/1980/1794
f 459/366/1795 2857/2052/1795 1730/384/1795
f 1676/2045/1796 1731/2053/1796 2857/2052/1796
f 2857/2052/1797 455/1985/1797 1672/1984/1797
f 455/1985/1798 2858/2054/1798 1673/1989/1798
f 458/2048/1799 2858/2054/1799 1731/2053/1799
f 2858/2054/1800 457/389/1800 1732/388/1800
f 1673/1989/1801 1732/388/1801 456/266/1801
f 450/2055/1802 2859/2056/1802 1666/2057/1802
f 1733/2058/1803 1664/2059/1803 449/2060/1803
f 1666/2057/1804 1733/2058/1804 452/2061/1804
f 452/2061/1805 2860/2062/1805 1742/2063/1805
f 449/2060/1806 2860/2062/1806 1733/2058/1806
f 2860/2062/1807 448/2064/1807 1737/2065/1807
f 1742/2063/1808 1737/2065/1808 485/2066/1808
f 445/354/1809 2861/2067/1809 1656/404/1809
f 488/357/1810 2861/2067/1810 1655/2038/1810
f 1734/2068/1811 1658/405/1811 2861/2067/1811
f 2861/2067/1812 446/403/1812 1656/404/1812
f 1736/408/1813 1751/407/1813 489/409/1813
f 1736/408/1814 1747/412/1814 2862/2069/1814
f 2862/2069/1815 447/411/1815 1734/2068/1815
f 2862/2069/1816 488/357/1816 1751/407/1816
f 1736/408/1817 1746/414/1817 487/413/1817
f 1736/408/1818 1745/418/1818 2863/2070/1818
f 1745/418/1819 1735/417/1819 2863/2070/1819
f 2863/2070/1820 448/415/1820 1746/414/1820
f 1686/1970/1821 1674/419/1821 451/233/1821
f 410/1972/1822 2864/2071/1822 1686/1970/1822
f 1586/1945/1823 959/422/1823 2864/2071/1823
f 2864/2071/1824 91/420/1824 1674/419/1824
f 413/25/1825 2865/2072/1825 1591/24/1825
f 1697/1968/1826 1674/426/1826 2865/2072/1826
f 2865/2072/1827 91/425/1827 960/424/1827
f 1591/24/1828 960/424/1828 7/29/1828
f 1660/303/1829 1746/427/1829 448/305/1829
f 472/2012/1830 2866/2073/1830 1660/303/1830
f 487/428/1831 2866/2073/1831 1748/2074/1831
f 1668/431/1832 1744/1975/1832 485/249/1832
f 444/433/1833 2867/434/1833 1668/431/1833
f 1744/1975/1834 1743/432/1834 486/247/1834
f 1729/2050/1835 1750/2075/1835 460/2042/1835
f 1752/2076/1836 1729/2050/1836 453/1978/1836
f 1750/2075/1837 1752/2076/1837 489/437/1837
f 487/428/1838 2869/2077/1838 1747/440/1838
f 468/2024/1839 2869/2077/1839 1741/2078/1839
f 1747/440/1840 1659/341/1840 447/342/1840
f 1717/322/1841 1748/2074/1841 472/2012/1841
f 1741/2078/1842 1717/322/1842 468/2024/1842
f 1748/2074/1843 1741/2078/1843 487/428/1843
f 1749/2041/1844 1751/441/1844 488/357/1844
f 460/2042/1845 2871/2079/1845 1749/2041/1845
f 489/437/1846 2871/2079/1846 1750/2075/1846
f 453/1978/1847 2872/2080/1847 1752/2076/1847
f 486/247/1848 2872/2080/1848 1670/1977/1848
f 489/437/1849 2872/2080/1849 1745/444/1849
f 490/445/1850 2873/446/1850 1754/449/1850
f 1762/2081/1851 2161/2082/1851 412/451/1851
f 1754/449/1852 1762/2081/1852 491/450/1852
f 2159/1885/1853 1760/452/1853 432/15/1853
f 412/451/1854 2874/454/1854 2159/1885/1854
f 494/453/1855 2874/454/1855 1589/2083/1855
f 412/451/1856 2875/2084/1856 1589/2083/1856
f 490/445/1857 2875/2084/1857 2161/2082/1857
f 1589/2083/1858 1761/457/1858 494/453/1858
f 1599/1884/1859 1762/2081/1859 412/451/1859
f 1755/459/1860 1599/1884/1860 421/14/1860
f 491/450/1861 2876/2085/1861 1755/459/1861
f 493/120/1862 2877/2086/1862 1763/118/1862
f 1600/144/1863 1758/461/1863 421/14/1863
f 422/1933/1864 2877/2086/1864 1600/144/1864
f 433/64/1865 2878/2087/1865 1764/464/1865
f 1757/465/1866 1609/1906/1866 432/15/1866
f 492/463/1867 2878/2087/1867 1757/465/1867
f 1806/2088/1868 1868/2089/1868 530/2090/1868
f 1806/2088/1869 1866/2091/1869 2879/2092/1869
f 2879/2092/1870 536/2093/1870 1864/2094/1870
f 2879/2092/1871 550/2095/1871 1868/2089/1871
f 1831/2096/1872 1869/2097/1872 505/2098/1872
f 1831/2096/1873 1870/2099/1873 2880/2100/1873
f 2880/2100/1874 542/2101/1874 1850/2102/1874
f 2880/2100/1875 540/2103/1875 1869/2097/1875
f 1826/2104/1876 1870/2099/1876 510/2105/1876
f 1826/2104/1877 1871/2106/1877 2881/2107/1877
f 2881/2107/1878 544/2108/1878 1853/2109/1878
f 2881/2107/1879 542/2101/1879 1870/2099/1879
f 1821/2110/1880 1871/2106/1880 515/2111/1880
f 1821/2110/1881 1872/2112/1881 2882/2113/1881
f 2882/2113/1882 546/2114/1882 1856/2115/1882
f 2882/2113/1883 544/2108/1883 1871/2106/1883
f 1816/2116/1884 1872/2112/1884 520/2117/1884
f 1816/2116/1885 1873/2118/1885 2883/2119/1885
f 2883/2119/1886 548/2120/1886 1859/2121/1886
f 2883/2119/1887 546/2114/1887 1872/2112/1887
f 1811/2122/1888 1873/2118/1888 525/2123/1888
f 1811/2122/1889 1868/2089/1889 2884/2124/1889
f 2884/2124/1890 550/2095/1890 1862/2125/1890
f 2884/2124/1891 548/2120/1891 1873/2118/1891
f 1841/2126/1892 1866/2091/1892 499/2127/1892
f 1841/2126/1893 1867/2128/1893 2885/2129/1893
f 2885/2129/1894 538/2130/1894 1843/2131/1894
f 2885/2129/1895 536/2093/1895 1866/2091/1895
f 1836/2132/1896 1867/2128/1896 500/2133/1896
f 1836/2132/1897 1869/2134/1897 2886/2135/1897
f 2886/2135/1898 540/2136/1898 1847/2137/1898
f 2886/2135/1899 538/2130/1899 1867/2128/1899
f 1755/510/1900 1758/509/1900 421/511/1900
f 491/524/1901 2887/2138/1901 1755/510/1901
f 490/522/1902 2887/2138/1902 1754/525/1902
f 494/520/1903 2887/2138/1903 1761/523/1903
f 432/518/1904 2887/2138/1904 1760/521/1904
f 492/517/1905 2887/2138/1905 1757/519/1905
f 1759/515/1906 1756/514/1906 427/516/1906
f 493/512/1907 2887/2138/1907 1759/515/1907
f 491/2139/1908 2888/2140/1908 1766/2141/1908
f 1755/2142/1909 1767/2143/1909 2888/2140/1909
f 2888/2140/1910 495/2144/1910 1802/2145/1910
f 1766/2141/1911 1802/2145/1911 534/2146/1911
f 534/2146/1912 2889/2147/1912 1801/2148/1912
f 1802/2145/1913 1770/2149/1913 2889/2147/1913
f 1770/2149/1914 1803/2150/1914 2889/2147/1914
f 1801/2148/1915 1803/2150/1915 533/2151/1915
f 1803/2150/409 1800/2152/409 533/2151/409
f 1803/2150/410 1771/2153/410 2890/2154/410
f 2890/2154/410 497/2155/410 1804/2156/410
f 1800/2152/409 1804/2156/409 532/2157/409
f 1804/2156/1916 1799/2158/1916 532/2157/1916
f 1804/2156/1917 1772/2159/1917 2891/2160/1917
f 2891/2160/1918 498/2161/1918 1805/2162/1918
f 2891/2160/1919 531/2163/1919 1799/2158/1919
f 1805/2162/1920 1798/2164/1920 531/2163/1920
f 1805/2162/1921 1773/2165/1921 2892/2166/1921
f 2892/2166/1922 499/2127/1922 1806/2088/1922
f 2892/2166/1923 530/2090/1923 1798/2164/1923
f 490/2167/1924 2893/2168/1924 1974/2169/1924
f 1754/2170/1925 1766/2141/1925 2893/2168/1925
f 2893/2168/1926 534/2146/1926 1807/2171/1926
f 1974/2169/1927 1807/2171/1927 529/2172/1927
f 529/2172/1928 2894/2173/1928 1797/2174/1928
f 1807/2171/1929 1801/2148/1929 2894/2173/1929
f 2894/2173/1930 533/2151/1930 1808/2175/1930
f 1797/2174/1931 1808/2175/1931 528/2176/1931
f 1808/2175/427 1796/2177/427 528/2176/427
f 533/2151/428 2895/2178/428 1808/2175/428
f 2895/2178/428 532/2157/428 1809/2179/428
f 2895/2178/427 527/2180/427 1796/2177/427
f 1809/2179/1932 1795/2181/1932 527/2180/1932
f 1809/2179/1933 1799/2158/1933 2896/2182/1933
f 2896/2182/1934 531/2163/1934 1810/2183/1934
f 2896/2182/1935 526/2184/1935 1795/2181/1935
f 1810/2183/1936 1794/2185/1936 526/2184/1936
f 1810/2183/1937 1798/2164/1937 2897/2186/1937
f 2897/2186/1938 530/2090/1938 1811/2122/1938
f 2897/2186/1939 525/2123/1939 1794/2185/1939
f 1761/2187/1940 1972/2188/1940 494/2189/1940
f 1761/2187/1941 1974/2169/1941 2898/2190/1941
f 2898/2190/1942 529/2172/1942 1812/2191/1942
f 1972/2188/1943 1812/2191/1943 524/2192/1943
f 524/2192/1944 2899/2193/1944 1793/2194/1944
f 1812/2191/1945 1797/2174/1945 2899/2193/1945
f 2899/2193/1946 528/2176/1946 1813/2195/1946
f 1793/2194/1947 1813/2195/1947 523/2196/1947
f 523/2196/445 2900/2197/445 1792/2198/445
f 1813/2195/446 1796/2177/446 2900/2197/446
f 2900/2197/446 527/2180/446 1814/2199/446
f 2900/2197/445 522/2200/445 1792/2198/445
f 1814/2199/1948 1791/2201/1948 522/2200/1948
f 1814/2199/1949 1795/2181/1949 2901/2202/1949
f 2901/2202/1950 526/2184/1950 1815/2203/1950
f 2901/2202/1951 521/2204/1951 1791/2201/1951
f 1815/2203/1952 1790/2205/1952 521/2204/1952
f 1815/2203/1953 1794/2185/1953 2902/2206/1953
f 2902/2206/1954 525/2123/1954 1816/2116/1954
f 2902/2206/1955 520/2117/1955 1790/2205/1955
f 432/2207/1956 2903/2208/1956 1973/2209/1956
f 494/2189/1957 2903/2208/1957 1760/2210/1957
f 2903/2208/1958 524/2192/1958 1817/2211/1958
f 1973/2209/1959 1817/2211/1959 519/2212/1959
f 519/2212/1960 2904/2213/1960 1789/2214/1960
f 1817/2211/1961 1793/2194/1961 2904/2213/1961
f 2904/2213/1962 523/2196/1962 1818/2215/1962
f 1789/2214/1963 1818/2215/1963 518/2216/1963
f 518/2216/463 2905/2217/463 1788/2218/463
f 1818/2215/464 1792/2198/464 2905/2217/464
f 1792/2198/464 1819/2219/464 2905/2217/464
f 2905/2217/463 517/2220/463 1788/2218/463
f 1819/2219/1964 1787/2221/1964 517/2220/1964
f 1819/2219/1965 1791/2201/1965 2906/2222/1965
f 2906/2222/1966 521/2204/1966 1820/2223/1966
f 2906/2222/1967 516/2224/1967 1787/2221/1967
f 1820/2223/1968 1786/2225/1968 516/2224/1968
f 1820/2223/1969 1790/2205/1969 2907/2226/1969
f 2907/2226/1970 520/2117/1970 1821/2110/1970
f 2907/2226/1971 515/2111/1971 1786/2225/1971
f 492/2227/1972 2908/2228/1972 1765/2229/1972
f 1757/2230/1973 1973/2209/1973 2908/2228/1973
f 2908/2228/1974 519/2212/1974 1822/2231/1974
f 1765/2229/1975 1822/2231/1975 514/2232/1975
f 514/2232/1976 2909/2233/1976 1785/2234/1976
f 1822/2231/1977 1789/2214/1977 2909/2233/1977
f 2909/2233/1978 518/2216/1978 1823/2235/1978
f 1785/2234/1979 1823/2235/1979 513/2236/1979
f 1823/2235/481 1784/2237/481 513/2236/481
f 518/2216/482 2910/2238/482 1823/2235/482
f 2910/2238/482 517/2220/482 1824/2239/482
f 1784/2237/481 1824/2239/481 512/2240/481
f 1824/2239/1980 1783/2241/1980 512/2240/1980
f 1824/2239/1981 1787/2221/1981 2911/2242/1981
f 2911/2242/1982 516/2224/1982 1825/2243/1982
f 2911/2242/1983 511/2244/1983 1783/2241/1983
f 1825/2243/1984 1782/2245/1984 511/2244/1984
f 1825/2243/1985 1786/2225/1985 2912/2246/1985
f 2912/2246/1986 515/2111/1986 1826/2104/1986
f 2912/2246/1987 510/2105/1987 1782/2245/1987
f 1756/2247/1988 1768/2248/1988 427/2249/1988
f 1756/2247/1989 1765/2229/1989 2913/2250/1989
f 2913/2250/1990 514/2232/1990 1827/2251/1990
f 2913/2250/1991 509/2252/1991 1768/2248/1991
f 1827/2251/1992 1781/2253/1992 509/2252/1992
f 514/2232/1993 2914/2254/1993 1827/2251/1993
f 1785/2234/1994 1828/2255/1994 2914/2254/1994
f 2914/2254/1995 508/2256/1995 1781/2253/1995
f 508/2256/499 2915/2257/499 1780/2258/499
f 513/2236/500 2915/2257/500 1828/2255/500
f 2915/2257/500 512/2240/500 1829/2259/500
f 2915/2257/499 507/2260/499 1780/2258/499
f 1829/2259/1996 1779/2261/1996 507/2260/1996
f 1829/2259/1997 1783/2241/1997 2916/2262/1997
f 2916/2262/1998 511/2244/1998 1830/2263/1998
f 2916/2262/1999 506/2264/1999 1779/2261/1999
f 1830/2263/2000 1778/2265/2000 506/2264/2000
f 1830/2263/2001 1782/2245/2001 2917/2266/2001
f 2917/2266/2002 510/2105/2002 1831/2096/2002
f 2917/2266/2003 505/2098/2003 1778/2265/2003
f 1759/2267/2004 1769/2268/2004 493/2269/2004
f 427/2270/2005 2918/2271/2005 1759/2267/2005
f 1768/2272/2006 1832/2273/2006 2918/2271/2006
f 2918/2271/2007 504/2274/2007 1769/2268/2007
f 1832/2273/2008 1777/2275/2008 504/2274/2008
f 509/2276/2009 2919/2277/2009 1832/2273/2009
f 1781/2278/2010 1833/2279/2010 2919/2277/2010
f 2919/2277/2011 503/2280/2011 1777/2275/2011
f 1833/2279/517 1776/2281/517 503/2280/517
f 1833/2279/518 1780/2282/518 2920/2283/518
f 1780/2282/518 1834/2284/518 2920/2283/518
f 2920/2283/517 502/2285/517 1776/2281/517
f 1834/2284/2012 1775/2286/2012 502/2285/2012
f 1834/2284/2013 1779/2287/2013 2921/2288/2013
f 2921/2288/2014 506/2289/2014 1835/2290/2014
f 2921/2288/2015 501/2291/2015 1775/2286/2015
f 1835/2290/2016 1774/2292/2016 501/2291/2016
f 1835/2290/2017 1778/2293/2017 2922/2294/2017
f 2922/2294/2018 505/2295/2018 1836/2132/2018
f 2922/2294/2019 500/2133/2019 1774/2292/2019
f 1758/2296/2020 1767/2143/2020 421/2297/2020
f 493/2269/2021 2923/2298/2021 1758/2296/2021
f 1769/2268/2022 1837/2299/2022 2923/2298/2022
f 2923/2298/2023 495/2144/2023 1767/2143/2023
f 1837/2299/2024 1770/2149/2024 495/2144/2024
f 504/2274/2025 2924/2300/2025 1837/2299/2025
f 1777/2275/2026 1838/2301/2026 2924/2300/2026
f 2924/2300/2027 496/2302/2027 1770/2149/2027
f 496/2302/535 2925/2303/535 1771/2153/535
f 1838/2301/536 1776/2281/536 2925/2303/536
f 1776/2281/536 1839/2304/536 2925/2303/536
f 2925/2303/535 497/2155/535 1771/2153/535
f 1839/2304/2028 1772/2159/2028 497/2155/2028
f 1839/2304/2029 1775/2286/2029 2926/2305/2029
f 2926/2305/2030 501/2291/2030 1840/2306/2030
f 2926/2305/2031 498/2161/2031 1772/2159/2031
f 1840/2306/2032 1773/2165/2032 498/2161/2032
f 1840/2306/2033 1774/2292/2033 2927/2307/2033
f 2927/2307/2034 500/2133/2034 1841/2126/2034
f 2927/2307/2035 499/2127/2035 1773/2165/2035
f 538/2130/2036 2928/2308/2036 1843/2131/2036
f 1842/2309/2037 1845/2310/2037 2928/2308/2037
f 2928/2308/2038 535/2311/2038 1844/2312/2038
f 1843/2131/2039 1844/2312/2039 536/2093/2039
f 540/2136/2040 2929/2313/2040 1847/2137/2040
f 1846/2314/2041 1848/2315/2041 2929/2313/2041
f 2929/2313/2042 537/2316/2042 1842/2309/2042
f 1847/2137/2043 1842/2309/2043 538/2130/2043
f 542/2101/2044 2930/2317/2044 1850/2102/2044
f 1849/2318/2045 1851/2319/2045 2930/2317/2045
f 2930/2317/2046 539/2320/2046 1846/2321/2046
f 1850/2102/2047 1846/2321/2047 540/2103/2047
f 1852/2322/2048 1853/2109/2048 544/2108/2048
f 543/2323/2049 2931/2324/2049 1852/2322/2049
f 1854/2325/2050 1849/2318/2050 2931/2324/2050
f 1853/2109/2051 1849/2318/2051 542/2101/2051
f 1855/2326/2052 1856/2115/2052 546/2114/2052
f 545/2327/2053 2932/2328/2053 1855/2326/2053
f 1857/2329/2054 1852/2322/2054 2932/2328/2054
f 2932/2328/2055 544/2108/2055 1856/2115/2055
f 1858/2330/2056 1859/2121/2056 548/2120/2056
f 547/2331/2057 2933/2332/2057 1858/2330/2057
f 1860/2333/2058 1855/2326/2058 2933/2332/2058
f 2933/2332/2059 546/2114/2059 1859/2121/2059
f 1861/2334/2060 1862/2125/2060 550/2095/2060
f 549/2335/2061 2934/2336/2061 1861/2334/2061
f 1863/2337/2062 1858/2330/2062 2934/2336/2062
f 2934/2336/2063 548/2120/2063 1862/2125/2063
f 536/2093/2064 2935/2338/2064 1864/2094/2064
f 1844/2312/2065 1865/2339/2065 2935/2338/2065
f 1865/2339/2066 1861/2334/2066 2935/2338/2066
f 2935/2338/2067 550/2095/2067 1864/2094/2067
f 1875/2340/2068 1876/738/2068 572/740/2068
f 555/2341/2069 2936/742/2069 1875/2340/2069
f 2936/742/2070 563/2342/2070 1890/2343/2070
f 1876/738/2071 1890/2343/2071 573/747/2071
f 1890/2343/2072 1902/746/2072 573/747/2072
f 1890/2343/2073 1877/2344/2073 2937/2345/2073
f 2937/2345/2074 543/750/2074 1857/748/2074
f 1902/746/2075 1857/748/2075 545/821/2075
f 563/2342/2076 2938/2346/2076 1877/2344/2076
f 1891/2347/2077 1894/2348/2077 2938/2346/2077
f 2938/2346/2078 541/755/2078 1854/754/2078
f 1877/2344/2079 1854/754/2079 543/750/2079
f 555/2341/2080 2939/758/2080 1892/744/2080
f 1874/2349/2081 1878/2350/2081 2939/758/2081
f 2939/758/2082 557/2351/2082 1891/2347/2082
f 1892/744/2083 1891/2347/2083 563/2342/2083
f 552/761/2084 2940/2352/2084 1878/2350/2084
f 1880/763/2085 1896/766/2085 2940/2352/2085
f 2940/2352/2086 564/765/2086 1893/2353/2086
f 1878/2350/2087 1893/2353/2087 557/2351/2087
f 557/2351/2088 2941/2354/2088 1894/2348/2088
f 564/765/2089 2941/2354/2089 1893/2353/2089
f 1881/770/2090 1851/769/2090 2941/2354/2090
f 2941/2354/2091 541/755/2091 1894/2348/2091
f 1895/2355/2092 1881/771/2092 564/773/2092
f 559/2356/2093 2942/2357/2093 1895/2355/2093
f 1898/2358/2094 1848/776/2094 2942/2357/2094
f 2942/2357/2095 539/774/2095 1881/771/2095
f 558/767/2096 2943/2359/2096 1896/781/2096
f 1879/2360/2097 1882/2361/2097 2943/2359/2097
f 2943/2359/2098 559/2356/2098 1895/2355/2098
f 1896/781/2099 1895/2355/2099 564/773/2099
f 554/2362/2100 2944/2363/2100 1882/2361/2100
f 1884/2364/2101 1900/2365/2101 2944/2363/2101
f 1900/2365/2102 1897/2366/2102 2944/2363/2102
f 1882/2361/2103 1897/2366/2103 559/2356/2103
f 1897/2366/2104 1898/2358/2104 559/2356/2104
f 565/793/2105 2945/2367/2105 1897/2366/2105
f 1885/2368/2106 1845/791/2106 2945/2367/2106
f 2945/2367/2107 537/789/2107 1898/2358/2107
f 1899/2369/2108 1885/2368/2108 565/793/2108
f 1899/2369/2109 1889/798/2109 2946/796/2109
f 2946/796/2110 549/797/2110 1865/2370/2110
f 2946/796/2111 535/795/2111 1885/2368/2111
f 1883/2371/2112 1900/2365/2112 560/2372/2112
f 553/803/2113 2947/801/2113 1883/2371/2113
f 1886/2373/2114 1899/2369/2114 2947/801/2114
f 2947/801/2115 565/793/2115 1900/2365/2115
f 1912/2374/2116 1879/2360/2116 558/767/2116
f 569/809/2117 2948/2375/2117 1912/2374/2117
f 2948/2375/2118 568/2376/2118 1911/805/2118
f 1879/2360/2119 1911/805/2119 554/2362/2119
f 1901/2377/2120 1889/798/2120 561/2378/2120
f 1901/2377/2121 1971/814/2121 2949/2379/2121
f 2949/2379/2122 547/813/2122 1863/811/2122
f 1889/798/2123 1863/811/2123 549/797/2123
f 575/816/2124 2950/2380/2124 1971/819/2124
f 1903/2381/2125 1902/746/2125 2950/2380/2125
f 2950/2380/2126 545/821/2126 1860/820/2126
f 1971/819/2127 1860/820/2127 547/2382/2127
f 1926/2383/2128 1913/822/2128 556/824/2128
f 577/2384/2129 2951/826/2129 1926/2383/2129
f 1921/2385/2130 1925/827/2130 2951/826/2130
f 2951/826/2131 551/825/2131 1913/822/2131
f 552/761/2132 2952/2386/2132 1880/763/2132
f 555/2341/2133 2952/2386/2133 1874/2349/2133
f 1908/2387/2134 1905/831/2134 2952/2386/2134
f 2952/2386/2135 558/767/2135 1880/763/2135
f 1956/834/2136 1962/2388/2136 588/835/2136
f 1956/834/2137 1964/839/2137 2953/2389/2137
f 2953/2389/2138 571/838/2138 1910/2390/2138
f 2953/2389/2139 570/836/2139 1962/2388/2139
f 1888/2391/2140 1901/2377/2140 561/2378/2140
f 1888/2391/2141 1910/2390/2141 2954/2392/2141
f 2954/2392/2142 571/838/2142 1906/842/2142
f 1901/2377/2143 1906/842/2143 575/815/2143
f 1875/2340/2144 1908/2387/2144 555/2341/2144
f 572/740/2145 2955/2393/2145 1875/2340/2145
f 1887/2394/2146 1907/847/2146 2955/2393/2146
f 2955/2393/2147 567/845/2147 1908/2387/2147
f 1911/805/2148 1884/2364/2148 554/2362/2148
f 1965/2395/2149 1911/805/2149 568/2376/2149
f 1948/850/2150 1965/2395/2150 592/853/2150
f 1963/849/2151 1948/850/2151 593/851/2151
f 1884/2364/2152 1963/849/2152 560/2372/2152
f 1906/842/2153 1904/2396/2153 575/815/2153
f 1964/839/2154 1906/842/2154 571/838/2154
f 595/840/2155 2957/2397/2155 1964/839/2155
f 1967/2398/2156 1951/857/2156 596/859/2156
f 574/855/2157 2957/2397/2157 1967/2398/2157
f 553/803/2158 2958/2399/2158 1886/2373/2158
f 1945/862/2159 1961/861/2159 590/863/2159
f 1962/2388/2160 1945/862/2160 588/835/2160
f 570/836/2161 2958/2399/2161 1962/2388/2161
f 1886/2373/2162 1888/2391/2162 561/2378/2162
f 1963/849/2163 1883/2371/2163 560/2372/2163
f 1947/870/2164 1963/849/2164 593/851/2164
f 1960/867/2165 1947/870/2165 591/871/2165
f 1946/2400/2166 1960/867/2166 589/869/2166
f 590/865/2167 2959/2401/2167 1946/2400/2167
f 1883/2371/2168 1961/864/2168 553/803/2168
f 1967/873/2169 1907/872/2169 574/874/2169
f 1949/2402/2170 1967/873/2170 596/883/2170
f 594/2403/2171 2960/879/2171 1949/2402/2171
f 598/2404/2172 2960/879/2172 1959/2405/2172
f 1968/2406/2173 1954/2407/2173 599/2408/2173
f 1907/872/2174 1968/2406/2174 567/845/2174
f 569/809/2175 2961/884/2175 1909/2409/2175
f 597/887/2176 2961/884/2176 1966/885/2176
f 2961/884/2177 592/853/2177 1965/2395/2177
f 2961/884/2178 568/2376/2178 1909/2409/2178
f 567/845/2179 2962/2410/2179 1905/831/2179
f 1952/2411/2180 1968/2406/2180 599/2408/2180
f 597/887/2181 2962/2410/2181 1952/2411/2181
f 569/809/2182 2962/2410/2182 1966/885/2182
f 1905/831/2183 1912/2374/2183 558/767/2183
f 551/890/2184 2963/891/2184 1913/894/2184
f 1917/892/2185 1876/738/2185 2963/891/2185
f 1876/738/2186 1918/2412/2186 2963/891/2186
f 2963/891/2187 556/893/2187 1913/894/2187
f 562/896/2188 2964/2413/2188 1914/899/2188
f 574/901/2189 2964/2413/2189 1919/898/2189
f 2964/2413/2190 572/740/2190 1917/900/2190
f 1914/899/2191 1917/900/2191 551/2414/2191
f 1918/2412/2192 1915/902/2192 556/893/2192
f 573/747/2193 2965/904/2193 1918/2412/2193
f 1903/2381/2194 1920/905/2194 2965/904/2194
f 2965/904/2195 566/903/2195 1915/902/2195
f 566/906/2196 2966/2415/2196 1916/2416/2196
f 575/815/2197 2966/2415/2197 1920/908/2197
f 1904/2396/2198 1919/911/2198 2966/2415/2198
f 2966/2415/2199 562/909/2199 1916/2416/2199
f 562/909/2200 2967/912/2200 1916/2416/2200
f 1928/913/2201 1924/2417/2201 2967/912/2201
f 2967/912/2202 579/2418/2202 1927/2419/2202
f 1916/2416/2203 1927/2419/2203 566/906/2203
f 551/918/2204 2968/919/2204 1914/921/2204
f 1925/920/2205 1922/2420/2205 2968/919/2205
f 2968/919/2206 578/923/2206 1928/922/2206
f 1914/921/2207 1928/922/2207 562/2421/2207
f 566/906/2208 2969/2422/2208 1915/927/2208
f 1927/2419/2209 1923/2423/2209 2969/2422/2209
f 1923/2423/2210 1926/2383/2210 2969/2422/2210
f 2969/2422/2211 556/824/2211 1915/927/2211
f 1942/929/2212 1922/2420/2212 576/925/2212
f 1942/929/2213 1933/2424/2213 2970/2425/2213
f 2970/2425/2214 584/932/2214 1943/930/2214
f 1922/2420/2215 1943/930/2215 578/923/2215
f 579/2418/2216 2971/2426/2216 1923/2423/2216
f 1944/936/2217 1938/2427/2217 2971/2426/2217
f 2971/2426/2218 583/938/2218 1941/2428/2218
f 1923/2423/2219 1941/2428/2219 577/2384/2219
f 578/917/2220 2972/941/2220 1924/2417/2220
f 584/944/2221 2972/941/2221 1943/942/2221
f 2972/941/2222 587/2429/2222 1944/936/2222
f 1924/2417/2223 1944/936/2223 579/2418/2223
f 585/945/2224 2973/2430/2224 1940/2431/2224
f 581/952/2225 2973/2430/2225 1935/2432/2225
f 2973/2430/2226 582/2433/2226 1936/962/2226
f 2973/2430/2227 586/2434/2227 1940/2431/2227
f 581/952/2228 2974/2435/2228 1930/2436/2228
f 580/957/2229 2974/2435/2229 1929/954/2229
f 1932/2437/2230 1931/2438/2230 2974/2435/2230
f 2974/2435/2231 582/2433/2231 1930/2436/2231
f 580/934/2232 2975/2439/2232 1933/2424/2232
f 581/952/2233 2975/2439/2233 1929/959/2233
f 2975/2439/2234 585/945/2234 1934/960/2234
f 1933/2424/2235 1934/960/2235 584/932/2235
f 582/2433/2236 2976/961/2236 1936/962/2236
f 1931/2438/2237 1938/2427/2237 2976/961/2237
f 1938/2427/2238 1937/963/2238 2976/961/2238
f 2976/961/2239 586/2434/2239 1936/962/2239
f 1934/964/2240 1939/2440/2240 584/944/2240
f 585/945/2241 2977/2441/2241 1934/964/2241
f 2977/2441/2242 586/2434/2242 1937/963/2242
f 1939/2440/2243 1937/963/2243 587/2429/2243
f 1941/2428/2244 1921/2385/2244 577/2384/2244
f 583/938/2245 2978/2442/2245 1941/2428/2245
f 1932/2437/2246 1942/966/2246 2978/2442/2246
f 1921/2385/2247 1942/966/2247 576/2443/2247
f 551/968/2248 2979/969/2248 1953/972/2248
f 1950/977/2249 1925/970/2249 576/978/2249
f 595/976/2250 2979/969/2250 1950/977/2250
f 1945/971/2251 1956/974/2251 588/975/2251
f 1953/972/2252 1945/971/2252 590/973/2252
f 598/2404/2253 2980/2444/2253 1957/2445/2253
f 594/2403/2254 2980/2444/2254 1959/2405/2254
f 2980/2444/2255 589/982/2255 1960/2446/2255
f 2980/2444/2256 591/980/2256 1957/2445/2256
f 1945/985/2257 1969/984/2257 590/986/2257
f 588/989/2258 2981/2447/2258 1945/985/2258
f 2981/2447/2259 595/840/2259 1951/857/2259
f 1969/984/2260 1951/857/2260 596/859/2260
f 589/982/2261 2982/2448/2261 1946/991/2261
f 594/2403/2262 2982/2448/2262 1955/2449/2262
f 1949/2402/2263 1969/992/2263 2982/2448/2263
f 1946/991/2264 1969/992/2264 590/2450/2264
f 1970/2451/2265 1947/993/2265 593/851/2265
f 599/2408/2266 2983/2452/2266 1970/2451/2266
f 1954/2407/2267 1957/2445/2267 2983/2452/2267
f 2983/2452/2268 591/980/2268 1947/993/2268
f 592/853/2269 2984/2453/2269 1948/850/2269
f 1958/886/2270 1952/2411/2270 2984/2453/2270
f 2984/2453/2271 599/2408/2271 1970/2451/2271
f 1948/850/2272 1970/2451/2272 593/851/2272
f 620/997/2273 2985/2454/2273 1999/2455/2273
f 2000/999/2274 2001/2456/2274 2985/2454/2274
f 2001/2456/2275 1224/1001/2275 2985/2454/2275
f 1999/2455/2276 1224/1001/2276 232/1015/2276
f 600/2457/2277 2986/1005/2277 1994/1007/2277
f 1987/2458/2278 2009/2459/2278 2986/1005/2278
f 2986/1005/2279 620/997/2279 2005/2460/2279
f 1994/1007/2280 2005/2460/2280 616/2461/2280
f 616/2461/2281 2987/1012/2281 1993/2462/2281
f 2005/2460/2282 1999/2455/2282 2987/1012/2282
f 2987/1012/2283 232/1015/2283 1230/1014/2283
f 1993/2462/2284 1230/1014/2284 226/2463/2284
f 2006/2464/2285 2004/1016/2285 673/1018/2285
f 611/1023/2286 2988/2465/2286 2006/2464/2286
f 2988/2465/2287 220/1021/2287 1231/1019/2287
f 2004/1016/2288 1231/1019/2288 236/1478/2288
f 1990/2466/2289 2007/1024/2289 614/2467/2289
f 602/1029/2290 2989/2468/2290 1990/2466/2290
f 1985/2469/2291 2006/2464/2291 2989/2468/2291
f 2989/2468/2292 673/1018/2292 2007/1024/2292
f 1989/1031/2293 2008/1030/2293 613/2470/2293
f 614/2467/2294 2990/2471/2294 1989/1031/2294
f 2007/1024/2295 2002/2472/2295 2990/2471/2295
f 2008/1030/2296 2002/2472/2296 672/1379/2296
f 612/2473/2297 2991/2474/2297 2009/2459/2297
f 613/2470/2298 2991/2474/2298 1988/1036/2298
f 2008/1030/2299 2000/1037/2299 2991/2474/2299
f 2009/2459/2300 2000/1037/2300 620/997/2300
f 623/2475/2301 2992/2476/2301 2010/2477/2301
f 2012/2478/2302 1241/1044/2302 2992/2476/2302
f 2992/2476/2303 241/1043/2303 2013/2479/2303
f 2010/2477/2304 2013/2479/2304 624/1047/2304
f 2013/2479/2305 2011/2480/2305 624/1047/2305
f 241/1043/2306 2993/2481/2306 2013/2479/2306
f 1242/1051/2307 2014/1050/2307 2993/2481/2307
f 2993/2481/2308 625/2482/2308 2011/2480/2308
f 1992/2483/2309 1984/2484/2309 603/2485/2309
f 615/1059/2310 2994/2486/2310 1992/2483/2310
f 2019/2487/2311 2015/1057/2311 2994/2486/2311
f 2994/2486/2312 610/2488/2312 1984/2484/2312
f 610/2488/2313 2995/2489/2313 1983/1061/2313
f 2015/1057/2314 2010/2477/2314 2995/2489/2314
f 2995/2489/2315 624/1047/2315 2016/1062/2315
f 1983/1061/2316 2016/1062/2316 609/1064/2316
f 2016/1062/2317 1982/2490/2317 609/1064/2317
f 624/1047/2318 2996/2491/2318 2016/1062/2318
f 2011/2480/2319 2017/2492/2319 2996/2491/2319
f 2996/2491/2320 608/1065/2320 1982/2490/2320
f 2017/2492/2321 1981/1068/2321 608/1065/2321
f 625/2482/2322 2997/2493/2322 2017/2492/2322
f 2018/2494/2323 1985/2469/2323 2997/2493/2323
f 2997/2493/2324 602/1029/2324 1981/1068/2324
f 2014/1050/2325 2018/2494/2325 625/2482/2325
f 242/1073/2326 2998/2495/2326 2014/1050/2326
f 1247/1072/2327 1986/2496/2327 2998/2495/2327
f 2998/2495/2328 611/1023/2328 2018/2494/2328
f 1991/2497/2329 2019/2487/2329 615/1059/2329
f 224/1077/2330 2999/2498/2330 1991/2497/2330
f 1248/1076/2331 2012/2478/2331 2999/2498/2331
f 2999/2498/2332 623/2475/2332 2019/2487/2332
f 1401/1079/2333 1976/1078/2333 212/1080/2333
f 40/1085/2334 3000/1082/2334 1401/1079/2334
f 2162/2499/2335 2020/1083/2335 3000/1082/2335
f 3000/1082/2336 604/2500/2336 1976/1078/2336
f 2020/1083/2337 1975/2501/2337 604/2500/2337
f 626/2502/2338 3001/2503/2338 2020/1083/2338
f 2021/1090/2339 1998/2504/2339 3001/2503/2339
f 3001/2503/2340 601/2505/2340 1975/2501/2340
f 2163/2506/2341 2021/1090/2341 626/2502/2341
f 412/1097/2342 3002/2507/2342 2163/2506/2342
f 2165/2508/2343 1997/2509/2343 3002/2507/2343
f 3002/2507/2344 619/2510/2344 2021/1090/2344
f 2164/2511/2345 2165/2508/2345 412/1097/2345
f 2164/2511/2346 2022/2512/2346 3003/1100/2346
f 3003/1100/2347 617/2513/2347 1996/1099/2347
f 2165/2508/2348 1996/1099/2348 618/2514/2348
f 627/2515/2349 3004/2516/2349 2022/2512/2349
f 2023/2517/2350 1992/2483/2350 3004/2516/2350
f 3004/2516/2351 603/2485/2351 1995/2518/2351
f 2022/2512/2352 1995/2518/2352 617/2513/2352
f 797/1108/2353 1753/2519/2353 41/1109/2353
f 797/1108/2354 1991/2497/2354 3005/2520/2354
f 3005/2520/2355 615/1059/2355 2023/2517/2355
f 1753/2519/2356 2023/2517/2356 627/2515/2356
f 628/2521/2357 3006/2522/2357 2025/2523/2357
f 2027/2524/2358 2030/1116/2358 3006/2522/2358
f 2030/1116/2359 2028/1115/2359 3006/2522/2359
f 2025/2523/2360 2028/1115/2360 629/1133/2360
f 631/1117/2361 3007/1118/2361 2030/1120/2361
f 2031/2525/2362 2034/2526/2362 3007/1118/2362
f 3007/1118/2363 635/1122/2363 2032/1121/2363
f 2030/1120/2364 2032/1121/2364 664/2527/2364
f 601/2505/2365 3008/1125/2365 1980/2528/2365
f 1998/2504/2366 2047/1128/2366 3008/1125/2366
f 3008/1125/2367 628/2521/2367 2036/2529/2367
f 1980/2528/2368 2036/2529/2368 607/1129/2368
f 607/1129/2369 3009/2530/2369 1979/1131/2369
f 2036/2529/2370 2025/2523/2370 3009/2530/2370
f 3009/2530/2371 629/1133/2371 2037/1132/2371
f 1979/1131/2372 2037/1132/2372 606/2531/2372
f 668/1134/2373 3010/2532/2373 2106/1137/2373
f 2080/2533/2374 2061/1140/2374 3010/2532/2374
f 3010/2532/2375 642/2534/2375 2067/2535/2375
f 2106/1137/2376 2067/2535/2376 654/1221/2376
f 2038/1143/2377 1977/2536/2377 605/1144/2377
f 2038/1143/2378 2039/2537/2378 3011/2538/2378
f 3011/2538/2379 612/2473/2379 1987/2458/2379
f 3011/2538/2380 600/2457/2380 1977/2536/2380
f 630/1147/2381 3012/2539/2381 2039/2537/2381
f 2029/1149/2382 2040/2540/2382 3012/2539/2382
f 2040/2540/2383 1988/1036/2383 3012/2539/2383
f 2039/2537/2384 1988/1036/2384 612/2473/2384
f 2033/1152/2385 2040/2540/2385 665/1151/2385
f 636/2541/2386 3013/2542/2386 2033/1152/2386
f 2041/2543/2387 1989/1031/2387 3013/2542/2387
f 3013/2542/2388 613/2470/2388 2040/2540/2388
f 2042/1156/2389 2041/2543/2389 636/2541/2389
f 608/1065/2390 3014/2544/2390 2042/1156/2390
f 3014/2544/2391 602/1029/2391 1990/2466/2391
f 3014/2544/2392 614/2467/2392 2041/2543/2392
f 635/1122/2393 3015/2545/2393 2035/1160/2393
f 609/1064/2394 3015/2545/2394 2043/1159/2394
f 1982/2490/2395 2042/1156/2395 3015/2545/2395
f 3015/2545/2396 636/2541/2396 2035/1160/2396
f 634/2546/2397 3016/2547/2397 2034/2526/2397
f 2044/2548/2398 1983/1061/2398 3016/2547/2398
f 3016/2547/2399 609/1064/2399 2043/1159/2399
f 2034/2526/2400 2043/1159/2400 635/1122/2400
f 617/2513/2401 3017/1163/2401 2045/2549/2401
f 603/2485/2402 3017/1163/2402 1995/2518/2402
f 3017/1163/2403 610/2488/2403 2044/2548/2403
f 2045/2549/2404 2044/2548/2404 634/2546/2404
f 618/2514/2405 3018/2550/2405 2046/1167/2405
f 1996/1099/2406 2045/2549/2406 3018/2550/2406
f 3018/2550/2407 634/2546/2407 2031/2525/2407
f 2046/1167/2408 2031/2525/2408 631/1117/2408
f 619/2510/2409 3019/2551/2409 2047/1128/2409
f 1997/2509/2410 2046/1167/2410 3019/2551/2410
f 3019/2551/2411 631/1117/2411 2027/2524/2411
f 2047/1128/2412 2027/2524/2412 628/2521/2412
f 254/1169/2413 3020/2552/2413 1278/1172/2413
f 2048/2553/2414 2051/2554/2414 3020/2552/2414
f 3020/2552/2415 638/2555/2415 2049/1173/2415
f 1278/1172/2416 2049/1173/2416 255/1177/2416
f 255/1177/2417 3021/2556/2417 1279/1180/2417
f 638/2555/2418 3021/2556/2418 2049/1173/2418
f 2052/2557/2419 2050/2558/2419 3021/2556/2419
f 3021/2556/2420 256/1179/2420 1279/1180/2420
f 256/1179/2421 3022/2559/2421 1285/1184/2421
f 639/1186/2422 3022/2559/2422 2050/2558/2422
f 2053/1185/2423 1993/2462/2423 3022/2559/2423
f 1285/1184/2424 1993/2462/2424 226/2463/2424
f 2054/1187/2425 2053/1185/2425 639/1186/2425
f 605/1144/2426 3023/1188/2426 2054/1187/2426
f 3023/1188/2427 600/2457/2427 1994/1007/2427
f 3023/1188/2428 616/2461/2428 2053/1185/2428
f 2055/2560/2429 2052/2557/2429 638/2555/2429
f 606/1193/2430 3024/2561/2430 2055/2560/2430
f 1978/1192/2431 2054/1191/2431 3024/2561/2431
f 3024/2561/2432 639/1186/2432 2052/2557/2432
f 637/2562/2433 3025/2563/2433 2051/2554/2433
f 2056/1195/2434 1979/1196/2434 3025/2563/2434
f 3025/2563/2435 606/1193/2435 2055/2560/2435
f 2051/2554/2436 2055/2560/2436 638/2555/2436
f 604/2500/2437 3026/2564/2437 2057/2565/2437
f 1975/2501/2438 1980/2528/2438 3026/2564/2438
f 3026/2564/2439 607/1129/2439 2056/1195/2439
f 2057/2565/2440 2056/1195/2440 637/2562/2440
f 212/1080/2441 3027/2566/2441 1291/1200/2441
f 1976/1078/2442 2057/2565/2442 3027/2566/2442
f 3027/2566/2443 637/2562/2443 2048/2553/2443
f 1291/1200/2444 2048/2553/2444 254/1169/2444
f 2058/1201/2445 2033/1152/2445 665/1151/2445
f 2058/1201/2446 2032/1203/2446 3028/2567/2446
f 2032/1203/2447 2035/1160/2447 3028/2567/2447
f 3028/2567/2448 636/2541/2448 2033/1152/2448
f 649/1205/2449 3029/2568/2449 2103/1209/2449
f 641/1212/2450 3029/2568/2450 2074/1207/2450
f 2059/2569/2451 2026/1210/2451 3029/2568/2451
f 3029/2568/2452 648/1208/2452 2103/1209/2452
f 2063/2570/2453 2059/2569/2453 641/1212/2453
f 642/2534/2454 3030/2571/2454 2063/2570/2454
f 3030/2571/2455 643/2572/2455 2064/2573/2455
f 2059/2569/2456 2064/2573/2456 640/1235/2456
f 643/2572/2457 3031/2574/2457 2062/2575/2457
f 2060/2576/2458 2061/1140/2458 3031/2574/2458
f 3031/2574/2459 644/1141/2459 2065/2577/2459
f 2062/2575/2460 2065/2577/2460 645/2578/2460
f 654/1221/2461 3032/2579/2461 2100/1223/2461
f 2067/2535/2462 2063/2570/2462 3032/2579/2462
f 3032/2579/2463 641/1212/2463 2074/1207/2463
f 2100/1223/2464 2074/1207/2464 649/1205/2464
f 2083/1225/2465 2097/2580/2465 670/1226/2465
f 645/2578/2466 3033/2581/2466 2083/1225/2466
f 3033/2581/2467 644/1141/2467 2080/2533/2467
f 2097/2580/2468 2080/2533/2468 668/1134/2468
f 2086/1230/2469 2094/2582/2469 661/2583/2469
f 643/2572/2470 3034/2584/2470 2086/1230/2470
f 3034/2584/2471 645/2578/2471 2083/1225/2471
f 2094/2582/2472 2083/1225/2472 670/1226/2472
f 2026/1210/2473 2091/1233/2473 648/1208/2473
f 640/1235/2474 3035/2585/2474 2026/1210/2474
f 2064/2573/2475 2086/1230/2475 3035/2585/2475
f 3035/2585/2476 661/2583/2476 2091/1233/2476
f 2071/1237/2477 2038/1236/2477 605/1238/2477
f 646/2586/2478 3036/1240/2478 2071/1237/2478
f 2089/2587/2479 2070/2588/2479 3036/1240/2479
f 3036/1240/2480 630/1239/2480 2038/1236/2480
f 2072/1244/2481 2089/2587/2481 646/2586/2481
f 647/1249/2482 3037/2589/2482 2072/1244/2482
f 2090/2590/2483 2088/2591/2483 3037/2589/2483
f 3037/2589/2484 663/2592/2484 2089/2587/2484
f 2073/2593/2485 2090/2590/2485 647/1249/2485
f 648/1208/2486 3038/2594/2486 2073/2593/2486
f 2091/1233/2487 2087/2595/2487 3038/2594/2487
f 3038/2594/2488 662/2596/2488 2090/2590/2488
f 2070/2588/2489 2029/1254/2489 630/1239/2489
f 663/2592/2490 3039/2597/2490 2070/2588/2490
f 3039/2597/2491 667/2598/2491 2069/2599/2491
f 2029/1254/2492 2069/2599/2492 665/1344/2492
f 2088/2591/2493 2092/2600/2493 663/2592/2493
f 662/2596/2494 3040/2601/2494 2088/2591/2494
f 2093/2602/2495 2085/2603/2495 3040/2601/2495
f 2092/2600/2496 2085/2603/2496 667/2598/2496
f 2087/2595/2497 2093/2602/2497 662/2596/2497
f 661/2583/2498 3041/1263/2498 2087/2595/2498
f 2094/2582/2499 2084/1264/2499 3041/1263/2499
f 3041/1263/2500 671/1262/2500 2093/2602/2500
f 2109/2604/2501 2107/2605/2501 633/2606/2501
f 660/2607/2502 3042/2608/2502 2109/2604/2502
f 2095/2609/2503 2108/2610/2503 3042/2608/2503
f 3042/2608/2504 632/2611/2504 2107/2605/2504
f 2113/2612/2505 2095/2609/2505 660/2607/2505
f 659/2613/2506 3043/2614/2506 2113/2612/2506
f 2096/2615/2507 2111/2616/2507 3043/2614/2507
f 3043/2614/2508 657/2617/2508 2095/2609/2508
f 2112/2618/2509 2096/2615/2509 659/2613/2509
f 2112/2618/2510 2114/2619/2510 3044/2620/2510
f 3044/2620/2511 655/2621/2511 2110/2622/2511
f 2096/2615/2512 2110/2622/2512 656/2623/2512
f 629/1285/2513 3045/2624/2513 2037/1288/2513
f 2077/1287/2514 2098/2625/2514 3045/2624/2514
f 3045/2624/2515 651/1290/2515 2066/2626/2515
f 2037/1288/2516 2066/2626/2516 606/1306/2516
f 652/2627/2517 3046/2628/2517 2098/2625/2517
f 2078/2629/2518 2099/1297/2518 3046/2628/2518
f 3046/2628/2519 650/1296/2519 2076/2630/2519
f 2098/2625/2520 2076/2630/2520 651/1290/2520
f 653/2631/2521 3047/2632/2521 2099/1297/2521
f 2079/2633/2522 2100/1303/2522 3047/2632/2522
f 3047/2632/2523 649/1302/2523 2075/1301/2523
f 2099/1297/2524 2075/1301/2524 650/1296/2524
f 2066/2626/2525 1978/1305/2525 606/1306/2525
f 651/1290/2526 3048/2634/2526 2066/2626/2526
f 2101/1308/2527 2071/1237/2527 3048/2634/2527
f 3048/2634/2528 605/1238/2528 1978/1305/2528
f 651/1290/2529 3049/1309/2529 2101/1308/2529
f 2076/2630/2530 2102/1310/2530 3049/1309/2530
f 2102/1310/2531 2072/1244/2531 3049/1309/2531
f 3049/1309/2532 646/2586/2532 2101/1308/2532
f 650/1296/2533 3050/1311/2533 2102/1310/2533
f 649/1205/2534 3050/1311/2534 2075/1312/2534
f 2103/1209/2535 2073/2593/2535 3050/1311/2535
f 3050/1311/2536 647/1249/2536 2102/1310/2536
f 2068/2635/2537 2028/1313/2537 664/1315/2537
f 666/2636/2538 3051/2637/2538 2068/2635/2538
f 3051/2637/2539 652/2627/2539 2077/1287/2539
f 3051/2637/2540 629/1285/2540 2028/1313/2540
f 666/2636/2541 3052/1319/2541 2104/2638/2541
f 2082/2639/2542 2105/2640/2542 3052/1319/2542
f 3052/1319/2543 653/2631/2543 2078/2629/2543
f 2104/2638/2544 2078/2629/2544 652/2627/2544
f 669/2641/2545 3053/1323/2545 2105/2640/2545
f 2081/2642/2546 2106/1325/2546 3053/1323/2546
f 3053/1323/2547 654/1304/2547 2079/2633/2547
f 2105/2640/2548 2079/2633/2548 653/2631/2548
f 632/1327/2549 3054/2643/2549 2107/1331/2549
f 2115/1329/2550 2058/1333/2550 3054/2643/2550
f 2058/1333/2551 2116/2644/2551 3054/2643/2551
f 3054/2643/2552 633/1330/2552 2107/1331/2552
f 2117/2645/2553 2108/1335/2553 657/1337/2553
f 666/2636/2554 3055/2646/2554 2117/2645/2554
f 2068/2635/2555 2115/1340/2555 3055/2646/2555
f 3055/2646/2556 632/1338/2556 2108/1335/2556
f 633/1330/2557 3056/2647/2557 2109/1342/2557
f 2116/2644/2558 2069/2599/2558 3056/2647/2558
f 3056/2647/2559 667/2598/2559 2118/2648/2559
f 2109/1342/2560 2118/2648/2560 660/1358/2560
f 655/1345/2561 3057/2649/2561 2110/1348/2561
f 2119/1347/2562 2081/2642/2562 3057/2649/2562
f 2081/2642/2563 2120/2650/2563 3057/2649/2563
f 2110/1348/2564 2120/2650/2564 656/1350/2564
f 656/1350/2565 3058/2651/2565 2111/1352/2565
f 669/2641/2566 3058/2651/2566 2120/2650/2566
f 2082/2639/2567 2117/2645/2567 3058/2651/2567
f 3058/2651/2568 657/1337/2568 2111/1352/2568
f 659/1353/2569 3059/2652/2569 2112/1356/2569
f 2121/1355/2570 2084/1264/2570 3059/2652/2570
f 3059/2652/2571 670/1226/2571 2122/1357/2571
f 2112/1356/2572 2122/1357/2572 658/2653/2572
f 660/1358/2573 3060/2654/2573 2113/1360/2573
f 2118/2648/2574 2085/2603/2574 3060/2654/2574
f 3060/2654/2575 671/1262/2575 2121/1355/2575
f 2113/1360/2576 2121/1355/2576 659/1353/2576
f 658/1361/2577 3061/2655/2577 2114/1364/2577
f 2122/1363/2578 2097/2580/2578 3061/2655/2578
f 3061/2655/2579 668/1134/2579 2119/1365/2579
f 2114/1364/2580 2119/1365/2580 655/2656/2580
f 674/1366/2581 3062/2657/2581 2146/1370/2581
f 2149/2658/2582 2124/2659/2582 234/1372/2582
f 2146/1370/2583 2149/2658/2583 684/1371/2583
f 2125/1374/2584 2123/1373/2584 621/1375/2584
f 2125/1374/2585 2002/2472/2585 3063/1377/2585
f 2002/2472/2586 2126/1378/2586 3063/1377/2586
f 3063/1377/2587 622/1376/2587 2123/1373/2587
f 2126/1381/2588 2148/1380/2588 622/1382/2588
f 673/1018/2589 3064/1384/2589 2126/1381/2589
f 685/1383/2590 3064/1384/2590 2133/2660/2590
f 676/2661/2591 3065/2662/2591 2128/2663/2591
f 677/2664/2592 3065/2662/2592 2139/2665/2592
f 2128/2663/2593 2129/2666/2593 682/2667/2593
f 677/2664/2594 3066/2668/2594 2129/2666/2594
f 678/2669/2595 3066/2668/2595 2140/2670/2595
f 2129/2666/2596 2130/2671/2596 682/2667/2596
f 678/2669/2597 3067/2672/2597 2130/2673/2597
f 679/2674/2598 3067/2672/2598 2141/2675/2598
f 2130/2673/2599 2132/2676/2599 682/2677/2599
f 679/2678/2600 3068/2679/2600 2152/2680/2600
f 680/2681/2601 3068/2679/2601 2142/2682/2601
f 2152/2680/2602 2134/2683/2602 683/2684/2602
f 684/1410/2603 3069/2685/2603 2156/1414/2603
f 674/1421/2604 3069/2685/2604 2146/1412/2604
f 675/1419/2605 3069/2685/2605 2003/1422/2605
f 685/1417/2606 3069/2685/2606 2155/1420/2606
f 622/1415/2607 3069/2685/2607 2148/1418/2607
f 621/1413/2608 3069/2685/2608 2123/1416/2608
f 2143/2686/2609 2134/2687/2609 680/2681/2609
f 2143/2686/2610 2136/2688/2610 3070/2689/2610
f 3070/2689/2611 686/2690/2611 2151/2691/2611
f 2134/2687/2612 2151/2691/2612 683/2692/2612
f 2144/2693/2613 2136/2688/2613 681/2694/2613
f 676/2661/2614 3071/2695/2614 2144/2693/2614
f 2128/2663/2615 2150/2696/2615 3071/2695/2615
f 3071/2695/2616 686/2690/2616 2136/2688/2616
f 2145/2697/2617 2139/2665/2617 676/2661/2617
f 684/2698/2618 3072/2699/2618 2145/2697/2618
f 2156/2700/2619 2153/2701/2619 3072/2699/2619
f 3072/2699/2620 677/2664/2620 2139/2665/2620
f 2153/2701/2621 2140/2670/2621 677/2664/2621
f 2153/2701/2622 2123/2702/2622 3073/2703/2622
f 2123/2702/2623 2154/2704/2623 3073/2703/2623
f 3073/2703/2624 678/2669/2624 2140/2670/2624
f 2154/2704/2625 2141/2675/2625 678/2669/2625
f 622/2705/2626 3074/2706/2626 2154/2704/2626
f 3074/2706/2627 685/2707/2627 2147/2708/2627
f 2141/2675/2628 2147/2708/2628 679/2674/2628
f 2147/2709/2629 2142/2682/2629 679/2678/2629
f 685/2710/2630 3075/2711/2630 2147/2709/2630
f 3075/2711/2631 675/2712/2631 2157/2713/2631
f 2142/2682/2632 2157/2713/2632 680/2681/2632
f 680/2681/2633 3076/2714/2633 2143/2686/2633
f 2157/2713/2634 2003/2715/2634 3076/2714/2634
f 3076/2714/2635 674/2716/2635 2131/2717/2635
f 2143/2686/2636 2131/2717/2636 681/2694/2636
f 681/2694/2637 3077/2718/2637 2144/2693/2637
f 2131/2717/2638 2146/2719/2638 3077/2718/2638
f 3077/2718/2639 684/2698/2639 2145/2697/2639
f 2144/2693/2640 2145/2697/2640 676/2661/2640
f 2150/2696/2641 2151/2691/2641 686/2690/2641
f 682/2667/2642 3078/2720/2642 2150/2696/2642
f 683/2692/2643 3078/2720/2643 2138/2721/2643
f 683/2684/2644 3079/2722/2644 2152/2680/2644
f 682/2723/2645 3079/2722/2645 2138/2724/2645
f 2152/2680/2646 2132/2725/2646 679/2678/2646
f 2001/2456/2647 2149/2658/2647 234/1372/2647
f 2137/1467/2648 2001/2456/2648 672/1003/2648
f 684/1371/2649 3080/2726/2649 2137/1467/2649
f 672/1003/2650 3081/2727/2650 2137/1467/2650
f 621/1471/2651 3081/2727/2651 2125/1469/2651
f 2137/1467/2652 2156/1470/2652 684/1371/2652
f 2004/1016/2653 2133/2660/2653 673/1018/2653
f 236/1478/2654 3082/1480/2654 2004/1016/2654
f 3082/1480/2655 307/1472/2655 2135/1479/2655
f 2133/2660/2656 2135/1479/2656 685/1383/2656
f 2127/2728/2657 2135/1479/2657 307/1472/2657
f 675/1483/2658 3083/2729/2658 2127/2728/2658
f 685/1383/2659 3083/2729/2659 2155/1484/2659
f 2163/2506/2660 1588/1485/2660 412/1097/2660
f 626/2502/2661 3084/2730/2661 2163/2506/2661
f 1588/1485/2662 2158/2731/2662 411/1487/2662
f 1753/2519/2663 1592/1489/2663 41/1109/2663
f 627/2515/2664 3085/2732/2664 1753/2519/2664
f 414/1490/2665 3085/2732/2665 2024/1492/2665
f 2164/2511/2666 2024/1492/2666 627/2515/2666
f 2160/2733/2667 2164/2511/2667 412/1097/2667
f 414/1490/2668 3086/1493/2668 2160/2733/2668
f 626/2502/2669 3087/2734/2669 2158/2731/2669
f 1650/1496/2670 2162/2499/2670 40/1085/2670
f 411/1487/2671 3087/2734/2671 1650/1496/2671
f 321/1497/2672 3088/2735/2672 1417/1500/2672
f 2178/2736/2673 2168/2737/2673 3088/2735/2673
f 3088/2735/2674 690/2738/2674 2167/2739/2674
f 1417/1500/2675 2167/2739/2675 314/2740/2675
f 313/1505/2676 3089/1506/2676 1419/1508/2676
f 689/1510/2677 3089/1506/2677 2166/2741/2677
f 3089/1506/2678 691/2742/2678 2178/2736/2678
f 1419/1508/2679 2178/2736/2679 321/1497/2679
f 689/1510/2680 3090/2743/2680 2169/2744/2680
f 2171/2745/2681 2182/2746/2681 3090/2743/2681
f 2182/2746/2682 2179/2747/2682 3090/2743/2682
f 2169/2744/2683 2179/2747/2683 691/2742/2683
f 691/2742/2684 3091/2748/2684 2168/2737/2684
f 2179/2747/2685 2180/2749/2685 3091/2748/2685
f 2180/2749/2686 2172/2750/2686 3091/2748/2686
f 3091/2748/2687 690/2738/2687 2168/2737/2687
f 2181/2751/2688 2180/2749/2688 699/2752/2688
f 2181/2751/2689 2174/2753/2689 3092/2754/2689
f 3092/2754/2690 688/2755/2690 2173/1556/2690
f 3092/2754/2691 693/2756/2691 2180/2749/2691
f 706/2757/2692 3093/2758/2692 2217/2759/2692
f 2204/2760/2693 2196/1532/2693 3093/2758/2693
f 3093/2758/2694 702/1531/2694 2198/2761/2694
f 3093/2758/2695 705/1529/2695 2217/2759/2695
f 2176/2762/2696 2175/2763/2696 696/2764/2696
f 319/1541/2697 3094/2765/2697 2176/2762/2697
f 3094/2765/2698 323/1539/2698 2183/2766/2698
f 2175/2763/2699 2183/2766/2699 698/1525/2699
f 2183/2766/2700 2174/2753/2700 698/1525/2700
f 323/1539/2701 3095/2767/2701 2183/2766/2701
f 1425/1544/2702 2177/2768/2702 3095/2767/2702
f 3095/2767/2703 688/2755/2703 2174/2753/2703
f 1427/1545/2704 2166/2741/2704 313/1505/2704
f 324/1548/2705 3096/2769/2705 1427/1545/2705
f 2184/2770/2706 2171/2745/2706 3096/2769/2706
f 3096/2769/2707 689/1510/2707 2166/2741/2707
f 324/1548/2708 3097/2771/2708 2184/2770/2708
f 1429/1550/2709 2176/2762/2709 3097/2771/2709
f 3097/2771/2710 696/2764/2710 2170/2772/2710
f 2184/2770/2711 2170/2772/2711 697/2773/2711
f 690/2738/2712 3098/2774/2712 2167/2739/2712
f 2172/2750/2713 2185/2775/2713 3098/2774/2713
f 3098/2774/2714 325/1554/2714 1430/1553/2714
f 2167/2739/2715 1430/1553/2715 314/2740/2715
f 2173/1556/2716 2185/2775/2716 693/2756/2716
f 688/2755/2717 3099/2776/2717 2173/1556/2717
f 2177/2768/2718 1431/1558/2718 3099/2776/2718
f 3099/2776/2719 325/1554/2719 2185/2775/2719
f 2190/2777/2720 2186/1559/2720 692/1561/2720
f 697/2773/2721 3100/2778/2721 2190/2777/2721
f 2170/2772/2722 2191/1564/2722 3100/2778/2722
f 3100/2778/2723 687/1562/2723 2186/1559/2723
f 2191/1564/2724 2187/1565/2724 687/1562/2724
f 696/2764/2725 3101/2779/2725 2191/1564/2725
f 3101/2779/2726 698/1525/2726 2192/2780/2726
f 2187/1565/2727 2192/2780/2727 694/1568/2727
f 694/1568/2728 3102/1569/2728 2188/1570/2728
f 2192/2780/2729 2181/2751/2729 3102/1569/2729
f 3102/1569/2730 699/2752/2730 2193/2781/2730
f 2188/1570/2731 2193/2781/2731 695/1572/2731
f 695/1572/2732 3103/2782/2732 2189/1574/2732
f 2193/2781/2733 2182/2746/2733 3103/2782/2733
f 2182/2746/2734 2190/2777/2734 3103/2782/2734
f 3103/2782/2735 692/1561/2735 2189/1574/2735
f 2194/1576/2736 2197/2783/2736 701/1577/2736
f 700/1581/2737 3104/2784/2737 2194/1576/2737
f 2195/1580/2738 2196/1579/2738 3104/2784/2738
f 3104/2784/2739 703/1533/2739 2197/2783/2739
f 710/2785/2740 3105/2786/2740 2215/2787/2740
f 2208/2788/2741 2194/1587/2741 3105/2786/2741
f 3105/2786/2742 701/1577/2742 2200/2789/2742
f 3105/2786/2743 709/2790/2743 2215/2787/2743
f 2200/2789/2744 2213/1589/2744 709/2790/2744
f 701/1577/2745 3106/1591/2745 2200/2789/2745
f 3106/1591/2746 703/1533/2746 2204/2760/2746
f 2213/1589/2747 2204/2760/2747 706/2757/2747
f 2198/1593/2748 2211/2791/2748 705/1594/2748
f 702/1597/2749 3107/2792/2749 2198/1593/2749
f 3107/2792/2750 700/1588/2750 2208/2788/2750
f 2211/2791/2751 2208/2788/2751 710/2785/2751
f 694/1598/2752 3108/2793/2752 2187/1602/2752
f 2202/1600/2753 2210/2794/2753 3108/2793/2753
f 2210/2794/2754 2201/2795/2754 3108/2793/2754
f 3108/2793/2755 687/1601/2755 2187/1602/2755
f 2203/1606/2756 2210/2794/2756 704/1605/2756
f 705/1594/2757 3109/2796/2757 2203/1606/2757
f 3109/2796/2758 710/2785/2758 2209/2797/2758
f 3109/2796/2759 711/2798/2759 2210/2794/2759
f 692/1609/2760 3110/2799/2760 2189/1612/2760
f 2206/2800/2761 2212/2801/2761 3110/2799/2761
f 3110/2799/2762 707/1614/2762 2199/2802/2762
f 2189/1612/2763 2199/2802/2763 695/1625/2763
f 2207/2803/2764 2212/2801/2764 708/2804/2764
f 709/2790/2765 3111/2805/2765 2207/2803/2765
f 3111/2805/2766 706/2757/2766 2205/2806/2766
f 2212/2801/2767 2205/2806/2767 707/1614/2767
f 2201/2795/2768 2186/1620/2768 687/1601/2768
f 711/2798/2769 3112/2807/2769 2201/2795/2769
f 2214/2808/2770 2206/2800/2770 3112/2807/2770
f 3112/2807/2771 692/1609/2771 2186/1620/2771
f 2209/2797/2772 2214/2808/2772 711/2798/2772
f 2209/2797/2773 2215/2787/2773 3113/2809/2773
f 2215/2787/2774 2207/2803/2774 3113/2809/2774
f 3113/2809/2775 708/2804/2775 2214/2808/2775
f 695/1625/2776 3114/2810/2776 2188/1627/2776
f 2199/2802/2777 2216/2811/2777 3114/2810/2777
f 3114/2810/2778 704/1629/2778 2202/1628/2778
f 2188/1627/2779 2202/1628/2779 694/2812/2779
f 707/1614/2780 3115/1631/2780 2216/2811/2780
f 2205/2806/2781 2217/2759/2781 3115/1631/2781
f 2217/2759/2782 2203/1632/2782 3115/1631/2782
f 2216/2811/2783 2203/1632/2783 704/1629/2783
f 712/2813/2784 3116/2814/2784 2219/1636/2784
f 2218/2815/2785 2221/1639/2785 3116/2814/2785
f 3116/2814/2786 722/2816/2786 2220/1637/2786
f 2219/1636/2787 2220/1637/2787 721/1683/2787
f 713/1640/2788 3117/2817/2788 2221/1639/2788
f 2222/2818/2789 2224/2819/2789 3117/2817/2789
f 3117/2817/2790 723/2820/2790 2223/2821/2790
f 2221/1639/2791 2223/2821/2791 722/2816/2791
f 714/2822/2792 3118/2823/2792 2224/2819/2792
f 2225/2824/2793 2227/2825/2793 3118/2823/2793
f 3118/2823/2794 724/2826/2794 2226/2827/2794
f 2224/2819/2795 2226/2827/2795 723/2820/2795
f 715/2828/2796 3119/2829/2796 2227/2825/2796
f 2228/1654/2797 2230/1657/2797 3119/2829/2797
f 3119/2829/2798 725/1656/2798 2229/2830/2798
f 2227/2825/2799 2229/2830/2799 724/2826/2799
f 2232/1660/2800 2231/1659/2800 717/1661/2800
f 718/2831/2801 3120/1663/2801 2232/1660/2801
f 2234/2832/2802 2233/1664/2802 3120/1663/2802
f 3120/1663/2803 726/1662/2803 2231/1659/2803
f 2235/2833/2804 2234/2832/2804 718/2831/2804
f 719/1672/2805 3121/1669/2805 2235/2833/2805
f 2237/1671/2806 2236/2834/2806 3121/1669/2806
f 3121/1669/2807 727/2835/2807 2234/2832/2807
f 2238/2836/2808 2237/1671/2808 719/1672/2808
f 720/1678/2809 3122/2837/2809 2238/2836/2809
f 2240/2838/2810 2239/1676/2810 3122/2837/2810
f 3122/2837/2811 728/2839/2811 2237/1671/2811
f 2241/2840/2812 2240/2838/2812 720/1678/2812
f 712/2813/2813 3123/2841/2813 2241/2840/2813
f 2219/1636/2814 2242/2842/2814 3123/2841/2814
f 3123/2841/2815 729/1680/2815 2240/2838/2815
f 721/1683/2816 3124/2843/2816 2243/2844/2816
f 2220/1637/2817 2245/2845/2817 3124/2843/2817
f 3124/2843/2818 731/2846/2818 2244/2847/2818
f 2243/2844/2819 2244/2847/2819 730/1718/2819
f 722/2816/2820 3125/1689/2820 2245/2845/2820
f 2223/2821/2821 2247/2848/2821 3125/1689/2821
f 3125/1689/2822 732/2849/2822 2246/2850/2822
f 2245/2845/2823 2246/2850/2823 731/2846/2823
f 723/2820/2824 3126/2851/2824 2247/2848/2824
f 2226/2827/2825 2249/2852/2825 3126/2851/2825
f 3126/2851/2826 733/2853/2826 2248/2854/2826
f 2247/2848/2827 2248/2854/2827 732/2849/2827
f 724/2826/2828 3127/2855/2828 2249/2852/2828
f 2229/2830/2829 2251/1700/2829 3127/2855/2829
f 3127/2855/2830 734/1699/2830 2250/2856/2830
f 2249/2852/2831 2250/2856/2831 733/2853/2831
f 2233/1664/2832 2252/1701/2832 726/1662/2832
f 727/2835/2833 3128/2857/2833 2233/1664/2833
f 2254/1705/2834 2253/2858/2834 3128/2857/2834
f 3128/2857/2835 735/1702/2835 2252/1701/2835
f 2236/2834/2836 2254/1705/2836 727/2835/2836
f 728/2839/2837 3129/2859/2837 2236/2834/2837
f 2256/1709/2838 2255/1708/2838 3129/2859/2838
f 3129/2859/2839 736/1706/2839 2254/1705/2839
f 2239/1676/2840 2256/1709/2840 728/2839/2840
f 729/1680/2841 3130/2860/2841 2239/1676/2841
f 2258/1713/2842 2257/2861/2842 3130/2860/2842
f 3130/2860/2843 737/2862/2843 2256/1709/2843
f 2242/2842/2844 2258/1713/2844 729/1680/2844
f 721/1683/2845 3131/2863/2845 2242/2842/2845
f 2243/2844/2846 2259/2864/2846 3131/2863/2846
f 3131/2863/2847 738/2865/2847 2258/1713/2847
f 2244/2847/2848 2260/2866/2848 730/1718/2848
f 731/2846/2849 3132/2867/2849 2244/2847/2849
f 2261/1722/2850 1508/1721/2850 3132/2867/2850
f 3132/2867/2851 369/1719/2851 2260/2866/2851
f 2246/2850/2852 2261/1722/2852 731/2846/2852
f 732/2849/2853 3133/2868/2853 2246/2850/2853
f 2262/2869/2854 1510/1725/2854 3133/2868/2854
f 3133/2868/2855 370/1723/2855 2261/1722/2855
f 2248/2854/2856 2262/2869/2856 732/2849/2856
f 2248/2854/2857 2263/2870/2857 3134/2871/2857
f 2263/2870/2858 1512/1729/2858 3134/2871/2858
f 3134/2871/2859 371/1727/2859 2262/2869/2859
f 733/2853/2860 3135/2872/2860 2263/2870/2860
f 2250/2856/2861 2264/1734/2861 3135/2872/2861
f 3135/2872/2862 373/1733/2862 1514/1732/2862
f 2263/2870/2863 1514/1732/2863 372/2873/2863
f 2253/2858/2864 2265/1735/2864 735/1702/2864
f 736/1706/2865 3136/2874/2865 2253/2858/2865
f 2266/2875/2866 1517/1738/2866 3136/2874/2866
f 3136/2874/2867 374/1736/2867 2265/1735/2867
f 2255/1708/2868 2266/2875/2868 736/1706/2868
f 2255/1708/2869 2267/2876/2869 3137/1741/2869
f 3137/1741/2870 376/1742/2870 1519/1740/2870
f 2266/2875/2871 1519/1740/2871 375/2877/2871
f 737/2862/2872 3138/1744/2872 2267/2876/2872
f 2257/2861/2873 2268/2878/2873 3138/1744/2873
f 3138/1744/2874 377/1746/2874 1521/1745/2874
f 2267/2876/2875 1521/1745/2875 376/1742/2875
f 738/2865/2876 3139/2879/2876 2268/2878/2876
f 2259/2864/2877 2260/2866/2877 3139/2879/2877
f 3139/2879/2878 369/1719/2878 1523/1749/2878
f 2268/2878/2879 1523/1749/2879 377/1746/2879
f 378/1750/2880 3140/2880/2880 2269/1753/2880
f 1524/1752/2881 2271/2881/2881 3140/2880/2881
f 3140/2880/2882 740/2882/2882 2270/2883/2882
f 2269/1753/2883 2270/2883/2883 739/1799/2883
f 379/1757/2884 3141/2884/2884 2271/2881/2884
f 1525/1759/2885 2273/2885/2885 3141/2884/2885
f 3141/2884/2886 741/1761/2886 2272/2886/2886
f 2271/2881/2887 2272/2886/2887 740/2882/2887
f 380/1763/2888 3142/2887/2888 2273/2885/2888
f 1526/1765/2889 2275/2888/2889 3142/2887/2889
f 2275/2888/2890 2274/1766/2890 3142/2887/2890
f 2273/2885/2891 2274/1766/2891 741/1761/2891
f 1527/1769/2892 2275/2888/2892 381/1768/2892
f 382/1774/2893 3143/1771/2893 1527/1769/2893
f 2277/1773/2894 2276/2889/2894 3143/1771/2894
f 3143/1771/2895 742/2890/2895 2275/2888/2895
f 383/1775/2896 3144/2891/2896 2278/1778/2896
f 1528/1777/2897 2280/2892/2897 3144/2891/2897
f 3144/2891/2898 745/2893/2898 2279/2894/2898
f 2278/1778/2899 2279/2894/2899 744/1817/2899
f 1529/1783/2900 2280/2892/2900 384/1782/2900
f 385/1787/2901 3145/2895/2901 1529/1783/2901
f 2282/2896/2902 2281/1784/2902 3145/2895/2902
f 2280/2892/2903 2281/1784/2903 745/2893/2903
f 1530/1788/2904 2282/2896/2904 385/1787/2904
f 386/1793/2905 3146/2897/2905 1530/1788/2905
f 2284/2898/2906 2283/1791/2906 3146/2897/2906
f 3146/2897/2907 746/2899/2907 2282/2896/2907
f 1531/1794/2908 2284/2898/2908 386/1793/2908
f 378/1750/2909 3147/2900/2909 1531/1794/2909
f 2269/1753/2910 2285/2901/2910 3147/2900/2910
f 3147/2900/2911 747/2902/2911 2284/2898/2911
f 2270/2883/2912 2286/1798/2912 739/1799/2912
f 740/2882/2913 3148/2903/2913 2270/2883/2913
f 2288/2904/2914 2287/2905/2914 3148/2903/2914
f 3148/2903/2915 748/1800/2915 2286/1798/2915
f 2272/2886/2916 2288/2904/2916 740/2882/2916
f 741/1761/2917 3149/2906/2917 2272/2886/2917
f 2290/2907/2918 2289/2908/2918 3149/2906/2918
f 3149/2906/2919 749/1804/2919 2288/2904/2919
f 2274/1766/2920 2290/2907/2920 741/1761/2920
f 742/2890/2921 3150/2909/2921 2274/1766/2921
f 2292/2910/2922 2291/2911/2922 3150/2909/2922
f 3150/2909/2923 750/1808/2923 2290/2907/2923
f 2276/2889/2924 2292/2910/2924 742/2890/2924
f 743/1816/2925 3151/2912/2925 2276/2889/2925
f 2294/1815/2926 2293/2913/2926 3151/2912/2926
f 3151/2912/2927 751/1812/2927 2292/2910/2927
f 744/1817/2928 3152/2914/2928 2295/1819/2928
f 2279/2894/2929 2297/2915/2929 3152/2914/2929
f 3152/2914/2930 754/2916/2930 2296/2917/2930
f 2295/1819/2931 2296/2917/2931 753/1843/2931
f 745/2893/2932 3153/2918/2932 2297/2915/2932
f 2281/1784/2933 2299/2919/2933 3153/2918/2933
f 3153/2918/2934 755/2920/2934 2298/2921/2934
f 2297/2915/2935 2298/2921/2935 754/2916/2935
f 746/2899/2936 3154/2922/2936 2299/2919/2936
f 2283/1791/2937 2301/2923/2937 3154/2922/2937
f 3154/2922/2938 756/2924/2938 2300/2925/2938
f 2299/2919/2939 2300/2925/2939 755/2920/2939
f 747/2902/2940 3155/2926/2940 2301/2923/2940
f 2285/2901/2941 2286/1798/2941 3155/2926/2941
f 3155/2926/2942 748/1800/2942 2302/1832/2942
f 2301/2923/2943 2302/1832/2943 756/2924/2943
f 2287/2905/2944 2303/2927/2944 748/1800/2944
f 749/1804/2945 3156/2928/2945 2287/2905/2945
f 2304/1835/2946 2218/2815/2946 3156/2928/2946
f 3156/2928/2947 712/2813/2947 2303/2927/2947
f 2289/2908/2948 2304/1835/2948 749/1804/2948
f 750/1808/2949 3157/2929/2949 2289/2908/2949
f 2305/1837/2950 2222/2818/2950 3157/2929/2950
f 3157/2929/2951 713/1640/2951 2304/1835/2951
f 2291/2911/2952 2305/1837/2952 750/1808/2952
f 751/1812/2953 3158/2930/2953 2291/2911/2953
f 2306/2931/2954 2225/2824/2954 3158/2930/2954
f 3158/2930/2955 714/2822/2955 2305/1837/2955
f 2293/2913/2956 2306/2931/2956 751/1812/2956
f 752/1842/2957 3159/2932/2957 2293/2913/2957
f 2307/1841/2958 2228/1654/2958 3159/2932/2958
f 3159/2932/2959 715/2828/2959 2306/2931/2959
f 753/1843/2960 3160/1844/2960 2308/1845/2960
f 2296/2917/2961 2309/1846/2961 3160/1844/2961
f 3160/1844/2962 718/2831/2962 2232/1660/2962
f 2308/1845/2963 2232/1660/2963 717/1661/2963
f 754/2916/2964 3161/2933/2964 2309/1846/2964
f 2298/2921/2965 2310/2934/2965 3161/2933/2965
f 3161/2933/2966 719/1672/2966 2235/2833/2966
f 2309/1846/2967 2235/2833/2967 718/2831/2967
f 755/2920/2968 3162/2935/2968 2310/2934/2968
f 2300/2925/2969 2311/2936/2969 3162/2935/2969
f 3162/2935/2970 720/1678/2970 2238/2836/2970
f 2310/2934/2971 2238/2836/2971 719/1672/2971
f 756/2924/2972 3163/2937/2972 2311/2936/2972
f 2302/1832/2973 2303/2927/2973 3163/2937/2973
f 3163/2937/2974 712/2813/2974 2241/2840/2974
f 2311/2936/2975 2241/2840/2975 720/1678/2975
f 405/1852/2976 3164/1853/2976 1390/1855/2976
f 2312/1854/2977 2127/2728/2977 3164/1853/2977
f 3164/1853/2978 307/1472/2978 1391/1476/2978
f 406/1856/2979 3165/2938/2979 2313/2939/2979
f 234/1372/2980 3165/2938/2980 1576/1858/2980
f 2313/2939/2981 2124/2659/2981 674/1366/2981
f 2313/2939/2982 2321/1862/2982 406/1856/2982
f 674/1366/2983 3166/2940/2983 2313/2939/2983
f 2321/1862/2984 2003/1861/2984 675/1863/2984
f 2316/1864/2985 2315/1960/2985 418/134/2985
f 2314/1866/2986 2316/1864/2986 408/1867/2986
f 757/189/2987 3167/2941/2987 2314/1866/2987
f 1646/1948/2988 2316/1868/2988 418/134/2988
f 46/159/2989 3168/2942/2989 1646/1948/2989
f 408/1869/2990 3168/2942/2990 873/1871/2990
f 420/126/2991 3169/1872/2991 2319/1874/2991
f 419/130/2992 3169/1872/2992 1598/1935/2992
f 2319/1874/2993 2320/2943/2993 758/1875/2993
f 1645/1876/2994 2320/2943/2994 419/130/2994
f 757/1878/2995 3170/2944/2995 1645/1876/2995
f 758/1875/2996 3170/2944/2996 2317/2945/2996
f 2318/2946/2997 2354/2947/2997 8/2948/2997
f 2318/2946/2998 2339/2949/2998 3171/2950/2998
f 2339/2949/2999 2344/2951/2999 3171/2950/2999
f 3171/2950/3000 765/2952/3000 2354/2947/3000
f 2324/2953/3001 2395/2954/3001 757/2955/3001
f 759/2956/3002 3172/2957/3002 2324/2953/3002
f 2326/2958/3003 2362/2959/3003 3172/2957/3003
f 3172/2957/3004 781/2960/3004 2395/2954/3004
f 2362/2959/3005 2370/2961/3005 781/2960/3005
f 766/2962/3006 3173/2963/3006 2362/2959/3006
f 3173/2963/3007 761/2964/3007 2360/2965/3007
f 3173/2963/3008 779/2966/3008 2370/2961/3008
f 2344/2967/3009 2325/2968/3009 765/2969/3009
f 774/2970/3010 3174/2971/3010 2344/2967/3010
f 2343/2972/3011 2329/2973/3011 3174/2971/3011
f 3174/2971/3012 760/2974/3012 2325/2968/3012
f 760/2974/3013 3175/2975/3013 2331/2976/3013
f 767/2977/3014 3175/2975/3014 2329/2973/3014
f 3175/2975/3015 775/2978/3015 2348/2979/3015
f 2331/2976/3016 2348/2979/3016 768/2980/3016
f 2360/2965/3017 2369/2981/3017 779/2966/3017
f 761/2964/3018 3176/2982/3018 2360/2965/3018
f 2332/2983/3019 2363/2984/3019 3176/2982/3019
f 3176/2982/3020 782/2985/3020 2369/2981/3020
f 782/2986/3021 3177/2987/3021 2368/2988/3021
f 2363/2989/3022 2333/2990/3022 3177/2987/3022
f 3177/2987/3023 764/2991/3023 2361/2992/3023
f 2368/2988/3024 2361/2992/3024 780/2993/3024
f 2348/2994/3025 2330/2995/3025 768/2996/3025
f 775/2997/3026 3178/2998/3026 2348/2994/3026
f 3178/2998/3027 770/2999/3027 2335/3000/3027
f 3178/2998/3028 763/3001/3028 2330/2995/3028
f 763/3001/3029 3179/3002/3029 2336/3003/3029
f 2335/3000/3030 2349/3004/3030 3179/3002/3030
f 3179/3002/3031 776/3005/3031 2351/3006/3031
f 2336/3003/3032 2351/3006/3032 771/3007/3032
f 780/2993/3033 3180/3008/3033 2367/3009/3033
f 764/2991/3034 3180/3008/3034 2361/2992/3034
f 3180/3008/3035 772/3010/3035 2364/3011/3035
f 2367/3009/3036 2364/3011/3036 783/3012/3036
f 783/3012/3037 3181/3013/3037 2396/3014/3037
f 2364/3011/3038 2338/3015/3038 3181/3013/3038
f 3181/3013/3039 762/3016/3039 2397/3017/3039
f 2396/3014/3040 2397/3017/3040 407/3018/3040
f 771/3019/3041 3182/3020/3041 2323/3021/3041
f 776/3022/3042 3182/3020/3042 2351/3023/3042
f 2323/3021/3043 2322/3024/3043 409/3025/3043
f 2397/3017/3044 1578/3026/3044 407/3018/3044
f 762/3016/3045 3183/3027/3045 2397/3017/3045
f 2340/3028/3046 2365/3029/3046 3183/3027/3046
f 3183/3027/3047 408/3030/3047 1578/3026/3047
f 408/3030/3048 3184/3031/3048 2314/3032/3048
f 2365/3029/3049 2341/3033/3049 3184/3031/3049
f 3184/3031/3050 759/2956/3050 2324/2953/3050
f 2314/3032/3051 2324/2953/3051 757/2955/3051
f 760/2974/3052 3185/3034/3052 2325/2968/3052
f 2331/2976/3053 2352/3035/3053 3185/3034/3053
f 2352/3035/3054 2355/3036/3054 3185/3034/3054
f 3185/3034/3055 765/2969/3055 2325/2968/3055
f 2330/2995/3056 2352/3037/3056 768/2996/3056
f 763/3001/3057 3186/3038/3057 2330/2995/3057
f 2336/3003/3058 2353/3039/3058 3186/3038/3058
f 3186/3038/3059 777/3040/3059 2352/3037/3059
f 2353/3041/3060 2366/3042/3060 777/3043/3060
f 771/3019/3061 3187/3044/3061 2353/3041/3061
f 2323/3021/3062 1582/3045/3062 3187/3044/3062
f 3187/3044/3063 8/3046/3063 2366/3042/3063
f 765/2952/3064 3188/3047/3064 2354/2947/3064
f 777/3048/3065 3188/3047/3065 2355/3049/3065
f 2354/2947/3066 2366/3050/3066 8/2948/3066
f 2333/2990/3067 2337/3051/3067 764/2991/3067
f 769/3052/3068 3189/3053/3068 2333/2990/3068
f 2356/3054/3069 2359/3055/3069 3189/3053/3069
f 3189/3053/3070 772/3010/3070 2337/3051/3070
f 769/3056/3071 3190/3057/3071 2356/3058/3071
f 2332/2983/3072 2327/3059/3072 3190/3057/3072
f 3190/3057/3073 766/2962/3073 2357/3060/3073
f 2356/3058/3074 2357/3060/3074 778/3061/3074
f 2357/3060/3075 2358/3062/3075 778/3061/3075
f 766/2962/3076 3191/3063/3076 2357/3060/3076
f 2326/2958/3077 2341/3033/3077 3191/3063/3077
f 3191/3063/3078 773/3064/3078 2358/3062/3078
f 772/3010/3079 3192/3065/3079 2338/3015/3079
f 2359/3055/3080 2358/3062/3080 3192/3065/3080
f 3192/3065/3081 773/3064/3081 2340/3028/3081
f 2338/3015/3082 2340/3028/3082 762/3016/3082
f 776/3022/3083 3193/3066/3083 2322/3024/3083
f 2350/3067/3084 2396/3014/3084 3193/3066/3084
f 3193/3066/3085 407/3018/3085 1581/3068/3085
f 2322/3024/3086 1581/3068/3086 409/3025/3086
f 770/2999/3087 3194/3069/3087 2349/3004/3087
f 2334/3070/3088 2367/3009/3088 3194/3069/3088
f 3194/3069/3089 783/3012/3089 2350/3071/3089
f 2349/3004/3090 2350/3071/3090 776/3005/3090
f 775/2997/3091 3195/3072/3091 2347/3073/3091
f 2346/3074/3092 2368/2988/3092 3195/3072/3092
f 3195/3072/3093 780/2993/3093 2334/3070/3093
f 2347/3073/3094 2334/3070/3094 770/2999/3094
f 2328/3075/3095 2345/3076/3095 767/2977/3095
f 779/2966/3096 3196/3077/3096 2328/3075/3096
f 2369/2981/3097 2346/3078/3097 3196/3077/3097
f 3196/3077/3098 775/2978/3098 2345/3076/3098
f 2342/3079/3099 2343/2972/3099 774/2970/3099
f 781/2960/3100 3197/3080/3100 2342/3079/3100
f 2370/2961/3101 2328/3075/3101 3197/3080/3101
f 3197/3080/3102 767/2977/3102 2343/2972/3102
f 2317/3081/3103 2339/2949/3103 758/3082/3103
f 757/2955/3104 3198/3083/3104 2317/3081/3104
f 2395/2954/3105 2342/3084/3105 3198/3083/3105
f 3198/3083/3106 774/3085/3106 2339/2949/3106
f 2393/3086/3107 1585/3087/3107 406/3088/3107
f 786/3089/3108 3199/3090/3108 2393/3086/3108
f 3199/3090/3109 788/3091/3109 2394/3092/3109
f 1585/3087/3110 2394/3092/3110 295/3093/3110
f 295/3093/3111 3200/3094/3111 1575/3095/3111
f 2394/3092/3112 2377/3096/3112 3200/3094/3112
f 3200/3094/3113 785/3097/3113 2372/3098/3113
f 1575/3095/3114 2372/3098/3114 405/3099/3114
f 2393/3086/3115 2383/3100/3115 786/3089/3115
f 406/3088/3116 3201/3101/3116 2393/3086/3116
f 791/3102/3117 3201/3101/3117 2392/3103/3117
f 2391/3104/3118 2312/3105/3118 405/3106/3118
f 2391/3104/3119 2382/3107/3119 3202/3108/3119
f 2382/3107/3120 2371/3109/3120 3202/3108/3120
f 2312/3105/3121 2371/3109/3121 675/3110/3121
f 785/3097/3122 3203/3111/3122 2374/3112/3122
f 788/3091/3123 3203/3111/3123 2377/3096/3123
f 784/3113/3124 3203/3111/3124 2376/3114/3124
f 2378/3115/3125 2373/3116/3125 786/3089/3125
f 787/3117/3126 3204/3118/3126 2378/3115/3126
f 784/3113/3127 3204/3118/3127 2375/3119/3127
f 788/3091/3128 3205/3120/3128 2376/3114/3128
f 786/3089/3129 3205/3120/3129 2379/3121/3129
f 2376/3114/3130 2373/3116/3130 784/3113/3130
f 787/3122/3131 3206/3123/3131 2375/3124/3131
f 2374/3112/3132 2380/3125/3132 785/3097/3132
f 784/3113/3133 3206/3123/3133 2374/3112/3133
f 2371/3126/3134 2321/3127/3134 675/3128/3134
f 790/3129/3135 3207/3130/3135 2371/3126/3135
f 2381/3131/3136 2392/3103/3136 3207/3130/3136
f 2321/3127/3137 2392/3103/3137 406/3088/3137
f 786/3089/3138 3208/3132/3138 2385/3133/3138
f 791/3102/3139 3208/3132/3139 2383/3100/3139
f 2385/3133/3140 2388/3134/3140 792/3135/3140
f 405/3106/3141 3209/3136/3141 2391/3104/3141
f 2384/3137/3142 2372/3138/3142 785/3097/3142
f 789/3139/3143 3209/3136/3143 2384/3137/3143
f 789/3139/3144 3210/3140/3144 2387/3141/3144
f 785/3097/3145 3210/3140/3145 2384/3137/3145
f 2387/3141/3146 2386/3142/3146 792/3135/3146
f 791/3102/3147 3211/3143/3147 2388/3134/3147
f 790/3144/3148 3211/3143/3148 2381/3145/3148
f 792/3135/3149 3211/3143/3149 2389/3146/3149
f 2380/3125/3150 2386/3142/3150 785/3097/3150
f 787/3122/3151 3212/3147/3151 2380/3125/3151
f 2386/3142/3152 2390/3148/3152 792/3135/3152
f 787/3117/3153 3213/3149/3153 2390/3150/3153
f 2385/3133/3154 2378/3115/3154 786/3089/3154
f 2390/3150/3155 2385/3133/3155 792/3135/3155
f 790/3144/3156 3214/3151/3156 2389/3146/3156
f 789/3139/3157 3214/3151/3157 2382/3152/3157
f 2389/3146/3158 2387/3141/3158 792/3135/3158
f 875/1/3159 2398/5/3159 860/2/3159
f 40/4/3160 861/6/3160 2398/5/3160
f 861/6/3161 3/10/3161 803/7/3161
f 2398/5/3162 803/7/3162 9/8/3162
f 803/7/3163 2399/11/3163 854/9/3163
f 3/10/3164 795/12/3164 2399/11/3164
f 795/12/3165 4/451/3165 809/13/3165
f 2399/11/3166 809/13/3166 15/14/3166
f 26/15/3167 1397/18/3167 2400/16/3167
f 1397/18/3168 4/451/3168 1398/19/3168
f 2400/16/3169 1398/19/3169 6/20/3169
f 838/17/3170 2400/16/3170 824/21/3170
f 798/23/3171 2401/27/3171 799/24/3171
f 798/23/3172 37/31/3172 831/26/3172
f 831/26/3173 39/36/3173 801/28/3173
f 2401/27/3174 801/28/3174 7/29/3174
f 829/30/3175 2402/33/3175 831/26/3175
f 36/32/3176 832/34/3176 2402/33/3176
f 832/34/3177 38/185/3177 830/35/3177
f 2402/33/3178 830/35/3178 39/36/3178
f 823/37/3179 2403/41/3179 833/38/3179
f 823/37/3180 30/44/3180 834/40/3180
f 2403/41/3181 834/40/3181 36/32/3181
f 2403/41/3182 829/42/3182 37/43/3182
f 30/44/3183 822/46/3183 2404/45/3183
f 822/46/3184 29/50/3184 835/47/3184
f 2404/45/3185 835/47/3185 35/48/3185
f 834/40/3186 2404/45/3186 828/49/3186
f 29/50/3187 821/53/3187 2405/51/3187
f 28/52/3188 836/54/3188 2405/51/3188
f 836/54/3189 34/61/3189 827/55/3189
f 2405/51/3190 827/55/3190 35/48/3190
f 28/52/3191 820/57/3191 2406/56/3191
f 820/57/3192 27/1905/3192 837/58/3192
f 2406/56/3193 837/58/3193 33/59/3193
f 836/54/3194 2406/56/3194 826/60/3194
f 819/62/3195 2407/65/3195 837/63/3195
f 819/62/3196 26/15/3196 838/17/3196
f 2407/65/3197 838/17/3197 32/22/3197
f 837/63/3198 2407/65/3198 825/66/3198
f 25/67/3199 818/70/3199 2408/68/3199
f 818/70/3200 24/74/3200 840/71/3200
f 2408/68/3201 840/71/3201 30/44/3201
f 839/69/3202 2408/68/3202 823/72/3202
f 24/74/3203 817/76/3203 2409/75/3203
f 817/76/3204 23/78/3204 841/77/3204
f 2409/75/3205 841/77/3205 29/50/3205
f 840/71/3206 2409/75/3206 822/46/3206
f 23/78/3207 816/80/3207 2410/79/3207
f 816/80/3208 22/82/3208 842/81/3208
f 842/81/3209 28/52/3209 821/53/3209
f 841/77/3210 2410/79/3210 821/53/3210
f 22/82/3211 815/84/3211 2411/83/3211
f 815/84/3212 21/89/3212 843/85/3212
f 2411/83/3213 843/85/3213 27/86/3213
f 842/81/3214 2411/83/3214 820/87/3214
f 979/88/3215 2412/91/3215 843/85/3215
f 99/90/3216 987/92/3216 2412/91/3216
f 843/85/3217 2412/91/3217 987/92/3217
f 814/93/3218 2413/97/3218 844/94/3218
f 19/96/3219 845/98/3219 2413/97/3219
f 845/98/3220 24/106/3220 818/99/3220
f 2413/97/3221 818/99/3221 25/100/3221
f 813/101/3222 2414/103/3222 845/98/3222
f 813/101/3223 18/107/3223 846/102/3223
f 2414/103/3224 846/102/3224 23/104/3224
f 2414/103/3225 817/105/3225 24/106/3225
f 18/107/3226 812/109/3226 2415/108/3226
f 812/109/3227 17/113/3227 847/110/3227
f 2415/108/3228 847/110/3228 22/111/3228
f 846/102/3229 2415/108/3229 816/112/3229
f 17/113/3230 811/115/3230 2416/114/3230
f 811/115/3231 16/119/3231 848/116/3231
f 848/116/3232 21/123/3232 815/117/3232
f 847/110/3233 2416/114/3233 815/117/3233
f 986/118/3234 2417/121/3234 848/116/3234
f 100/120/3235 982/122/3235 2417/121/3235
f 848/116/3236 2417/121/3236 982/122/3236
f 808/124/3237 2418/128/3237 849/125/3237
f 808/124/3238 13/130/3238 850/127/3238
f 850/127/3239 19/96/3239 814/93/3239
f 2418/128/3240 814/93/3240 20/95/3240
f 807/129/3241 2419/132/3241 850/127/3241
f 807/129/3242 12/134/3242 851/131/3242
f 2419/132/3243 851/131/3243 18/107/3243
f 2419/132/3244 813/101/3244 19/96/3244
f 806/133/3245 2420/136/3245 851/131/3245
f 806/133/3246 11/137/3246 852/135/3246
f 2420/136/3247 852/135/3247 17/113/3247
f 851/131/3248 2420/136/3248 812/109/3248
f 11/137/3249 805/139/3249 2421/138/3249
f 805/139/3250 10/141/3250 853/140/3250
f 2421/138/3251 853/140/3251 16/119/3251
f 852/135/3252 2421/138/3252 811/115/3252
f 10/141/3253 804/143/3253 2422/142/3253
f 9/8/3254 854/9/3254 2422/142/3254
f 854/9/3255 15/14/3255 810/144/3255
f 853/140/3256 2422/142/3256 810/144/3256
f 1/145/3257 802/148/3257 2423/146/3257
f 802/148/3258 8/153/3258 855/149/3258
f 2423/146/3259 855/149/3259 14/126/3259
f 793/147/3260 2423/146/3260 794/150/3260
f 1582/152/3261 2424/155/3261 855/149/3261
f 409/154/3262 1583/156/3262 2424/155/3262
f 855/149/3263 2424/155/3263 1583/156/3263
f 868/157/3264 2425/161/3264 857/158/3264
f 868/157/3265 47/163/3265 858/160/3265
f 2425/161/3266 858/160/3266 11/137/3266
f 2425/161/3267 806/133/3267 12/134/3267
f 867/162/3268 2426/165/3268 858/160/3268
f 48/164/3269 859/166/3269 2426/165/3269
f 859/166/3270 10/141/3270 805/139/3270
f 858/160/3271 2426/165/3271 805/139/3271
f 866/167/3272 2427/168/3272 859/166/3272
f 49/3/3273 860/2/3273 2427/168/3273
f 860/2/3274 9/8/3274 804/143/3274
f 2427/168/3275 804/143/3275 10/141/3275
f 33/59/3276 825/66/3276 2428/169/3276
f 825/66/3277 32/22/3277 865/171/3277
f 2428/169/3278 865/171/3278 45/172/3278
f 864/170/3279 2428/169/3279 869/173/3279
f 34/61/3280 826/60/3280 2429/175/3280
f 826/60/3281 33/59/3281 864/170/3281
f 2429/175/3282 864/170/3282 44/174/3282
f 863/176/3283 2429/175/3283 870/177/3283
f 827/55/3284 2430/180/3284 862/179/3284
f 34/61/3285 863/176/3285 2430/180/3285
f 863/176/3286 43/178/3286 871/181/3286
f 2430/180/3287 871/181/3287 42/182/3287
f 36/32/3288 828/49/3288 2431/183/3288
f 828/49/3289 35/48/3289 862/179/3289
f 2431/183/3290 862/179/3290 42/182/3290
f 832/34/3291 2431/183/3291 872/184/3291
f 13/130/3292 856/188/3292 2432/186/3292
f 1579/187/3293 2432/186/3293 856/188/3293
f 12/134/3294 807/129/3294 2432/186/3294
f 32/22/3295 824/21/3295 2433/190/3295
f 824/21/3296 6/20/3296 800/191/3296
f 2433/190/3297 800/191/3297 41/192/3297
f 865/171/3298 2433/190/3298 874/193/3298
f 62/194/3299 962/197/3299 2434/195/3299
f 962/197/3300 14/126/3300 849/125/3300
f 2434/195/3301 849/125/3301 20/95/3301
f 953/196/3302 2434/195/3302 899/198/3302
f 63/199/3303 899/198/3303 2435/200/3303
f 899/198/3304 20/95/3304 844/94/3304
f 2435/200/3305 844/94/3305 25/100/3305
f 949/201/3306 2435/200/3306 903/202/3306
f 67/204/3307 903/207/3307 2436/205/3307
f 903/207/3308 25/67/3308 839/69/3308
f 839/69/3309 31/73/3309 883/208/3309
f 2436/205/3310 883/208/3310 71/209/3310
f 883/210/3311 2437/213/3311 941/211/3311
f 31/39/3312 833/38/3312 2437/213/3312
f 833/38/3313 37/43/3313 963/214/3313
f 2437/213/3314 963/214/3314 75/215/3314
f 75/216/3315 963/219/3315 2438/217/3315
f 963/219/3316 37/31/3316 798/23/3316
f 2438/217/3317 798/23/3317 5/25/3317
f 937/218/3318 2438/217/3318 961/220/3318
f 79/222/3319 961/225/3319 2439/223/3319
f 961/225/3320 5/25/3320 918/226/3320
f 2439/223/3321 918/226/3321 57/227/3321
f 933/224/3322 2439/223/3322 914/228/3322
f 83/230/3323 914/234/3323 2440/231/3323
f 57/233/3324 907/235/3324 2440/231/3324
f 907/235/3325 2/151/3325 890/236/3325
f 2440/231/3326 890/236/3326 87/237/3326
f 890/236/3327 2441/239/3327 925/238/3327
f 2/151/3328 794/150/3328 2441/239/3328
f 794/150/3329 14/126/3329 962/197/3329
f 925/238/3330 2441/239/3330 962/197/3330
f 888/240/3331 2442/248/3331 965/241/3331
f 922/243/3332 2442/248/3332 888/240/3332
f 891/245/3333 2442/248/3333 922/243/3333
f 93/247/3334 967/250/3334 2442/248/3334
f 92/249/3335 965/241/3335 2442/248/3335
f 90/244/3336 921/252/3336 2443/251/3336
f 921/252/3337 89/256/3337 923/253/3337
f 2443/251/3338 923/253/3338 60/254/3338
f 922/243/3339 2443/251/3339 892/255/3339
f 89/256/3340 920/258/3340 2444/257/3340
f 920/258/3341 88/263/3341 924/259/3341
f 2444/257/3342 924/259/3342 61/260/3342
f 923/253/3343 2444/257/3343 893/261/3343
f 919/262/3344 2445/265/3344 924/259/3344
f 87/264/3345 925/1991/3345 2445/265/3345
f 2445/265/3346 925/1991/3346 62/266/3346
f 924/259/3347 2445/265/3347 894/267/3347
f 886/268/3348 2446/272/3348 887/269/3348
f 86/271/3349 926/273/3349 2446/272/3349
f 926/273/3350 90/244/3350 888/240/3350
f 2446/272/3351 888/240/3351 58/242/3351
f 917/274/3352 2447/276/3352 926/273/3352
f 917/274/3353 85/277/3353 927/275/3353
f 2447/276/3354 927/275/3354 89/256/3354
f 926/273/3355 2447/276/3355 921/252/3355
f 85/277/3356 916/280/3356 2448/278/3356
f 84/279/3357 928/282/3357 2448/278/3357
f 2448/278/3358 928/282/3358 88/263/3358
f 927/275/3359 2448/278/3359 920/258/3359
f 915/281/3360 2449/284/3360 928/282/3360
f 915/281/3361 83/302/3361 929/283/3361
f 929/283/3362 87/264/3362 919/262/3362
f 2449/284/3363 919/262/3363 88/263/3363
f 55/285/3364 884/288/3364 2450/286/3364
f 884/288/3365 82/290/3365 930/289/3365
f 2450/286/3366 930/289/3366 86/271/3366
f 885/287/3367 2450/286/3367 886/268/3367
f 82/290/3368 913/293/3368 2451/291/3368
f 81/292/3369 931/294/3369 2451/291/3369
f 931/294/3370 85/277/3370 917/274/3370
f 2451/291/3371 917/274/3371 86/271/3371
f 912/295/3372 2452/297/3372 931/294/3372
f 80/296/3373 932/298/3373 2452/297/3373
f 932/298/3374 84/279/3374 916/280/3374
f 2452/297/3375 916/280/3375 85/277/3375
f 80/296/3376 911/300/3376 2453/299/3376
f 911/300/3377 79/320/3377 933/301/3377
f 2453/299/3378 933/301/3378 83/302/3378
f 932/298/3379 2453/299/3379 915/281/3379
f 881/303/3380 2454/307/3380 882/304/3380
f 881/303/3381 78/309/3381 934/306/3381
f 2454/307/3382 934/306/3382 82/290/3382
f 882/304/3383 2454/307/3383 884/288/3383
f 910/308/3384 2455/311/3384 934/306/3384
f 77/310/3385 935/312/3385 2455/311/3385
f 935/312/3386 81/292/3386 913/293/3386
f 2455/311/3387 913/293/3387 82/290/3387
f 909/313/3388 2456/315/3388 935/312/3388
f 76/314/3389 936/316/3389 2456/315/3389
f 936/316/3390 80/296/3390 912/295/3390
f 2456/315/3391 912/295/3391 81/292/3391
f 908/317/3392 2457/319/3392 936/316/3392
f 908/317/3393 75/2022/3393 937/318/3393
f 2457/319/3394 937/318/3394 79/320/3394
f 936/316/3395 2457/319/3395 911/300/3395
f 906/321/3396 2458/325/3396 938/322/3396
f 906/321/3397 73/326/3397 939/324/3397
f 2458/325/3398 939/324/3398 77/310/3398
f 938/322/3399 2458/325/3399 910/308/3399
f 73/326/3400 905/328/3400 2459/327/3400
f 905/328/3401 72/330/3401 940/329/3401
f 2459/327/3402 940/329/3402 76/314/3402
f 939/324/3403 2459/327/3403 909/313/3403
f 72/330/3404 904/333/3404 2460/331/3404
f 71/332/3405 941/334/3405 2460/331/3405
f 941/334/3406 75/2022/3406 908/317/3406
f 940/329/3407 2460/331/3407 908/317/3407
f 878/335/3408 2461/339/3408 879/336/3408
f 70/338/3409 942/340/3409 2461/339/3409
f 942/340/3410 74/323/3410 880/341/3410
f 2461/339/3411 880/341/3411 53/342/3411
f 902/343/3412 2462/345/3412 942/340/3412
f 902/343/3413 69/346/3413 943/344/3413
f 2462/345/3414 943/344/3414 73/326/3414
f 942/340/3415 2462/345/3415 906/321/3415
f 69/346/3416 901/348/3416 2463/347/3416
f 901/348/3417 68/350/3417 944/349/3417
f 2463/347/3418 944/349/3418 72/330/3418
f 943/344/3419 2463/347/3419 905/328/3419
f 68/350/3420 900/352/3420 2464/351/3420
f 900/352/3421 67/2036/3421 945/353/3421
f 945/353/3422 71/332/3422 904/333/3422
f 944/349/3423 2464/351/3423 904/333/3423
f 51/354/3424 876/358/3424 2465/355/3424
f 95/357/3425 972/360/3425 2465/355/3425
f 946/359/3426 2465/355/3426 972/360/3426
f 878/362/3427 2465/355/3427 946/359/3427
f 877/356/3428 2465/355/3428 878/362/3428
f 898/365/3429 2466/367/3429 946/359/3429
f 65/366/3430 947/368/3430 2466/367/3430
f 947/368/3431 69/375/3431 902/369/3431
f 2466/367/3432 902/369/3432 70/363/3432
f 897/370/3433 2467/372/3433 947/368/3433
f 64/371/3434 948/373/3434 2467/372/3434
f 948/373/3435 68/381/3435 901/374/3435
f 947/368/3436 2467/372/3436 901/374/3436
f 896/376/3437 2468/378/3437 948/373/3437
f 896/376/3438 63/389/3438 949/377/3438
f 2468/378/3439 949/377/3439 67/379/3439
f 2468/378/3440 900/380/3440 68/381/3440
f 892/255/3441 2469/383/3441 950/382/3441
f 60/254/3442 951/384/3442 2469/383/3442
f 951/384/3443 65/366/3443 898/365/3443
f 950/382/3444 2469/383/3444 898/365/3444
f 893/261/3445 2470/385/3445 951/384/3445
f 61/260/3446 952/386/3446 2470/385/3446
f 952/386/3447 64/371/3447 897/370/3447
f 2470/385/3448 897/370/3448 65/366/3448
f 61/260/3449 894/267/3449 2471/387/3449
f 894/267/3450 62/266/3450 953/388/3450
f 2471/387/3451 953/388/3451 63/389/3451
f 2471/387/3452 896/376/3452 64/371/3452
f 56/390/3453 887/394/3453 2472/391/3453
f 954/393/3454 2472/391/3454 887/394/3454
f 885/392/3455 2472/391/3455 954/393/3455
f 58/395/3456 965/398/3456 2473/397/3456
f 965/398/3457 92/3153/3457 958/399/3457
f 2473/397/3458 958/399/3458 54/400/3458
f 2473/397/3459 882/401/3459 55/396/3459
f 51/354/3460 877/404/3460 2474/402/3460
f 52/403/3461 879/405/3461 2474/402/3461
f 879/405/3462 53/411/3462 955/406/3462
f 2474/402/3463 955/406/3463 95/357/3463
f 974/407/3464 2475/410/3464 957/408/3464
f 95/357/3465 955/406/3465 2475/410/3465
f 2475/410/3466 955/406/3466 53/411/3466
f 957/408/3467 2475/410/3467 970/412/3467
f 969/414/3468 2476/416/3468 957/408/3468
f 54/415/3469 956/417/3469 2476/416/3469
f 956/417/3470 93/3154/3470 968/418/3470
f 957/408/3471 2476/416/3471 968/418/3471
f 895/419/3472 2477/421/3472 907/235/3472
f 91/420/3473 959/422/3473 2477/421/3473
f 959/422/3474 1/145/3474 793/147/3474
f 2477/421/3475 793/147/3475 2/151/3475
f 5/25/3476 799/24/3476 2478/423/3476
f 799/24/3477 7/29/3477 960/424/3477
f 2478/423/3478 960/424/3478 91/425/3478
f 918/226/3479 2478/423/3479 895/426/3479
f 969/427/3480 2479/429/3480 881/303/3480
f 94/428/3481 971/430/3481 2479/429/3481
f 78/309/3482 881/303/3482 2479/429/3482
f 967/250/3483 2480/434/3483 889/431/3483
f 966/432/3484 2480/434/3484 967/250/3484
f 50/433/3485 889/431/3485 2480/434/3485
f 973/435/3486 2481/3155/3486 950/382/3486
f 975/436/3487 2481/3155/3487 973/435/3487
f 950/382/3488 2481/3155/3488 975/436/3488
f 94/428/3489 970/440/3489 2482/438/3489
f 880/341/3490 2482/438/3490 970/440/3490
f 74/323/3491 964/439/3491 2482/438/3491
f 971/430/3492 2483/3156/3492 938/322/3492
f 964/439/3493 2483/3156/3493 971/430/3493
f 938/322/3494 2483/3156/3494 964/439/3494
f 974/441/3495 2484/442/3495 972/360/3495
f 96/437/3496 973/435/3496 2484/442/3496
f 66/361/3497 972/360/3497 2484/442/3497
f 59/246/3498 975/436/3498 2485/443/3498
f 96/437/3499 968/444/3499 2485/443/3499
f 93/247/3500 891/245/3500 2485/443/3500
f 97/445/3501 977/449/3501 2486/446/3501
f 985/448/3502 2486/446/3502 977/449/3502
f 1399/447/3503 2486/446/3503 985/448/3503
f 983/452/3504 2487/454/3504 1397/18/3504
f 101/453/3505 796/455/3505 2487/454/3505
f 4/451/3506 1397/18/3506 2487/454/3506
f 4/451/3507 796/455/3507 2488/456/3507
f 984/457/3508 2488/456/3508 796/455/3508
f 97/445/3509 1399/447/3509 2488/456/3509
f 985/448/3510 2489/458/3510 809/13/3510
f 98/450/3511 978/459/3511 2489/458/3511
f 809/13/3512 2489/458/3512 978/459/3512
f 100/120/3513 986/118/3513 2490/460/3513
f 16/119/3514 810/144/3514 2490/460/3514
f 981/461/3515 2490/460/3515 810/144/3515
f 27/64/3516 987/464/3516 2491/462/3516
f 99/463/3517 980/465/3517 2491/462/3517
f 819/62/3518 2491/462/3518 980/465/3518
f 1091/466/361 2492/470/361 1029/467/361
f 157/469/362 1087/736/362 2492/470/362
f 2492/470/363 1087/736/363 143/471/363
f 1029/467/364 2492/470/364 1089/472/364
f 1092/474/365 2493/478/365 1054/475/365
f 147/477/366 1073/710/366 2493/478/366
f 2493/478/367 1073/710/367 149/479/367
f 1054/475/3519 2493/478/3519 1093/480/3519
f 1093/480/3520 2494/483/3520 1049/482/3520
f 149/479/370 1076/715/370 2494/483/370
f 2494/483/371 1076/715/371 151/484/371
f 1049/482/372 2494/483/372 1094/485/372
f 1094/485/373 2495/488/373 1044/487/373
f 151/484/374 1079/720/374 2495/488/374
f 2495/488/375 1079/720/375 153/489/375
f 1044/487/376 2495/488/376 1095/490/376
f 1095/490/3521 2496/493/3521 1039/492/3521
f 153/489/378 1082/725/378 2496/493/378
f 2496/493/379 1082/725/379 155/494/379
f 1039/492/380 2496/493/380 1096/495/380
f 1096/495/381 2497/498/381 1034/497/381
f 155/494/3522 1085/730/3522 2497/498/3522
f 2497/498/383 1085/730/383 157/469/383
f 1034/497/3523 2497/498/3523 1091/466/3523
f 1089/472/385 2498/500/385 1064/499/385
f 143/471/386 1066/698/386 2498/500/386
f 2498/500/387 1066/698/387 145/501/387
f 1064/499/388 2498/500/388 1090/502/388
f 1090/502/3524 2499/505/3524 1059/504/3524
f 145/501/390 1070/705/390 2499/505/390
f 2499/505/391 1070/705/391 147/506/391
f 1059/504/392 2499/505/392 1092/507/392
f 981/509/3525 2500/513/3525 978/510/3525
f 100/512/3526 982/515/3526 2500/513/3526
f 979/514/3527 2500/513/3527 982/515/3527
f 99/517/3528 980/519/3528 2500/513/3528
f 26/518/3529 983/521/3529 2500/513/3529
f 101/520/3530 984/523/3530 2500/513/3530
f 97/522/3531 977/525/3531 2500/513/3531
f 98/524/3532 978/510/3532 2500/513/3532
f 98/526/3533 989/529/3533 2501/527/3533
f 989/529/3534 141/534/3534 1025/530/3534
f 2501/527/3535 1025/530/3535 102/531/3535
f 978/528/3536 2501/527/3536 990/532/3536
f 141/534/3537 1024/536/3537 2502/535/3537
f 1024/536/3538 140/539/3538 1026/537/3538
f 1026/537/3539 103/545/3539 993/538/3539
f 1025/530/3540 2502/535/3540 993/538/3540
f 140/539/409 1023/542/409 2503/540/409
f 139/541/409 1027/543/409 2503/540/409
f 1027/543/410 104/551/410 994/544/410
f 1026/537/410 2503/540/410 994/544/410
f 1022/546/411 2504/548/411 1027/543/411
f 138/547/412 1028/553/412 2504/548/412
f 2504/548/3541 1028/553/3541 105/549/3541
f 1027/543/414 2504/548/414 995/550/414
f 1021/552/415 2505/554/415 1028/553/415
f 137/468/416 1029/467/416 2505/554/416
f 2505/554/417 1029/467/417 106/473/417
f 1028/553/418 2505/554/418 996/555/418
f 97/556/3542 1197/559/3542 2506/557/3542
f 1197/559/3543 136/561/3543 1030/560/3543
f 2506/557/3544 1030/560/3544 141/534/3544
f 977/558/3545 2506/557/3545 989/529/3545
f 136/561/3546 1020/563/3546 2507/562/3546
f 1020/563/3547 135/566/3547 1031/564/3547
f 2507/562/3548 1031/564/3548 140/539/3548
f 1030/560/3549 2507/562/3549 1024/536/3549
f 1019/565/427 2508/568/427 1031/564/427
f 1019/565/427 134/570/427 1032/567/427
f 2508/568/428 1032/567/428 139/541/428
f 2508/568/428 1023/542/428 140/539/428
f 1018/569/429 2509/572/429 1032/567/429
f 133/571/430 1033/574/430 2509/572/430
f 2509/572/3550 1033/574/3550 138/547/3550
f 1032/567/432 2509/572/432 1022/546/432
f 1017/573/3551 2510/575/3551 1033/574/3551
f 132/496/434 1034/497/434 2510/575/434
f 2510/575/435 1034/497/435 137/468/435
f 1033/574/436 2510/575/436 1021/552/436
f 1195/576/3552 2511/580/3552 984/577/3552
f 1195/576/3553 131/581/3553 1035/579/3553
f 2511/580/3554 1035/579/3554 136/561/3554
f 984/577/3555 2511/580/3555 1197/559/3555
f 131/581/3556 1016/583/3556 2512/582/3556
f 1016/583/3557 130/585/3557 1036/584/3557
f 2512/582/3558 1036/584/3558 135/566/3558
f 1035/579/3559 2512/582/3559 1020/563/3559
f 130/585/445 1015/588/445 2513/586/445
f 129/587/445 1037/590/445 2513/586/445
f 2513/586/446 1037/590/446 134/570/446
f 1036/584/446 2513/586/446 1019/565/446
f 1014/589/447 2514/592/447 1037/590/447
f 128/591/3560 1038/594/3560 2514/592/3560
f 2514/592/449 1038/594/449 133/571/449
f 1037/590/450 2514/592/450 1018/569/450
f 1013/593/451 2515/595/451 1038/594/451
f 127/491/452 1039/492/452 2515/595/452
f 2515/595/453 1039/492/453 132/496/453
f 1038/594/3561 2515/595/3561 1017/573/3561
f 26/596/3562 1196/599/3562 2516/597/3562
f 1196/599/3563 126/601/3563 1040/600/3563
f 2516/597/3564 1040/600/3564 131/581/3564
f 2516/597/3565 1195/576/3565 101/578/3565
f 126/601/3566 1012/603/3566 2517/602/3566
f 1012/603/3567 125/605/3567 1041/604/3567
f 2517/602/3568 1041/604/3568 130/585/3568
f 1040/600/3569 2517/602/3569 1016/583/3569
f 125/605/463 1011/608/463 2518/606/463
f 124/607/463 1042/609/463 2518/606/463
f 1042/609/464 129/587/464 1015/588/464
f 1041/604/464 2518/606/464 1015/588/464
f 1010/610/465 2519/612/465 1042/609/465
f 123/611/466 1043/614/466 2519/612/466
f 2519/612/467 1043/614/467 128/591/467
f 1042/609/468 2519/612/468 1014/589/468
f 1009/613/469 2520/615/469 1043/614/469
f 122/486/470 1044/487/470 2520/615/470
f 2520/615/471 1044/487/471 127/491/471
f 1043/614/472 2520/615/472 1013/593/472
f 99/616/3570 988/619/3570 2521/617/3570
f 988/619/3571 121/621/3571 1045/620/3571
f 2521/617/3572 1045/620/3572 126/601/3572
f 980/618/3573 2521/617/3573 1196/599/3573
f 121/621/3574 1008/623/3574 2522/622/3574
f 1008/623/3575 120/626/3575 1046/624/3575
f 2522/622/3576 1046/624/3576 125/605/3576
f 1045/620/3577 2522/622/3577 1012/603/3577
f 1007/625/481 2523/628/481 1046/624/481
f 119/627/481 1047/629/481 2523/628/481
f 1047/629/482 124/607/482 1011/608/482
f 1046/624/482 2523/628/482 1011/608/482
f 1006/630/483 2524/632/483 1047/629/483
f 118/631/484 1048/634/484 2524/632/484
f 2524/632/3578 1048/634/3578 123/611/3578
f 1047/629/486 2524/632/486 1010/610/486
f 1005/633/487 2525/635/487 1048/634/487
f 117/481/488 1049/482/488 2525/635/488
f 2525/635/489 1049/482/489 122/486/489
f 1048/634/490 2525/635/490 1009/613/490
f 991/636/3579 2526/640/3579 979/637/3579
f 116/639/3580 1050/642/3580 2526/640/3580
f 2526/640/3581 1050/642/3581 121/621/3581
f 979/637/3582 2526/640/3582 988/619/3582
f 1004/641/3583 2527/644/3583 1050/642/3583
f 115/643/496 1051/645/496 2527/644/496
f 1051/645/3584 120/626/3584 1008/623/3584
f 2527/644/3585 1008/623/3585 121/621/3585
f 115/643/499 1003/647/499 2528/646/499
f 1003/647/499 114/650/499 1052/648/499
f 2528/646/500 1052/648/500 119/627/500
f 2528/646/500 1007/625/500 120/626/500
f 1002/649/501 2529/652/501 1052/648/501
f 113/651/3586 1053/654/3586 2529/652/3586
f 2529/652/503 1053/654/503 118/631/503
f 1052/648/504 2529/652/504 1006/630/504
f 1001/653/505 2530/655/505 1053/654/505
f 112/476/506 1054/475/506 2530/655/506
f 2530/655/507 1054/475/507 117/481/507
f 1053/654/508 2530/655/508 1005/633/508
f 992/656/3587 2531/660/3587 982/657/3587
f 111/659/3588 1055/661/3588 2531/660/3588
f 1055/661/3589 116/669/3589 991/662/3589
f 2531/660/3590 991/662/3590 21/663/3590
f 1000/664/3591 2532/666/3591 1055/661/3591
f 110/665/3592 1056/667/3592 2532/666/3592
f 1056/667/3593 115/675/3593 1004/668/3593
f 2532/666/3594 1004/668/3594 116/669/3594
f 999/670/517 2533/672/517 1056/667/517
f 109/671/517 1057/673/517 2533/672/517
f 1057/673/518 114/681/518 1003/674/518
f 2533/672/518 1003/674/518 115/675/518
f 998/676/519 2534/678/519 1057/673/519
f 108/677/520 1058/683/520 2534/678/520
f 2534/678/3595 1058/683/3595 113/679/3595
f 1057/673/522 2534/678/522 1002/680/522
f 997/682/523 2535/684/523 1058/683/523
f 107/503/524 1059/504/524 2535/684/524
f 2535/684/525 1059/504/525 112/508/525
f 1058/683/526 2535/684/526 1001/685/526
f 990/532/3596 2536/687/3596 981/686/3596
f 102/531/3597 1060/688/3597 2536/687/3597
f 1060/688/3598 111/659/3598 992/656/3598
f 2536/687/3599 992/656/3599 100/658/3599
f 993/538/3600 2537/689/3600 1060/688/3600
f 103/545/3601 1061/690/3601 2537/689/3601
f 1061/690/3602 110/665/3602 1000/664/3602
f 2537/689/3603 1000/664/3603 111/659/3603
f 994/544/535 2538/691/535 1061/690/535
f 104/551/535 1062/692/535 2538/691/535
f 1062/692/536 109/671/536 999/670/536
f 1061/690/536 2538/691/536 999/670/536
f 995/550/537 2539/693/537 1062/692/537
f 105/549/3604 1063/694/3604 2539/693/3604
f 2539/693/539 1063/694/539 108/677/539
f 1062/692/540 2539/693/540 998/676/540
f 996/555/541 2540/695/541 1063/694/541
f 106/473/542 1064/499/542 2540/695/542
f 2540/695/543 1064/499/543 107/503/543
f 1063/694/544 2540/695/544 997/682/544
f 145/501/3605 1066/698/3605 2541/696/3605
f 1066/698/3606 143/471/3606 1067/699/3606
f 2541/696/3607 1067/699/3607 142/700/3607
f 1065/697/3608 2541/696/3608 1068/701/3608
f 147/506/3609 1070/705/3609 2542/703/3609
f 1070/705/3610 145/501/3610 1065/697/3610
f 2542/703/3611 1065/697/3611 144/702/3611
f 1069/704/3612 2542/703/3612 1071/706/3612
f 149/479/3613 1073/710/3613 2543/708/3613
f 1073/710/365 147/477/365 1069/711/365
f 2543/708/3614 1069/711/3614 146/712/3614
f 1072/709/3615 2543/708/3615 1074/713/3615
f 1076/715/3616 2544/717/3616 1075/716/3616
f 1076/715/3617 149/479/3617 1072/709/3617
f 1072/709/3618 148/714/3618 1077/718/3618
f 2544/717/3619 1077/718/3619 150/719/3619
f 1079/720/3620 2545/722/3620 1078/721/3620
f 151/484/3621 1075/716/3621 2545/722/3621
f 1075/716/3622 150/719/3622 1080/723/3622
f 2545/722/3623 1080/723/3623 152/724/3623
f 1082/725/3624 2546/727/3624 1081/726/3624
f 153/489/3625 1078/721/3625 2546/727/3625
f 1078/721/3626 152/724/3626 1083/728/3626
f 2546/727/3627 1083/728/3627 154/729/3627
f 1085/730/3628 2547/732/3628 1084/731/3628
f 155/494/3629 1081/726/3629 2547/732/3629
f 1081/726/3630 154/729/3630 1086/733/3630
f 2547/732/3631 1086/733/3631 156/734/3631
f 143/471/3632 1087/736/3632 2548/735/3632
f 157/469/3633 1084/731/3633 2548/735/3633
f 1084/731/3634 156/734/3634 1088/737/3634
f 1067/699/3635 2548/735/3635 1088/737/3635
f 1099/738/3636 2549/742/3636 1098/739/3636
f 1099/738/3637 180/747/3637 1113/741/3637
f 2549/742/3638 1113/741/3638 170/743/3638
f 2549/742/3639 1115/744/3639 162/745/3639
f 1125/746/3640 2550/749/3640 1113/741/3640
f 1125/746/3641 152/821/3641 1080/748/3641
f 2550/749/3642 1080/748/3642 150/750/3642
f 1113/741/3643 2550/749/3643 1100/751/3643
f 170/743/3644 1100/751/3644 2551/752/3644
f 1100/751/3645 150/750/3645 1077/754/3645
f 2551/752/3646 1077/754/3646 148/755/3646
f 1114/753/3647 2551/752/3647 1117/756/3647
f 162/745/3648 1115/744/3648 2552/758/3648
f 1115/744/3649 170/743/3649 1114/753/3649
f 2552/758/3650 1114/753/3650 164/757/3650
f 1097/759/3651 2552/758/3651 1101/760/3651
f 159/761/3652 1101/760/3652 2553/762/3652
f 1101/760/3653 164/757/3653 1116/764/3653
f 2553/762/3654 1116/764/3654 171/765/3654
f 1103/763/3655 2553/762/3655 1119/766/3655
f 164/757/3656 1117/756/3656 2554/768/3656
f 148/755/3657 1074/769/3657 2554/768/3657
f 1074/769/3658 146/3157/3658 1104/770/3658
f 2554/768/3659 1104/770/3659 171/765/3659
f 1104/771/3660 2555/775/3660 1118/772/3660
f 146/774/3661 1071/776/3661 2555/775/3661
f 1071/776/3662 144/789/3662 1121/777/3662
f 2555/775/3663 1121/777/3663 166/778/3663
f 165/767/3664 1119/781/3664 2556/779/3664
f 1119/781/3665 171/773/3665 1118/772/3665
f 2556/779/3666 1118/772/3666 166/778/3666
f 1102/780/3667 2556/779/3667 1105/782/3667
f 161/783/3668 1105/782/3668 2557/784/3668
f 1105/782/3669 166/778/3669 1120/786/3669
f 1120/786/3670 172/793/3670 1123/787/3670
f 1107/785/3671 2557/784/3671 1123/787/3671
f 1121/777/3672 2558/790/3672 1120/786/3672
f 144/789/3673 1068/791/3673 2558/790/3673
f 1068/791/3674 142/795/3674 1108/792/3674
f 2558/790/3675 1108/792/3675 172/793/3675
f 1108/792/3676 2559/796/3676 1122/794/3676
f 142/795/3677 1088/2370/3677 2559/796/3677
f 2559/796/3678 1088/2370/3678 156/797/3678
f 1122/794/3679 2559/796/3679 1112/798/3679
f 1123/787/3680 2560/801/3680 1106/800/3680
f 172/793/3681 1122/794/3681 2560/801/3681
f 1122/794/3682 168/799/3682 1109/802/3682
f 2560/801/3683 1109/802/3683 160/803/3683
f 1102/780/3684 2561/806/3684 1135/804/3684
f 1102/780/3685 161/783/3685 1134/805/3685
f 2561/806/3686 1134/805/3686 175/807/3686
f 2561/806/3687 1132/808/3687 176/809/3687
f 1112/798/3688 2562/812/3688 1124/810/3688
f 1112/798/3689 156/797/3689 1086/811/3689
f 2562/812/3690 1086/811/3690 154/813/3690
f 1124/810/3691 2562/812/3691 1194/814/3691
f 182/816/3692 1194/819/3692 2563/817/3692
f 1194/819/3693 154/2382/3693 1083/820/3693
f 2563/817/3694 1083/820/3694 152/821/3694
f 1126/818/3695 2563/817/3695 1125/746/3695
f 1136/822/3696 2564/826/3696 1149/823/3696
f 158/825/3697 1148/827/3697 2564/826/3697
f 1148/827/3698 183/2443/3698 1144/828/3698
f 2564/826/3699 1144/828/3699 184/829/3699
f 159/761/3700 1103/763/3700 2565/830/3700
f 165/767/3701 1128/831/3701 2565/830/3701
f 1128/831/3702 174/845/3702 1131/832/3702
f 2565/830/3703 1131/832/3703 162/745/3703
f 1185/833/3704 2566/837/3704 1179/834/3704
f 177/836/3705 1133/844/3705 2566/837/3705
f 2566/837/3706 1133/844/3706 178/838/3706
f 1179/834/3707 2566/837/3707 1187/839/3707
f 1124/810/3708 2567/843/3708 1111/841/3708
f 1124/810/3709 182/815/3709 1129/842/3709
f 2567/843/3710 1129/842/3710 178/838/3710
f 1111/841/3711 2567/843/3711 1133/844/3711
f 1131/832/3712 2568/846/3712 1098/739/3712
f 174/845/3713 1130/847/3713 2568/846/3713
f 1130/847/3714 181/901/3714 1110/848/3714
f 2568/846/3715 1110/848/3715 179/740/3715
f 1107/785/3716 2569/3158/3716 1134/805/3716
f 1186/849/3717 2569/3158/3717 1107/785/3717
f 1171/850/3718 2569/3158/3718 1186/849/3718
f 1188/852/3719 2569/3158/3719 1171/850/3719
f 1134/805/3720 2569/3158/3720 1188/852/3720
f 1127/854/3721 2570/856/3721 1129/842/3721
f 181/855/3722 1190/858/3722 2570/856/3722
f 1174/857/3723 2570/856/3723 1190/858/3723
f 202/840/3724 1187/839/3724 2570/856/3724
f 1129/842/3725 2570/856/3725 1187/839/3725
f 160/803/3726 1109/802/3726 2571/860/3726
f 1111/841/3727 2571/860/3727 1109/802/3727
f 177/836/3728 1185/833/3728 2571/860/3728
f 1168/862/3729 2571/860/3729 1185/833/3729
f 1184/861/3730 2571/860/3730 1168/862/3730
f 1106/800/3731 2572/866/3731 1186/849/3731
f 1184/864/3732 2572/866/3732 1106/800/3732
f 197/865/3733 1169/868/3733 2572/866/3733
f 1183/867/3734 2572/866/3734 1169/868/3734
f 1170/870/3735 2572/866/3735 1183/867/3735
f 1186/849/3736 2572/866/3736 1170/870/3736
f 1130/872/3737 2573/879/3737 1190/873/3737
f 1191/875/3738 2573/879/3738 1130/872/3738
f 1177/876/3739 2573/879/3739 1191/875/3739
f 205/878/3740 1182/881/3740 2573/879/3740
f 201/880/3741 1172/882/3741 2573/879/3741
f 1190/873/3742 2573/879/3742 1172/882/3742
f 176/809/3743 1132/808/3743 2574/884/3743
f 175/807/3744 1188/852/3744 2574/884/3744
f 2574/884/3745 1188/852/3745 199/853/3745
f 2574/884/3746 1181/886/3746 204/887/3746
f 174/845/3747 1128/831/3747 2575/888/3747
f 1135/804/3748 2575/888/3748 1128/831/3748
f 176/809/3749 1189/885/3749 2575/888/3749
f 204/887/3750 1175/889/3750 2575/888/3750
f 1191/875/3751 2575/888/3751 1175/889/3751
f 158/890/3752 1136/894/3752 2576/891/3752
f 163/893/3753 1141/895/3753 2576/891/3753
f 1141/895/3754 180/747/3754 1099/738/3754
f 1140/892/3755 2576/891/3755 1099/738/3755
f 169/896/3756 1137/899/3756 2577/897/3756
f 1137/899/3757 158/2414/3757 1140/900/3757
f 2577/897/3758 1140/900/3758 179/740/3758
f 2577/897/3759 1110/848/3759 181/901/3759
f 1138/902/3760 2578/904/3760 1141/895/3760
f 173/903/3761 1143/905/3761 2578/904/3761
f 1143/905/3762 182/816/3762 1126/818/3762
f 2578/904/3763 1126/818/3763 180/747/3763
f 173/906/3764 1139/910/3764 2579/907/3764
f 169/909/3765 1142/911/3765 2579/907/3765
f 1142/911/3766 181/855/3766 1127/854/3766
f 2579/907/3767 1127/854/3767 182/815/3767
f 169/909/3768 1139/910/3768 2580/912/3768
f 1139/910/3769 173/906/3769 1150/914/3769
f 2580/912/3770 1150/914/3770 186/915/3770
f 1151/913/3771 2580/912/3771 1147/916/3771
f 158/918/3772 1137/921/3772 2581/919/3772
f 1137/921/3773 169/2421/3773 1151/922/3773
f 2581/919/3774 1151/922/3774 185/923/3774
f 1148/920/3775 2581/919/3775 1145/924/3775
f 173/906/3776 1138/927/3776 2582/926/3776
f 163/824/3777 1149/823/3777 2582/926/3777
f 1149/823/3778 184/829/3778 1146/928/3778
f 1150/914/3779 2582/926/3779 1146/928/3779
f 1145/924/3780 2583/931/3780 1165/929/3780
f 1145/924/3781 185/923/3781 1166/930/3781
f 2583/931/3782 1166/930/3782 191/932/3782
f 1165/929/3783 2583/931/3783 1156/933/3783
f 186/915/3784 1146/928/3784 2584/935/3784
f 1146/928/3785 184/829/3785 1164/937/3785
f 2584/935/3786 1164/937/3786 190/938/3786
f 1167/936/3787 2584/935/3787 1161/939/3787
f 185/917/729 1147/916/729 2585/941/729
f 1147/916/3788 186/915/3788 1167/936/3788
f 2585/941/3789 1167/936/3789 194/940/3789
f 2585/941/3790 1162/943/3790 191/944/3790
f 192/945/3791 1163/949/3791 2586/946/3791
f 193/948/3792 1159/962/3792 2586/946/3792
f 2586/946/3793 1159/962/3793 189/950/3793
f 2586/946/3794 1153/951/3794 188/952/3794
f 188/952/3795 1153/951/3795 2587/953/3795
f 189/950/3796 1154/955/3796 2587/953/3796
f 1154/955/3797 190/938/3797 1155/956/3797
f 2587/953/3798 1155/956/3798 187/957/3798
f 187/934/3799 1156/933/3799 2588/958/3799
f 1156/933/3800 191/932/3800 1157/960/3800
f 2588/958/3801 1157/960/3801 192/945/3801
f 2588/958/3802 1158/947/3802 188/952/3802
f 189/950/3803 1159/962/3803 2589/961/3803
f 193/948/3804 1160/963/3804 2589/961/3804
f 1160/963/3805 194/940/3805 1161/939/3805
f 1154/955/3806 2589/961/3806 1161/939/3806
f 1162/943/3807 2590/965/3807 1157/964/3807
f 1162/943/3808 194/940/3808 1160/963/3808
f 2590/965/3809 1160/963/3809 193/948/3809
f 2590/965/3810 1163/949/3810 192/945/3810
f 1144/828/3811 2591/967/3811 1164/937/3811
f 1144/828/3812 183/2443/3812 1165/966/3812
f 1165/966/3813 187/957/3813 1155/956/3813
f 2591/967/3814 1155/956/3814 190/938/3814
f 158/968/3815 1176/972/3815 2592/969/3815
f 1168/971/3816 2592/969/3816 1176/972/3816
f 1179/974/3817 2592/969/3817 1168/971/3817
f 202/976/3818 1173/977/3818 2592/969/3818
f 1148/970/3819 2592/969/3819 1173/977/3819
f 205/878/3820 1180/981/3820 2593/979/3820
f 198/980/3821 1183/2446/3821 2593/979/3821
f 2593/979/3822 1183/2446/3822 196/982/3822
f 2593/979/3823 1178/983/3823 201/880/3823
f 1192/984/3824 2594/987/3824 1168/985/3824
f 1192/984/3825 203/859/3825 1174/857/3825
f 2594/987/3826 1174/857/3826 202/840/3826
f 2594/987/3827 1179/988/3827 195/989/3827
f 196/982/3828 1169/991/3828 2595/990/3828
f 1169/991/3829 197/2450/3829 1192/992/3829
f 1192/992/3830 203/883/3830 1172/882/3830
f 2595/990/3831 1172/882/3831 201/880/3831
f 1170/993/3832 2596/995/3832 1193/994/3832
f 198/980/3833 1180/981/3833 2596/995/3833
f 1180/981/3834 205/878/3834 1177/876/3834
f 2596/995/3835 1177/876/3835 206/877/3835
f 199/853/3836 1171/850/3836 2597/996/3836
f 1171/850/3837 200/851/3837 1193/994/3837
f 2597/996/3838 1193/994/3838 206/877/3838
f 1181/886/3839 2597/996/3839 1175/889/3839
f 231/997/3840 1222/1000/3840 2598/998/3840
f 1222/1000/3841 232/1015/3841 1224/1001/3841
f 1224/1001/3842 234/1372/3842 1225/1002/3842
f 1223/999/3843 2598/998/3843 1225/1002/3843
f 207/1004/3844 1217/1007/3844 2599/1005/3844
f 1217/1007/3845 227/1011/3845 1229/1008/3845
f 2599/1005/3846 1229/1008/3846 231/997/3846
f 1210/1006/3847 2599/1005/3847 1235/1009/3847
f 227/1011/3848 1216/1013/3848 2600/1012/3848
f 1216/1013/3849 226/2463/3849 1230/1014/3849
f 2600/1012/3850 1230/1014/3850 232/1015/3850
f 1229/1008/3851 2600/1012/3851 1222/1000/3851
f 1228/1016/3852 2601/1020/3852 1232/1017/3852
f 1228/1016/3853 236/1478/3853 1231/1019/3853
f 2601/1020/3854 1231/1019/3854 220/1021/3854
f 2601/1020/3855 1209/1022/3855 219/1023/3855
f 1233/1024/3856 2602/1027/3856 1213/1025/3856
f 293/1018/3857 1232/1017/3857 2602/1027/3857
f 1232/1017/3858 219/1023/3858 1208/1028/3858
f 2602/1027/3859 1208/1028/3859 209/1029/3859
f 1234/1030/3860 2603/1034/3860 1212/1031/3860
f 1234/1030/3861 292/1379/3861 1226/1033/3861
f 1226/1033/3862 293/1018/3862 1233/1024/3862
f 2603/1034/3863 1233/1024/3863 223/1026/3863
f 221/1010/3864 1235/1009/3864 2604/1035/3864
f 1235/1009/3865 231/997/3865 1223/1037/3865
f 1223/1037/3866 292/1379/3866 1234/1030/3866
f 2604/1035/3867 1234/1030/3867 222/1032/3867
f 237/1038/3868 1236/1041/3868 2605/1039/3868
f 1236/1041/3869 238/1047/3869 1239/1042/3869
f 2605/1039/3870 1239/1042/3870 241/1043/3870
f 1238/1040/3871 2605/1039/3871 1241/1044/3871
f 1237/1046/3872 2606/1049/3872 1239/1042/3872
f 239/1048/3873 1240/1050/3873 2606/1049/3873
f 1240/1050/3874 242/1073/3874 1242/1051/3874
f 2606/1049/3875 1242/1051/3875 241/1043/3875
f 1207/1052/3876 2607/1056/3876 1215/1053/3876
f 218/1055/3877 1243/1057/3877 2607/1056/3877
f 1243/1057/3878 237/1038/3878 1249/1058/3878
f 2607/1056/3879 1249/1058/3879 225/1059/3879
f 218/1055/3880 1206/1061/3880 2608/1060/3880
f 1206/1061/3881 217/1064/3881 1244/1062/3881
f 2608/1060/3882 1244/1062/3882 238/1047/3882
f 1243/1057/3883 2608/1060/3883 1236/1041/3883
f 1205/1063/3884 2609/1066/3884 1244/1062/3884
f 216/1065/3885 1245/1067/3885 2609/1066/3885
f 1245/1067/3886 239/1048/3886 1237/1046/3886
f 2609/1066/3887 1237/1046/3887 238/1047/3887
f 1204/1068/3888 2610/1069/3888 1245/1067/3888
f 209/1029/3889 1208/1028/3889 2610/1069/3889
f 1208/1028/3890 219/1023/3890 1246/1070/3890
f 2610/1069/3891 1246/1070/3891 239/1048/3891
f 1246/1070/3892 2611/1071/3892 1240/1050/3892
f 219/1023/3893 1209/1022/3893 2611/1071/3893
f 1209/1022/3894 220/1021/3894 1247/1072/3894
f 2611/1071/3895 1247/1072/3895 242/1073/3895
f 1249/1058/3896 2612/1075/3896 1214/1074/3896
f 237/1038/3897 1238/1040/3897 2612/1075/3897
f 1238/1040/3898 240/1045/3898 1248/1076/3898
f 2612/1075/3899 1248/1076/3899 224/1077/3899
f 1199/1078/3900 2613/1082/3900 1401/1079/3900
f 211/1081/3901 1250/1083/3901 2613/1082/3901
f 1250/1083/3902 243/1091/3902 1400/1084/3902
f 2613/1082/3903 1400/1084/3903 40/1085/3903
f 1198/1086/3904 2614/1088/3904 1250/1083/3904
f 208/1087/3905 1221/1089/3905 2614/1088/3905
f 1221/1089/3906 230/1093/3906 1251/1090/3906
f 2614/1088/3907 1251/1090/3907 243/1091/3907
f 1251/1090/3908 2615/1094/3908 1402/1092/3908
f 230/1093/3909 1220/1095/3909 2615/1094/3909
f 1220/1095/3910 229/1165/3910 1404/1096/3910
f 2615/1094/3911 1404/1096/3911 4/1097/3911
f 1404/1096/3912 2616/1100/3912 1403/1098/3912
f 1404/1096/3913 229/1165/3913 1219/1099/3913
f 2616/1100/3914 1219/1099/3914 228/1101/3914
f 1403/1098/3915 2616/1100/3915 1252/1102/3915
f 244/1103/3916 1252/1102/3916 2617/1104/3916
f 1252/1102/3917 228/1101/3917 1218/1106/3917
f 2617/1104/3918 1218/1106/3918 210/1054/3918
f 1253/1105/3919 2617/1104/3919 1215/1053/3919
f 976/1107/3920 2618/1110/3920 797/1108/3920
f 976/1107/3921 244/1103/3921 1253/1105/3921
f 2618/1110/3922 1253/1105/3922 225/1059/3922
f 797/1108/3923 2618/1110/3923 1214/1074/3923
f 245/1111/3924 1255/1114/3924 2619/1112/3924
f 1255/1114/3925 246/1133/3925 1258/1115/3925
f 1258/1115/3926 284/3159/3926 1260/1116/3926
f 1257/1113/3927 2619/1112/3927 1260/1116/3927
f 248/1117/3928 1260/1120/3928 2620/1118/3928
f 1260/1120/3929 284/2527/3929 1262/1121/3929
f 2620/1118/3930 1262/1121/3930 252/1122/3930
f 1261/1119/3931 2620/1118/3931 1264/1123/3931
f 208/1087/3932 1203/1126/3932 2621/1125/3932
f 1203/1126/3933 215/1129/3933 1266/1127/3933
f 2621/1125/3934 1266/1127/3934 245/1111/3934
f 1221/1089/3935 2621/1125/3935 1277/1128/3935
f 215/1129/3936 1202/1131/3936 2622/1130/3936
f 1202/1131/3937 214/2531/3937 1267/1132/3937
f 2622/1130/3938 1267/1132/3938 246/1133/3938
f 1266/1127/3939 2622/1130/3939 1255/1114/3939
f 288/1134/3940 1340/1137/3940 2623/1135/3940
f 1340/1137/3941 274/1221/3941 1301/1138/3941
f 2623/1135/3942 1301/1138/3942 262/1139/3942
f 1314/1136/3943 2623/1135/3943 1295/1140/3943
f 1200/1142/3944 2624/1145/3944 1268/1143/3944
f 207/1004/3945 1210/1006/3945 2624/1145/3945
f 2624/1145/3946 1210/1006/3946 221/1010/3946
f 1268/1143/3947 2624/1145/3947 1269/1146/3947
f 247/1147/3948 1269/1146/3948 2625/1148/3948
f 1269/1146/3949 221/1010/3949 1211/1036/3949
f 1211/1036/3950 222/1032/3950 1270/1150/3950
f 1259/1149/3951 2625/1148/3951 1270/1150/3951
f 1270/1150/3952 2626/1153/3952 1263/1152/3952
f 222/1032/3953 1212/1031/3953 2626/1153/3953
f 1212/1031/3954 223/1026/3954 1271/1154/3954
f 2626/1153/3955 1271/1154/3955 253/1155/3955
f 1271/1154/3956 2627/1157/3956 1272/1156/3956
f 223/1026/3957 1213/1025/3957 2627/1157/3957
f 2627/1157/3958 1213/1025/3958 209/1029/3958
f 2627/1157/3959 1204/1068/3959 216/1065/3959
f 252/1122/3960 1265/1160/3960 2628/1158/3960
f 253/1155/3961 1272/1156/3961 2628/1158/3961
f 1272/1156/3962 216/1065/3962 1205/1063/3962
f 2628/1158/3963 1205/1063/3963 217/1064/3963
f 251/1124/3964 1264/1123/3964 2629/1161/3964
f 1264/1123/3965 252/1122/3965 1273/1159/3965
f 2629/1161/3966 1273/1159/3966 217/1064/3966
f 1274/1162/3967 2629/1161/3967 1206/1061/3967
f 228/1101/3968 1275/1164/3968 2630/1163/3968
f 1275/1164/3969 251/1124/3969 1274/1162/3969
f 2630/1163/3970 1274/1162/3970 218/1055/3970
f 2630/1163/3971 1207/1052/3971 210/1054/3971
f 229/1165/3972 1276/1167/3972 2631/1166/3972
f 1276/1167/3973 248/1117/3973 1261/1119/3973
f 2631/1166/3974 1261/1119/3974 251/1124/3974
f 1219/1099/3975 2631/1166/3975 1275/1164/3975
f 230/1093/3976 1277/1128/3976 2632/1168/3976
f 1277/1128/3977 245/1111/3977 1257/1113/3977
f 2632/1168/3978 1257/1113/3978 248/1117/3978
f 1220/1095/3979 2632/1168/3979 1276/1167/3979
f 254/1169/3980 1278/1172/3980 2633/1170/3980
f 1278/1172/3981 255/1177/3981 1281/1173/3981
f 2633/1170/3982 1281/1173/3982 258/1174/3982
f 1280/1171/3983 2633/1170/3983 1283/1175/3983
f 255/1177/3984 1279/1180/3984 2634/1178/3984
f 256/1179/3985 1282/1181/3985 2634/1178/3985
f 1282/1181/3986 259/1186/3986 1284/1182/3986
f 2634/1178/3987 1284/1182/3987 258/1174/3987
f 256/1179/3988 1285/1184/3988 2635/1183/3988
f 1285/1184/3989 226/2463/3989 1216/1013/3989
f 1216/1013/3990 227/1011/3990 1286/1185/3990
f 2635/1183/3991 1286/1185/3991 259/1186/3991
f 1286/1185/3992 2636/1188/3992 1287/1187/3992
f 227/1011/3993 1217/1007/3993 2636/1188/3993
f 2636/1188/3994 1217/1007/3994 207/1004/3994
f 2636/1188/3995 1200/1142/3995 213/1144/3995
f 1284/1182/3996 2637/1190/3996 1288/1189/3996
f 259/1186/3997 1287/1191/3997 2637/1190/3997
f 1287/1191/3998 213/3160/3998 1201/1192/3998
f 2637/1190/3999 1201/1192/3999 214/1193/3999
f 257/1176/4000 1283/1175/4000 2638/1194/4000
f 1283/1175/4001 258/1174/4001 1288/1189/4001
f 2638/1194/4002 1288/1189/4002 214/1193/4002
f 1289/1195/4003 2638/1194/4003 1202/1196/4003
f 211/1081/4004 1290/1198/4004 2639/1197/4004
f 1290/1198/4005 257/1176/4005 1289/1195/4005
f 2639/1197/4006 1289/1195/4006 215/1129/4006
f 1198/1086/4007 2639/1197/4007 1203/1126/4007
f 212/1080/4008 1291/1200/4008 2640/1199/4008
f 1291/1200/4009 254/1169/4009 1280/1171/4009
f 2640/1199/4010 1280/1171/4010 257/1176/4010
f 1199/1078/4011 2640/1199/4011 1290/1198/4011
f 1263/1152/4012 2641/1202/4012 1292/1201/4012
f 253/1155/4013 1265/1160/4013 2641/1202/4013
f 1265/1160/4014 252/1122/4014 1262/1203/4014
f 1292/1201/4015 2641/1202/4015 1262/1203/4015
f 269/1205/4016 1337/1209/4016 2642/1206/4016
f 268/1208/4017 1256/1210/4017 2642/1206/4017
f 1256/1210/4018 260/1235/4018 1293/1211/4018
f 2642/1206/4019 1293/1211/4019 261/1212/4019
f 1293/1211/4020 2643/1215/4020 1297/1213/4020
f 1293/1211/4021 260/1235/4021 1298/1214/4021
f 2643/1215/4022 1298/1214/4022 263/1216/4022
f 2643/1215/4023 1294/1217/4023 262/1139/4023
f 263/1216/4024 1296/1219/4024 2644/1218/4024
f 1296/1219/4025 265/1228/4025 1299/1220/4025
f 2644/1218/4026 1299/1220/4026 264/1141/4026
f 1294/1217/4027 2644/1218/4027 1295/1140/4027
f 274/1221/4028 1334/1223/4028 2645/1222/4028
f 1334/1223/4029 269/1205/4029 1308/1207/4029
f 2645/1222/4030 1308/1207/4030 261/1212/4030
f 1301/1138/4031 2645/1222/4031 1297/1213/4031
f 1331/1224/4032 2646/1227/4032 1317/1225/4032
f 1331/1224/4033 288/1134/4033 1314/1136/4033
f 2646/1227/4034 1314/1136/4034 264/1141/4034
f 2646/1227/4035 1299/1220/4035 265/1228/4035
f 1328/1229/4036 2647/1232/4036 1320/1230/4036
f 1328/1229/4037 290/1226/4037 1317/1225/4037
f 2647/1232/4038 1317/1225/4038 265/1228/4038
f 2647/1232/4039 1296/1219/4039 263/1216/4039
f 1325/1233/4040 2648/1234/4040 1256/1210/4040
f 281/1231/4041 1320/1230/4041 2648/1234/4041
f 1320/1230/4042 263/1216/4042 1298/1214/4042
f 2648/1234/4043 1298/1214/4043 260/1235/4043
f 1268/1236/4044 2649/1240/4044 1305/1237/4044
f 247/1239/4045 1304/1241/4045 2649/1240/4045
f 1304/1241/4046 283/1245/4046 1323/1242/4046
f 2649/1240/4047 1323/1242/4047 266/1243/4047
f 1323/1242/4048 2650/1246/4048 1306/1244/4048
f 283/1245/4049 1322/1247/4049 2650/1246/4049
f 1322/1247/4050 282/1251/4050 1324/1248/4050
f 2650/1246/4051 1324/1248/4051 267/1249/4051
f 1324/1248/4052 2651/1252/4052 1307/1250/4052
f 282/1251/4053 1321/1253/4053 2651/1252/4053
f 1321/1253/4054 281/1231/4054 1325/1233/4054
f 2651/1252/4055 1325/1233/4055 268/1208/4055
f 1259/1254/4056 2652/1256/4056 1304/1241/4056
f 1259/1254/4057 285/1344/4057 1303/1255/4057
f 2652/1256/4058 1303/1255/4058 287/1257/4058
f 2652/1256/4059 1326/1258/4059 283/1245/4059
f 1326/1258/4060 2653/1260/4060 1322/1247/4060
f 1326/1258/4061 287/1257/4061 1319/1259/4061
f 1319/1259/4062 291/1262/4062 1327/1261/4062
f 2653/1260/4063 1327/1261/4063 282/1251/4063
f 1327/1261/4064 2654/1263/4064 1321/1253/4064
f 291/1262/4065 1318/1264/4065 2654/1263/4065
f 1318/1264/4066 290/1226/4066 1328/1229/4066
f 2654/1263/4067 1328/1229/4067 281/1231/4067
f 1341/1265/4068 2655/1269/4068 1343/1266/4068
f 249/1268/4069 1342/1270/4069 2655/1269/4069
f 1342/1270/4070 277/1274/4070 1329/1271/4070
f 2655/1269/4071 1329/1271/4071 280/1272/4071
f 1329/1271/4072 2656/1275/4072 1347/1273/4072
f 277/1274/4073 1345/1276/4073 2656/1275/4073
f 1345/1276/4074 276/3161/4074 1330/1277/4074
f 2656/1275/4075 1330/1277/4075 279/1278/4075
f 1330/1277/4076 2657/1281/4076 1346/1279/4076
f 1330/1277/4077 276/3161/4077 1344/1280/4077
f 2657/1281/4078 1344/1280/4078 275/1282/4078
f 1346/1279/4079 2657/1281/4079 1348/1283/4079
f 246/1285/4080 1267/1288/4080 2658/1286/4080
f 1267/1288/4081 214/1306/4081 1300/1289/4081
f 2658/1286/4082 1300/1289/4082 271/1290/4082
f 1311/1287/4083 2658/1286/4083 1332/1291/4083
f 272/1292/4084 1332/1291/4084 2659/1293/4084
f 1332/1291/4085 271/1290/4085 1310/1295/4085
f 2659/1293/4086 1310/1295/4086 270/1296/4086
f 1312/1294/4087 2659/1293/4087 1333/1297/4087
f 273/1298/4088 1333/1297/4088 2660/1299/4088
f 1333/1297/4089 270/1296/4089 1309/1301/4089
f 2660/1299/4090 1309/1301/4090 269/1302/4090
f 1313/1300/4091 2660/1299/4091 1334/1303/4091
f 1201/1305/4092 2661/1307/4092 1300/1289/4092
f 213/1238/4093 1305/1237/4093 2661/1307/4093
f 1305/1237/4094 266/1243/4094 1335/1308/4094
f 2661/1307/4095 1335/1308/4095 271/1290/4095
f 271/1290/4096 1335/1308/4096 2662/1309/4096
f 266/1243/4097 1306/1244/4097 2662/1309/4097
f 1306/1244/4098 267/1249/4098 1336/1310/4098
f 1310/1295/4099 2662/1309/4099 1336/1310/4099
f 270/1296/4100 1336/1310/4100 2663/1311/4100
f 267/1249/4101 1307/1250/4101 2663/1311/4101
f 1307/1250/4102 268/1208/4102 1337/1209/4102
f 2663/1311/4103 1337/1209/4103 269/1205/4103
f 1258/1313/4104 2664/1316/4104 1302/1314/4104
f 246/1285/4105 1311/1287/4105 2664/1316/4105
f 2664/1316/4106 1311/1287/4106 272/1292/4106
f 2664/1316/4107 1338/1317/4107 286/1318/4107
f 286/1318/4108 1338/1317/4108 2665/1319/4108
f 1338/1317/4109 272/1292/4109 1312/1294/4109
f 2665/1319/4110 1312/1294/4110 273/1298/4110
f 1316/1320/4111 2665/1319/4111 1339/1321/4111
f 289/1322/4112 1339/1321/4112 2666/1323/4112
f 1339/1321/4113 273/1298/4113 1313/1300/4113
f 2666/1323/4114 1313/1300/4114 274/1304/4114
f 1315/1324/4115 2666/1323/4115 1340/1325/4115
f 249/1327/4116 1341/1331/4116 2667/1328/4116
f 250/1330/4117 1350/1332/4117 2667/1328/4117
f 1350/1332/4118 285/1344/4118 1292/1333/4118
f 1349/1329/4119 2667/1328/4119 1292/1333/4119
f 1342/1335/4120 2668/1339/4120 1351/1336/4120
f 249/1338/4121 1349/1340/4121 2668/1339/4121
f 1349/1340/4122 284/1315/4122 1302/1314/4122
f 2668/1339/4123 1302/1314/4123 286/1318/4123
f 250/1330/4124 1343/1342/4124 2669/1341/4124
f 1343/1342/4125 280/1358/4125 1352/1343/4125
f 2669/1341/4126 1352/1343/4126 287/1257/4126
f 1350/1332/4127 2669/1341/4127 1303/1255/4127
f 275/1345/4128 1344/1348/4128 2670/1346/4128
f 1344/1348/4129 276/1350/4129 1354/1349/4129
f 1354/1349/4130 289/1322/4130 1315/1324/4130
f 1353/1347/4131 2670/1346/4131 1315/1324/4131
f 276/1350/4132 1345/1352/4132 2671/1351/4132
f 277/1337/4133 1351/1336/4133 2671/1351/4133
f 1351/1336/4134 286/1318/4134 1316/1320/4134
f 2671/1351/4135 1316/1320/4135 289/1322/4135
f 279/1353/4136 1346/1356/4136 2672/1354/4136
f 1346/1356/4137 278/2653/4137 1356/1357/4137
f 2672/1354/4138 1356/1357/4138 290/1226/4138
f 1355/1355/4139 2672/1354/4139 1318/1264/4139
f 280/1358/4140 1347/1360/4140 2673/1359/4140
f 1347/1360/4141 279/1353/4141 1355/1355/4141
f 2673/1359/4142 1355/1355/4142 291/1262/4142
f 1352/1343/4143 2673/1359/4143 1319/1259/4143
f 278/1361/4144 1348/1364/4144 2674/1362/4144
f 1348/1364/4145 275/2656/4145 1353/1365/4145
f 2674/1362/4146 1353/1365/4146 288/1134/4146
f 1356/1363/4147 2674/1362/4147 1331/1224/4147
f 294/1366/4148 1381/1370/4148 2675/1367/4148
f 1384/1369/4149 2675/1367/4149 1381/1370/4149
f 1359/1368/4150 2675/1367/4150 1384/1369/4150
f 1357/1373/4151 2676/1377/4151 1360/1374/4151
f 235/1376/4152 1361/1378/4152 2676/1377/4152
f 1361/1378/4153 293/1018/4153 1226/1033/4153
f 1360/1374/4154 2676/1377/4154 1226/1033/4154
f 1383/1380/4155 2677/1384/4155 1361/1381/4155
f 305/1383/4156 1368/1385/4156 2677/1384/4156
f 293/1018/4157 1361/1381/4157 2677/1384/4157
f 296/1386/4158 1363/1390/4158 2678/1387/4158
f 1364/1389/4159 2678/1387/4159 1363/1390/4159
f 297/1392/4160 1374/1388/4160 2678/1387/4160
f 297/1392/4161 1364/1389/4161 2679/1393/4161
f 1365/1395/4162 2679/1393/4162 1364/1389/4162
f 298/1396/4163 1375/1394/4163 2679/1393/4163
f 298/1396/4164 1365/1400/4164 2680/1397/4164
f 1367/1399/4165 2680/1397/4165 1365/1400/4165
f 299/1402/4166 1376/1398/4166 2680/1397/4166
f 299/1403/4167 1387/1407/4167 2681/1404/4167
f 1369/1406/4168 2681/1404/4168 1387/1407/4168
f 300/1409/4169 1377/1405/4169 2681/1404/4169
f 304/1410/4170 1394/1414/4170 2682/1411/4170
f 233/1413/4171 1357/1416/4171 2682/1411/4171
f 235/1415/4172 1383/1418/4172 2682/1411/4172
f 305/1417/4173 1393/1420/4173 2682/1411/4173
f 295/1419/4174 1227/1422/4174 2682/1411/4174
f 294/1421/4175 1381/1412/4175 2682/1411/4175
f 1369/1423/4176 2683/1426/4176 1378/1424/4176
f 1369/1423/4177 303/1459/4177 1386/1425/4177
f 2683/1426/4178 1386/1425/4178 306/1427/4178
f 1378/1424/4179 2683/1426/4179 1371/1428/4179
f 1371/1428/4180 2684/1431/4180 1379/1430/4180
f 306/1427/4181 1385/1432/4181 2684/1431/4181
f 1385/1432/4182 302/1391/4182 1363/1390/4182
f 2684/1431/4183 1363/1390/4183 296/1386/4183
f 1374/1388/4184 2685/1434/4184 1380/1433/4184
f 297/1392/4185 1388/1435/4185 2685/1434/4185
f 1388/1435/4186 233/1441/4186 1394/1436/4186
f 2685/1434/4187 1394/1436/4187 304/1437/4187
f 1375/1394/4188 2686/1438/4188 1388/1435/4188
f 298/1396/4189 1392/1439/4189 2686/1438/4189
f 1392/1439/4190 235/1446/4190 1357/1440/4190
f 1388/1435/4191 2686/1438/4191 1357/1440/4191
f 1376/1398/4192 2687/1443/4192 1392/1439/4192
f 1376/1398/4193 299/1402/4193 1382/1442/4193
f 2687/1443/4194 1382/1442/4194 305/1444/4194
f 2687/1443/4195 1383/1445/4195 235/1446/4195
f 1377/1405/4196 2688/1449/4196 1382/1447/4196
f 1377/1405/4197 300/1409/4197 1395/1448/4197
f 2688/1449/4198 1395/1448/4198 295/1450/4198
f 2688/1449/4199 1393/1451/4199 305/1452/4199
f 300/1409/4200 1378/1424/4200 2689/1453/4200
f 1378/1424/4201 301/1429/4201 1366/1454/4201
f 2689/1453/4202 1366/1454/4202 294/1455/4202
f 1395/1448/4203 2689/1453/4203 1227/1456/4203
f 301/1429/4204 1379/1430/4204 2690/1457/4204
f 1379/1430/4205 296/1386/4205 1380/1433/4205
f 2690/1457/4206 1380/1433/4206 304/1437/4206
f 1366/1454/4207 2690/1457/4207 1381/1458/4207
f 1386/1425/4208 2691/1460/4208 1385/1432/4208
f 303/1459/4209 1373/1461/4209 2691/1460/4209
f 302/1391/4210 1385/1432/4210 2691/1460/4210
f 303/1408/4211 1387/1407/4211 2692/1462/4211
f 1367/1464/4212 2692/1462/4212 1387/1407/4212
f 302/1465/4213 1373/1463/4213 2692/1462/4213
f 1384/1369/4214 2693/1466/4214 1225/1002/4214
f 304/1371/4215 1372/1467/4215 2693/1466/4215
f 1225/1002/4216 2693/1466/4216 1372/1467/4216
f 292/1003/4217 1372/1467/4217 2694/1468/4217
f 1394/1470/4218 2694/1468/4218 1372/1467/4218
f 233/1471/4219 1360/1469/4219 2694/1468/4219
f 307/1472/1162 1391/1476/1162 2695/1473/1162
f 308/1475/1162 1358/1477/1162 2695/1473/1162
f 1389/1474/1162 2695/1473/1162 1358/1477/1162
f 1368/1385/4220 2696/1480/4220 1228/1016/4220
f 1368/1385/4221 305/1383/4221 1370/1479/4221
f 2696/1480/4222 1370/1479/4222 307/1472/4222
f 2696/1480/4223 1389/1474/4223 236/1478/4223
f 1370/1479/4224 2697/1482/4224 1362/1481/4224
f 305/1383/4225 1393/1484/4225 2697/1482/4225
f 295/1483/4226 1362/1481/4226 2697/1482/4226
f 795/1485/4227 2698/1488/4227 1402/1092/4227
f 1396/1486/4228 2698/1488/4228 795/1485/4228
f 243/1091/4229 1402/1092/4229 2698/1488/4229
f 800/1489/4230 2699/1491/4230 976/1107/4230
f 6/1490/4231 1254/1492/4231 2699/1491/4231
f 244/1103/4232 976/1107/4232 2699/1491/4232
f 1254/1492/4233 2700/1493/4233 1403/1098/4233
f 6/1490/4234 1398/1494/4234 2700/1493/4234
f 1403/1098/4235 2700/1493/4235 1398/1494/4235
f 243/1091/4236 1396/1486/4236 2701/1495/4236
f 3/1487/4237 861/1496/4237 2701/1495/4237
f 1400/1084/4238 2701/1495/4238 861/1496/4238
f 321/1497/4239 1417/1500/4239 2702/1498/4239
f 1417/1500/4240 314/2740/4240 1406/1501/4240
f 2702/1498/4241 1406/1501/4241 312/1502/4241
f 1418/1499/4242 2702/1498/4242 1407/1503/4242
f 313/1505/4243 1419/1508/4243 2703/1506/4243
f 1419/1508/4244 321/1497/4244 1418/1499/4244
f 2703/1506/4245 1418/1499/4245 315/1504/4245
f 2703/1506/4246 1408/1509/4246 311/1510/4246
f 311/1510/4247 1408/1509/4247 2704/1511/4247
f 1408/1509/4248 315/1504/4248 1420/1513/4248
f 1420/1513/4249 329/1519/4249 1423/1514/4249
f 1410/1512/4250 2704/1511/4250 1423/1514/4250
f 315/1504/4251 1407/1503/4251 2705/1516/4251
f 312/1502/4252 1411/1517/4252 2705/1516/4252
f 1411/1517/4253 317/1521/4253 1421/1518/4253
f 1420/1513/4254 2705/1516/4254 1421/1518/4254
f 1421/1518/4255 2706/1522/4255 1422/1520/4255
f 317/1521/4256 1412/1556/4256 2706/1522/4256
f 2706/1522/4257 1412/1556/4257 310/1523/4257
f 1422/1520/4258 2706/1522/4258 1413/1524/4258
f 336/1526/4259 1464/1530/4259 2707/1527/4259
f 335/1529/4260 1445/2761/4260 2707/1527/4260
f 2707/1527/4261 1445/2761/4261 332/1531/4261
f 1451/1528/4262 2707/1527/4262 1443/1532/4262
f 1414/1534/4263 2708/1538/4263 1415/1535/4263
f 1414/1534/4264 328/1525/4264 1424/1537/4264
f 2708/1538/4265 1424/1537/4265 323/1539/4265
f 2708/1538/4266 1426/1540/4266 319/1541/4266
f 1413/1524/4267 2709/1542/4267 1424/1537/4267
f 310/1523/4268 1416/1543/4268 2709/1542/4268
f 1416/1543/4269 320/3162/4269 1425/1544/4269
f 2709/1542/4270 1425/1544/4270 323/1539/4270
f 1405/1507/4271 2710/1546/4271 1427/1545/4271
f 311/1510/4272 1410/1512/4272 2710/1546/4272
f 1410/1512/4273 327/1515/4273 1428/1547/4273
f 2710/1546/4274 1428/1547/4274 324/1548/4274
f 324/1548/4275 1428/1547/4275 2711/1549/4275
f 1428/1547/4276 327/1515/4276 1409/1551/4276
f 2711/1549/4277 1409/1551/4277 326/1536/4277
f 1429/1550/4278 2711/1549/4278 1415/1535/4278
f 312/1502/4279 1406/1501/4279 2712/1552/4279
f 1406/1501/4280 314/2740/4280 1430/1553/4280
f 2712/1552/4281 1430/1553/4281 325/1554/4281
f 1411/1517/4282 2712/1552/4282 1432/1555/4282
f 1432/1555/4283 2713/1557/4283 1412/1556/4283
f 325/1554/4284 1431/1558/4284 2713/1557/4284
f 1431/1558/4285 320/3162/4285 1416/1543/4285
f 2713/1557/4286 1416/1543/4286 310/1523/4286
f 1433/1559/4287 2714/1563/4287 1437/1560/4287
f 309/1562/4288 1438/1564/4288 2714/1563/4288
f 1438/1564/4289 326/1536/4289 1409/1551/4289
f 2714/1563/4290 1409/1551/4290 327/1515/4290
f 1434/1565/4291 2715/1567/4291 1438/1564/4291
f 1434/1565/4292 318/1568/4292 1439/1566/4292
f 2715/1567/4293 1439/1566/4293 328/1525/4293
f 2715/1567/4294 1414/1534/4294 326/1536/4294
f 318/1568/4295 1435/1570/4295 2716/1569/4295
f 1435/1570/4296 322/1572/4296 1440/1571/4296
f 2716/1569/4297 1440/1571/4297 329/1519/4297
f 1439/1566/4298 2716/1569/4298 1422/1520/4298
f 322/1572/4299 1436/1574/4299 2717/1573/4299
f 316/1561/4300 1437/1560/4300 2717/1573/4300
f 1437/1560/4301 327/1515/4301 1423/1514/4301
f 1440/1571/4302 2717/1573/4302 1423/1514/4302
f 1444/1575/4303 2718/1578/4303 1441/1576/4303
f 333/1533/4304 1443/1579/4304 2718/1578/4304
f 1443/1579/4305 332/3163/4305 1442/1580/4305
f 2718/1578/4306 1442/1580/4306 330/1581/4306
f 340/1582/4307 1462/1586/4307 2719/1583/4307
f 339/1585/4308 1447/1590/4308 2719/1583/4308
f 2719/1583/4309 1447/1590/4309 331/1577/4309
f 1455/1584/4310 2719/1583/4310 1441/1587/4310
f 1460/1589/4311 2720/1591/4311 1447/1590/4311
f 1460/1589/4312 336/1526/4312 1451/1528/4312
f 2720/1591/4313 1451/1528/4313 333/1533/4313
f 2720/1591/4314 1444/1575/4314 331/1577/4314
f 1458/1592/4315 2721/1595/4315 1445/1593/4315
f 1458/1592/4316 340/1582/4316 1455/1584/4316
f 2721/1595/4317 1455/1584/4317 330/1588/4317
f 2721/1595/4318 1442/1596/4318 332/1597/4318
f 318/1598/4319 1434/1602/4319 2722/1599/4319
f 309/1601/4320 1448/1603/4320 2722/1599/4320
f 1448/1603/4321 341/1607/4321 1457/1604/4321
f 1449/1600/4322 2722/1599/4322 1457/1604/4322
f 1457/1604/4323 2723/1608/4323 1450/1606/4323
f 341/1607/4324 1456/1623/4324 2723/1608/4324
f 2723/1608/4325 1456/1623/4325 340/1582/4325
f 2723/1608/4326 1458/1592/4326 335/1594/4326
f 316/1609/4327 1436/1612/4327 2724/1610/4327
f 1436/1612/4328 322/1625/4328 1446/1613/4328
f 2724/1610/4329 1446/1613/4329 337/1614/4329
f 1453/1611/4330 2724/1610/4330 1459/1615/4330
f 1459/1615/4331 2725/1619/4331 1454/1617/4331
f 1459/1615/4332 337/1614/4332 1452/1618/4332
f 2725/1619/4333 1452/1618/4333 336/1526/4333
f 2725/1619/4334 1460/1589/4334 339/1585/4334
f 1433/1620/4335 2726/1621/4335 1448/1603/4335
f 316/1609/4336 1453/1611/4336 2726/1621/4336
f 1453/1611/4337 338/1616/4337 1461/1622/4337
f 2726/1621/4338 1461/1622/4338 341/1607/4338
f 1461/1622/4339 2727/1624/4339 1456/1623/4339
f 338/1616/4340 1454/1617/4340 2727/1624/4340
f 1454/1617/4341 339/1585/4341 1462/1586/4341
f 1456/1623/4342 2727/1624/4342 1462/1586/4342
f 322/1625/4343 1435/1627/4343 2728/1626/4343
f 1435/1627/4344 318/2812/4344 1449/1628/4344
f 2728/1626/4345 1449/1628/4345 334/1629/4345
f 1446/1613/4346 2728/1626/4346 1463/1630/4346
f 337/1614/4347 1463/1630/4347 2729/1631/4347
f 1463/1630/4348 334/1629/4348 1450/1632/4348
f 1450/1632/4349 335/1529/4349 1464/1530/4349
f 1452/1618/4350 2729/1631/4350 1464/1530/4350
f 342/1633/4351 1466/1636/4351 2730/1634/4351
f 1466/1636/4352 351/1683/4352 1467/1637/4352
f 2730/1634/4353 1467/1637/4353 352/1638/4353
f 1465/1635/4354 2730/1634/4354 1468/1639/4354
f 343/1640/4355 1468/1639/4355 2731/1641/4355
f 1468/1639/4356 352/1638/4356 1470/1643/4356
f 2731/1641/4357 1470/1643/4357 353/1644/4357
f 1469/1642/4358 2731/1641/4358 1471/1645/4358
f 344/1646/4359 1471/1645/4359 2732/1647/4359
f 1471/1645/4360 353/1644/4360 1473/1649/4360
f 2732/1647/4361 1473/1649/4361 354/1650/4361
f 1472/1648/4362 2732/1647/4362 1474/1651/4362
f 345/1652/4363 1474/1651/4363 2733/1653/4363
f 1474/1651/4364 354/1650/4364 1476/1655/4364
f 2733/1653/4365 1476/1655/4365 355/1656/4365
f 1475/1654/4366 2733/1653/4366 1477/1657/4366
f 1478/1659/4367 2734/1663/4367 1479/1660/4367
f 356/1662/4368 1480/1664/4368 2734/1663/4368
f 1480/1664/4369 357/1668/4369 1481/1665/4369
f 2734/1663/4370 1481/1665/4370 348/1666/4370
f 1481/1665/4371 2735/1669/4371 1482/1667/4371
f 357/1668/4372 1483/1670/4372 2735/1669/4372
f 1483/1670/4373 358/1674/4373 1484/1671/4373
f 2735/1669/4374 1484/1671/4374 349/1672/4374
f 1484/1671/4375 2736/1675/4375 1485/1673/4375
f 358/1674/4376 1486/1676/4376 2736/1675/4376
f 1486/1676/4377 359/1680/4377 1487/1677/4377
f 2736/1675/4378 1487/1677/4378 350/1678/4378
f 1487/1677/4379 2737/1681/4379 1488/1679/4379
f 359/1680/4380 1489/1682/4380 2737/1681/4380
f 1489/1682/4381 351/1683/4381 1466/1636/4381
f 2737/1681/4382 1466/1636/4382 342/1633/4382
f 351/1683/4383 1490/1685/4383 2738/1684/4383
f 1490/1685/4384 360/1718/4384 1491/1686/4384
f 2738/1684/4385 1491/1686/4385 361/1687/4385
f 1467/1637/4386 2738/1684/4386 1492/1688/4386
f 352/1638/4387 1492/1688/4387 2739/1689/4387
f 1492/1688/4388 361/1687/4388 1493/1690/4388
f 2739/1689/4389 1493/1690/4389 362/1691/4389
f 1470/1643/4390 2739/1689/4390 1494/1692/4390
f 353/1644/4391 1494/1692/4391 2740/1693/4391
f 1494/1692/4392 362/1691/4392 1495/1694/4392
f 2740/1693/4393 1495/1694/4393 363/1695/4393
f 1473/1649/4394 2740/1693/4394 1496/1696/4394
f 354/1650/4395 1496/1696/4395 2741/1697/4395
f 1496/1696/4396 363/1695/4396 1497/1698/4396
f 2741/1697/4397 1497/1698/4397 364/1699/4397
f 1476/1655/4398 2741/1697/4398 1498/1700/4398
f 1499/1701/4399 2742/1703/4399 1480/1664/4399
f 365/1702/4400 1500/1704/4400 2742/1703/4400
f 1500/1704/4401 366/1706/4401 1501/1705/4401
f 2742/1703/4402 1501/1705/4402 357/1668/4402
f 1501/1705/4403 2743/1707/4403 1483/1670/4403
f 366/1706/4404 1502/1708/4404 2743/1707/4404
f 1502/1708/4405 367/1710/4405 1503/1709/4405
f 2743/1707/4406 1503/1709/4406 358/1674/4406
f 1503/1709/4407 2744/1711/4407 1486/1676/4407
f 367/1710/4408 1504/1712/4408 2744/1711/4408
f 1504/1712/4409 368/1714/4409 1505/1713/4409
f 2744/1711/4410 1505/1713/4410 359/1680/4410
f 1505/1713/4411 2745/1715/4411 1489/1682/4411
f 368/1714/4412 1506/1716/4412 2745/1715/4412
f 1506/1716/4413 360/1718/4413 1490/1685/4413
f 2745/1715/4414 1490/1685/4414 351/1683/4414
f 1507/1717/4415 2746/1720/4415 1491/1686/4415
f 369/1719/4416 1508/1721/4416 2746/1720/4416
f 1508/1721/4417 370/1723/4417 1509/1722/4417
f 2746/1720/4418 1509/1722/4418 361/1687/4418
f 1509/1722/4419 2747/1724/4419 1493/1690/4419
f 370/1723/4420 1510/1725/4420 2747/1724/4420
f 1510/1725/4421 371/1727/4421 1511/1726/4421
f 2747/1724/4422 1511/1726/4422 362/1691/4422
f 1511/1726/4423 2748/1728/4423 1495/1694/4423
f 371/1727/4424 1512/1729/4424 2748/1728/4424
f 1512/1729/4425 372/2873/4425 1513/1730/4425
f 1495/1694/4426 2748/1728/4426 1513/1730/4426
f 363/1695/4427 1513/1730/4427 2749/1731/4427
f 1513/1730/4428 372/2873/4428 1514/1732/4428
f 2749/1731/4429 1514/1732/4429 373/1733/4429
f 1497/1698/4430 2749/1731/4430 1515/1734/4430
f 1516/1735/4431 2750/1737/4431 1500/1704/4431
f 374/1736/4432 1517/1738/4432 2750/1737/4432
f 1517/1738/4433 375/2877/4433 1518/1739/4433
f 2750/1737/4434 1518/1739/4434 366/1706/4434
f 1518/1739/4435 2751/1741/4435 1502/1708/4435
f 1518/1739/4436 375/2877/4436 1519/1740/4436
f 2751/1741/4437 1519/1740/4437 376/1742/4437
f 1502/1708/4438 2751/1741/4438 1520/1743/4438
f 367/1710/4439 1520/1743/4439 2752/1744/4439
f 1520/1743/4440 376/1742/4440 1521/1745/4440
f 2752/1744/4441 1521/1745/4441 377/1746/4441
f 1504/1712/4442 2752/1744/4442 1522/1747/4442
f 368/1714/4443 1522/1747/4443 2753/1748/4443
f 1522/1747/4444 377/1746/4444 1523/1749/4444
f 2753/1748/4445 1523/1749/4445 369/1719/4445
f 1506/1716/4446 2753/1748/4446 1507/1717/4446
f 378/1750/4447 1532/1753/4447 2754/1751/4447
f 1532/1753/4448 387/1799/4448 1533/1754/4448
f 2754/1751/4449 1533/1754/4449 388/1755/4449
f 1524/1752/4450 2754/1751/4450 1534/1756/4450
f 379/1757/4451 1534/1756/4451 2755/1758/4451
f 1534/1756/4452 388/1755/4452 1535/1760/4452
f 2755/1758/4453 1535/1760/4453 389/1761/4453
f 1525/1759/4454 2755/1758/4454 1536/1762/4454
f 380/1763/4455 1536/1762/4455 2756/1764/4455
f 1536/1762/4456 389/1761/4456 1537/1766/4456
f 1537/1766/4457 390/1770/4457 1538/1767/4457
f 1526/1765/4458 2756/1764/4458 1538/1767/4458
f 1538/1767/4459 2757/1771/4459 1527/1769/4459
f 390/1770/4460 1539/1772/4460 2757/1771/4460
f 1539/1772/4461 391/1816/4461 1540/1773/4461
f 2757/1771/4462 1540/1773/4462 382/1774/4462
f 383/1775/4463 1541/1778/4463 2758/1776/4463
f 1541/1778/4464 392/1817/4464 1542/1779/4464
f 2758/1776/4465 1542/1779/4465 393/1780/4465
f 1528/1777/4466 2758/1776/4466 1543/1781/4466
f 1543/1781/4467 2759/1785/4467 1529/1783/4467
f 1543/1781/4468 393/1780/4468 1544/1784/4468
f 1544/1784/4469 394/1789/4469 1545/1786/4469
f 2759/1785/4470 1545/1786/4470 385/1787/4470
f 1545/1786/4471 2760/1790/4471 1530/1788/4471
f 394/1789/4472 1546/1791/4472 2760/1790/4472
f 1546/1791/4473 395/1795/4473 1547/1792/4473
f 2760/1790/4474 1547/1792/4474 386/1793/4474
f 1547/1792/4475 2761/1796/4475 1531/1794/4475
f 395/1795/4476 1548/1797/4476 2761/1796/4476
f 1548/1797/4477 387/1799/4477 1532/1753/4477
f 2761/1796/4478 1532/1753/4478 378/1750/4478
f 1549/1798/4479 2762/1801/4479 1533/1754/4479
f 396/1800/4480 1550/1802/4480 2762/1801/4480
f 1550/1802/4481 397/1804/4481 1551/1803/4481
f 2762/1801/4482 1551/1803/4482 388/1755/4482
f 1551/1803/4483 2763/1805/4483 1535/1760/4483
f 397/1804/4484 1552/1806/4484 2763/1805/4484
f 1552/1806/4485 398/1808/4485 1553/1807/4485
f 2763/1805/4486 1553/1807/4486 389/1761/4486
f 1553/1807/4487 2764/1809/4487 1537/1766/4487
f 398/1808/4488 1554/1810/4488 2764/1809/4488
f 1554/1810/4489 399/1812/4489 1555/1811/4489
f 2764/1809/4490 1555/1811/4490 390/1770/4490
f 1555/1811/4491 2765/1813/4491 1539/1772/4491
f 399/1812/4492 1556/1814/4492 2765/1813/4492
f 1556/1814/4493 400/1842/4493 1557/1815/4493
f 2765/1813/4494 1557/1815/4494 391/1816/4494
f 392/1817/4495 1558/1819/4495 2766/1818/4495
f 1558/1819/4496 401/1843/4496 1559/1820/4496
f 2766/1818/4497 1559/1820/4497 402/1821/4497
f 1542/1779/4498 2766/1818/4498 1560/1822/4498
f 393/1780/4499 1560/1822/4499 2767/1823/4499
f 1560/1822/4500 402/1821/4500 1561/1824/4500
f 2767/1823/4501 1561/1824/4501 403/1825/4501
f 1544/1784/4502 2767/1823/4502 1562/1826/4502
f 394/1789/4503 1562/1826/4503 2768/1827/4503
f 1562/1826/4504 403/1825/4504 1563/1828/4504
f 2768/1827/4505 1563/1828/4505 404/1829/4505
f 1546/1791/4506 2768/1827/4506 1564/1830/4506
f 395/1795/4507 1564/1830/4507 2769/1831/4507
f 1564/1830/4508 404/1829/4508 1565/1832/4508
f 2769/1831/4509 1565/1832/4509 396/1800/4509
f 1548/1797/4510 2769/1831/4510 1549/1798/4510
f 1566/1833/4511 2770/1834/4511 1550/1802/4511
f 342/1633/4512 1465/1635/4512 2770/1834/4512
f 1465/1635/4513 343/1640/4513 1567/1835/4513
f 2770/1834/4514 1567/1835/4514 397/1804/4514
f 1567/1835/4515 2771/1836/4515 1552/1806/4515
f 343/1640/4516 1469/1642/4516 2771/1836/4516
f 1469/1642/4517 344/1646/4517 1568/1837/4517
f 2771/1836/4518 1568/1837/4518 398/1808/4518
f 1568/1837/4519 2772/1838/4519 1554/1810/4519
f 344/1646/4520 1472/1648/4520 2772/1838/4520
f 1472/1648/4521 345/1652/4521 1569/1839/4521
f 2772/1838/4522 1569/1839/4522 399/1812/4522
f 1569/1839/4523 2773/1840/4523 1556/1814/4523
f 345/1652/4524 1475/1654/4524 2773/1840/4524
f 1475/1654/4525 346/1658/4525 1570/1841/4525
f 2773/1840/4526 1570/1841/4526 400/1842/4526
f 401/1843/4527 1571/1845/4527 2774/1844/4527
f 1571/1845/4528 347/1661/4528 1479/1660/4528
f 2774/1844/4529 1479/1660/4529 348/1666/4529
f 1559/1820/4530 2774/1844/4530 1572/1846/4530
f 402/1821/4531 1572/1846/4531 2775/1847/4531
f 1572/1846/4532 348/1666/4532 1482/1667/4532
f 2775/1847/4533 1482/1667/4533 349/1672/4533
f 1561/1824/4534 2775/1847/4534 1573/1848/4534
f 403/1825/4535 1573/1848/4535 2776/1849/4535
f 1573/1848/4536 349/1672/4536 1485/1673/4536
f 2776/1849/4537 1485/1673/4537 350/1678/4537
f 1563/1828/4538 2776/1849/4538 1574/1850/4538
f 404/1829/4539 1574/1850/4539 2777/1851/4539
f 1574/1850/4540 350/1678/4540 1488/1679/4540
f 2777/1851/4541 1488/1679/4541 342/1633/4541
f 1565/1832/4542 2777/1851/4542 1566/1833/4542
f 405/1852/4543 1390/1855/4543 2778/1853/4543
f 1390/1855/4544 308/1475/4544 1391/1476/4544
f 2778/1853/4545 1391/1476/4545 307/1472/4545
f 1575/1854/4546 2778/1853/4546 1362/1481/4546
f 406/1856/4547 1577/1859/4547 2779/1857/4547
f 1359/1368/4548 2779/1857/4548 1577/1859/4548
f 234/1372/4549 1576/1858/4549 2779/1857/4549
f 406/1856/4550 1585/1862/4550 2780/1860/4550
f 1227/1861/4551 2780/1860/4551 1585/1862/4551
f 294/1366/4552 1577/1859/4552 2780/1860/4552
f 1579/187/4553 2781/1865/4553 1580/1864/4553
f 407/189/4554 1578/1866/4554 2781/1865/4554
f 1580/1864/4555 2781/1865/4555 1578/1866/4555
f 1580/1868/4556 2782/1870/4556 857/158/4556
f 408/1869/4557 873/1871/4557 2782/1870/4557
f 46/159/4558 857/158/4558 2782/1870/4558
f 14/126/4559 1583/1874/4559 2783/1872/4559
f 1584/1873/4560 2783/1872/4560 1583/1874/4560
f 13/130/4561 808/124/4561 2783/1872/4561
f 1584/1873/4562 2784/1877/4562 856/1876/4562
f 409/1875/4563 1581/1879/4563 2784/1877/4563
f 407/1878/4564 856/1876/4564 2784/1877/4564
f 1649/1880/4565 2785/5/4565 875/1/4565
f 415/1881/4566 1593/1882/4566 2785/5/4566
f 1593/1882/4567 411/10/4567 1650/6/4567
f 2785/5/4568 1650/6/4568 40/4/4568
f 1643/1883/4569 2786/11/4569 1593/1882/4569
f 421/14/4570 1599/1884/4570 2786/11/4570
f 1599/1884/4571 412/451/4571 1588/12/4571
f 2786/11/4572 1588/12/4572 411/10/4572
f 432/15/4573 1627/1886/4573 2787/16/4573
f 1627/1886/4574 438/1908/4574 1614/1887/4574
f 2787/16/4575 1614/1887/4575 414/20/4575
f 2159/1885/4576 2787/16/4576 2160/19/4576
f 1591/24/4577 2788/1889/4577 1590/1888/4577
f 7/29/4578 801/28/4578 2788/1889/4578
f 801/28/4579 39/36/4579 1620/1890/4579
f 1590/1888/4580 2788/1889/4580 1620/1890/4580
f 1620/1890/4581 2789/1891/4581 1619/30/4581
f 39/36/4582 830/35/4582 2789/1891/4582
f 830/35/4583 38/185/4583 1621/1892/4583
f 2789/1891/4584 1621/1892/4584 442/32/4584
f 1622/1893/4585 2790/1894/4585 1613/37/4585
f 443/43/4586 1619/42/4586 2790/1894/4586
f 2790/1894/4587 1619/42/4587 442/32/4587
f 1613/37/4588 2790/1894/4588 1623/40/4588
f 436/44/4589 1623/40/4589 2791/1895/4589
f 1623/40/4590 442/32/4590 1618/1897/4590
f 2791/1895/4591 1618/1897/4591 441/1898/4591
f 1612/1896/4592 2791/1895/4592 1624/1899/4592
f 435/50/4593 1624/1899/4593 2792/1900/4593
f 441/1898/4594 1617/55/4594 2792/1900/4594
f 1617/55/4595 440/1955/4595 1625/1902/4595
f 2792/1900/4596 1625/1902/4596 434/52/4596
f 434/52/4597 1625/1902/4597 2793/1903/4597
f 1625/1902/4598 440/1955/4598 1616/1904/4598
f 2793/1903/4599 1616/1904/4599 439/59/4599
f 1610/57/4600 2793/1903/4600 1626/58/4600
f 1626/63/4601 2794/65/4601 1609/1906/4601
f 1626/63/4602 439/59/4602 1615/1907/4602
f 2794/65/4603 1615/1907/4603 438/1908/4603
f 1609/1906/4604 2794/65/4604 1627/1886/4604
f 431/67/4605 1628/1910/4605 2795/1909/4605
f 1628/1910/4606 437/73/4606 1613/72/4606
f 2795/1909/4607 1613/72/4607 436/44/4607
f 1608/70/4608 2795/1909/4608 1629/1911/4608
f 430/74/4609 1629/1911/4609 2796/75/4609
f 1629/1911/4610 436/44/4610 1612/1896/4610
f 2796/75/4611 1612/1896/4611 435/50/4611
f 1607/76/4612 2796/75/4612 1630/77/4612
f 429/78/4613 1630/77/4613 2797/1912/4613
f 1630/77/4614 435/50/4614 1611/1901/4614
f 1611/1901/4615 434/52/4615 1631/1913/4615
f 1606/80/4616 2797/1912/4616 1631/1913/4616
f 428/82/4617 1631/1913/4617 2798/1914/4617
f 1631/1913/4618 434/52/4618 1610/87/4618
f 2798/1914/4619 1610/87/4619 433/86/4619
f 1605/84/4620 2798/1914/4620 1632/1915/4620
f 1632/1915/4621 2799/1917/4621 1756/88/4621
f 1764/1916/4622 2799/1917/4622 1632/1915/4622
f 492/90/4623 1756/88/4623 2799/1917/4623
f 1633/1918/4624 2800/1921/4624 1604/1919/4624
f 431/100/4625 1608/99/4625 2800/1921/4625
f 1608/99/4626 430/106/4626 1634/1922/4626
f 2800/1921/4627 1634/1922/4627 425/96/4627
f 1634/1922/4628 2801/1924/4628 1603/1923/4628
f 430/106/4629 1607/105/4629 2801/1924/4629
f 2801/1924/4630 1607/105/4630 429/104/4630
f 1603/1923/4631 2801/1924/4631 1635/1925/4631
f 424/107/4632 1635/1925/4632 2802/1926/4632
f 1635/1925/4633 429/104/4633 1606/112/4633
f 2802/1926/4634 1606/112/4634 428/111/4634
f 1602/1927/4635 2802/1926/4635 1636/1928/4635
f 423/1929/4636 1636/1928/4636 2803/1930/4636
f 1636/1928/4637 428/111/4637 1605/117/4637
f 1605/117/4638 427/123/4638 1637/1932/4638
f 1601/1931/4639 2803/1930/4639 1637/1932/4639
f 1637/1932/4640 2804/1934/4640 1763/118/4640
f 1759/122/4641 2804/1934/4641 1637/1932/4641
f 493/120/4642 1763/118/4642 2804/1934/4642
f 1638/125/4643 2805/128/4643 1598/1935/4643
f 426/1920/4644 1604/1919/4644 2805/128/4644
f 1604/1919/4645 425/96/4645 1639/127/4645
f 1598/1935/4646 2805/128/4646 1639/127/4646
f 1639/127/4647 2806/1937/4647 1597/1936/4647
f 425/96/4648 1603/1923/4648 2806/1937/4648
f 2806/1937/4649 1603/1923/4649 424/107/4649
f 1597/1936/4650 2806/1937/4650 1640/1938/4650
f 1640/1938/4651 2807/1939/4651 1596/133/4651
f 1640/1938/4652 424/107/4652 1602/1927/4652
f 2807/1939/4653 1602/1927/4653 423/1929/4653
f 1596/133/4654 2807/1939/4654 1641/135/4654
f 417/137/4655 1641/135/4655 2808/1940/4655
f 1641/135/4656 423/1929/4656 1601/1931/4656
f 2808/1940/4657 1601/1931/4657 422/1933/4657
f 1595/1941/4658 2808/1940/4658 1642/1942/4658
f 416/141/4659 1642/1942/4659 2809/1943/4659
f 1642/1942/4660 422/1933/4660 1600/144/4660
f 1600/144/4661 421/14/4661 1643/1883/4661
f 2809/1943/4662 1643/1883/4662 415/1881/4662
f 1/145/4663 1586/1945/4663 2810/146/4663
f 1586/1945/4664 410/1972/4664 1587/1946/4664
f 2810/146/4665 1587/1946/4665 420/126/4665
f 802/148/4666 2810/146/4666 1644/1947/4666
f 8/153/4667 1644/1947/4667 2811/155/4667
f 2319/156/4668 2811/155/4668 1644/1947/4668
f 758/154/4669 2318/152/4669 2811/155/4669
f 1646/1948/4670 2812/1949/4670 868/157/4670
f 418/134/4671 1596/133/4671 2812/1949/4671
f 2812/1949/4672 1596/133/4672 417/137/4672
f 868/157/4673 2812/1949/4673 1647/1950/4673
f 1647/1950/4674 2813/1951/4674 867/162/4674
f 1647/1950/4675 417/137/4675 1595/1941/4675
f 1595/1941/4676 416/141/4676 1648/166/4676
f 2813/1951/4677 1648/166/4677 48/164/4677
f 1648/166/4678 2814/1952/4678 866/167/4678
f 416/141/4679 1594/1944/4679 2814/1952/4679
f 1594/1944/4680 415/1881/4680 1649/1880/4680
f 2814/1952/4681 1649/1880/4681 49/3/4681
f 439/59/4682 1653/170/4682 2815/1953/4682
f 1653/170/4683 44/174/4683 869/173/4683
f 2815/1953/4684 869/173/4684 45/172/4684
f 1615/1907/4685 2815/1953/4685 1654/1954/4685
f 440/1955/4686 1652/176/4686 2816/1956/4686
f 1652/176/4687 43/178/4687 870/177/4687
f 2816/1956/4688 870/177/4688 44/174/4688
f 1616/1904/4689 2816/1956/4689 1653/170/4689
f 1651/1957/4690 2817/180/4690 1617/55/4690
f 42/182/4691 871/181/4691 2817/180/4691
f 871/181/4692 43/178/4692 1652/176/4692
f 2817/180/4693 1652/176/4693 440/1955/4693
f 442/32/4694 1621/1892/4694 2818/1958/4694
f 1621/1892/4695 38/185/4695 872/184/4695
f 2818/1958/4696 872/184/4696 42/182/4696
f 1618/1897/4697 2818/1958/4697 1651/1957/4697
f 419/130/4698 1597/1936/4698 2819/1959/4698
f 418/134/4699 2315/1960/4699 2819/1959/4699
f 1645/188/4700 2819/1959/4700 2315/1960/4700
f 438/1908/4701 1654/1954/4701 2820/1961/4701
f 1654/1954/4702 45/172/4702 874/193/4702
f 2820/1961/4703 874/193/4703 41/192/4703
f 1614/1887/4704 2820/1961/4704 1592/191/4704
f 456/194/4705 1732/196/4705 2821/1962/4705
f 1732/196/4706 457/199/4706 1678/198/4706
f 2821/1962/4707 1678/198/4707 426/1920/4707
f 1739/1963/4708 2821/1962/4708 1638/125/4708
f 457/199/4709 1728/201/4709 2822/1964/4709
f 1728/201/4710 461/203/4710 1682/202/4710
f 2822/1964/4711 1682/202/4711 431/100/4711
f 1678/198/4712 2822/1964/4712 1633/1918/4712
f 461/204/4713 1724/206/4713 2823/205/4713
f 465/209/4714 1662/208/4714 2823/205/4714
f 1662/208/4715 437/73/4715 1628/1910/4715
f 1682/207/4716 2823/205/4716 1628/1910/4716
f 1720/211/4717 2824/1965/4717 1662/210/4717
f 469/215/4718 1740/214/4718 2824/1965/4718
f 1740/214/4719 443/43/4719 1622/1893/4719
f 2824/1965/4720 1622/1893/4720 437/39/4720
f 469/216/4721 1716/218/4721 2825/1966/4721
f 1716/218/4722 473/221/4722 1738/220/4722
f 2825/1966/4723 1738/220/4723 413/25/4723
f 1740/219/4724 2825/1966/4724 1590/1888/4724
f 473/222/4725 1712/224/4725 2826/1967/4725
f 1712/224/4726 477/229/4726 1693/228/4726
f 2826/1967/4727 1693/228/4727 451/227/4727
f 1738/225/4728 2826/1967/4728 1697/1968/4728
f 477/230/4729 1708/232/4729 2827/231/4729
f 481/237/4730 1669/1969/4730 2827/231/4730
f 1669/1969/4731 410/1972/4731 1686/1970/4731
f 2827/231/4732 1686/1970/4732 451/233/4732
f 1704/238/4733 2828/1971/4733 1669/1969/4733
f 1704/238/4734 456/194/4734 1739/1963/4734
f 1739/1963/4735 420/126/4735 1587/1946/4735
f 2828/1971/4736 1587/1946/4736 410/1972/4736
f 1742/241/4737 2829/1974/4737 1667/1973/4737
f 485/249/4738 1744/1975/4738 2829/1974/4738
f 486/247/4739 1670/1977/4739 2829/1974/4739
f 1701/1976/4740 2829/1974/4740 1670/1977/4740
f 1667/1973/4741 2829/1974/4741 1701/1976/4741
f 484/244/4742 1701/1976/4742 2830/251/4742
f 1701/1976/4743 453/1978/4743 1671/1979/4743
f 2830/251/4744 1671/1979/4744 454/1980/4744
f 1700/252/4745 2830/251/4745 1702/253/4745
f 483/1981/4746 1702/253/4746 2831/1982/4746
f 1702/253/4747 454/1980/4747 1672/1984/4747
f 2831/1982/4748 1672/1984/4748 455/1985/4748
f 1699/1983/4749 2831/1982/4749 1703/1986/4749
f 1703/1986/4750 2832/1990/4750 1698/1988/4750
f 1703/1986/4751 455/1985/4751 1673/1989/4751
f 2832/1990/4752 1673/1989/4752 456/266/4752
f 2832/1990/4753 1704/1991/4753 481/264/4753
f 1666/269/4754 2833/1992/4754 1665/268/4754
f 452/242/4755 1667/1973/4755 2833/1992/4755
f 1667/1973/4756 484/244/4756 1705/1993/4756
f 2833/1992/4757 1705/1993/4757 480/1994/4757
f 1705/1993/4758 2834/1996/4758 1696/1995/4758
f 1705/1993/4759 484/244/4759 1700/252/4759
f 2834/1996/4760 1700/252/4760 483/1981/4760
f 1696/1995/4761 2834/1996/4761 1706/275/4761
f 479/277/4762 1706/275/4762 2835/1997/4762
f 1706/275/4763 483/1981/4763 1699/1983/4763
f 2835/1997/4764 1699/1983/4764 482/1987/4764
f 2835/1997/4765 1707/282/4765 478/1999/4765
f 1707/282/4766 2836/284/4766 1694/2000/4766
f 482/1987/4767 1698/1988/4767 2836/284/4767
f 1698/1988/4768 481/264/4768 1708/283/4768
f 1694/2000/4769 2836/284/4769 1708/283/4769
f 449/285/4770 1664/287/4770 2837/286/4770
f 1664/287/4771 450/270/4771 1665/268/4771
f 2837/286/4772 1665/268/4772 480/1994/4772
f 1663/2001/4773 2837/286/4773 1709/2002/4773
f 476/290/4774 1709/2002/4774 2838/2003/4774
f 480/1994/4775 1696/1995/4775 2838/2003/4775
f 1696/1995/4776 479/277/4776 1710/2005/4776
f 2838/2003/4777 1710/2005/4777 475/292/4777
f 1710/2005/4778 2839/2007/4778 1691/2006/4778
f 479/277/4779 1695/1998/4779 2839/2007/4779
f 1695/1998/4780 478/1999/4780 1711/2008/4780
f 2839/2007/4781 1711/2008/4781 474/2009/4781
f 474/2009/4782 1711/2008/4782 2840/2010/4782
f 1711/2008/4783 478/1999/4783 1694/2000/4783
f 2840/2010/4784 1694/2000/4784 477/302/4784
f 1690/300/4785 2840/2010/4785 1712/301/4785
f 1661/304/4786 2841/2011/4786 1660/303/4786
f 1661/304/4787 449/285/4787 1663/2001/4787
f 2841/2011/4788 1663/2001/4788 476/290/4788
f 1660/303/4789 2841/2011/4789 1713/306/4789
f 1713/306/4790 2842/2014/4790 1689/2013/4790
f 476/290/4791 1692/2004/4791 2842/2014/4791
f 1692/2004/4792 475/292/4792 1714/2015/4792
f 2842/2014/4793 1714/2015/4793 471/2016/4793
f 1714/2015/4794 2843/2018/4794 1688/2017/4794
f 475/292/4795 1691/2006/4795 2843/2018/4795
f 1691/2006/4796 474/2009/4796 1715/2019/4796
f 2843/2018/4797 1715/2019/4797 470/2020/4797
f 1715/2019/4798 2844/2021/4798 1687/317/4798
f 1715/2019/4799 474/2009/4799 1690/300/4799
f 2844/2021/4800 1690/300/4800 473/320/4800
f 1687/317/4801 2844/2021/4801 1716/318/4801
f 1717/322/4802 2845/325/4802 1685/2023/4802
f 1717/322/4803 472/2012/4803 1689/2013/4803
f 2845/325/4804 1689/2013/4804 471/2016/4804
f 1685/2023/4805 2845/325/4805 1718/2025/4805
f 467/2026/4806 1718/2025/4806 2846/2027/4806
f 1718/2025/4807 471/2016/4807 1688/2017/4807
f 2846/2027/4808 1688/2017/4808 470/2020/4808
f 1684/2028/4809 2846/2027/4809 1719/2029/4809
f 466/330/4810 1719/2029/4810 2847/2030/4810
f 1719/2029/4811 470/2020/4811 1687/317/4811
f 1687/317/4812 469/2022/4812 1720/334/4812
f 2847/2030/4813 1720/334/4813 465/332/4813
f 1658/336/4814 2848/2031/4814 1657/335/4814
f 447/342/4815 1659/341/4815 2848/2031/4815
f 1659/341/4816 468/2024/4816 1721/2032/4816
f 2848/2031/4817 1721/2032/4817 464/338/4817
f 1721/2032/4818 2849/2033/4818 1681/343/4818
f 1721/2032/4819 468/2024/4819 1685/2023/4819
f 2849/2033/4820 1685/2023/4820 467/2026/4820
f 1681/343/4821 2849/2033/4821 1722/344/4821
f 463/346/4822 1722/344/4822 2850/347/4822
f 1722/344/4823 467/2026/4823 1684/2028/4823
f 2850/347/4824 1684/2028/4824 466/330/4824
f 1680/348/4825 2850/347/4825 1723/2034/4825
f 462/350/4826 1723/2034/4826 2851/2035/4826
f 1723/2034/4827 466/330/4827 1683/333/4827
f 1683/333/4828 465/332/4828 1724/353/4828
f 1679/352/4829 2851/2035/4829 1724/353/4829
f 445/354/4830 1656/356/4830 2852/2037/4830
f 1657/2039/4831 2852/2037/4831 1656/356/4831
f 1725/2040/4832 2852/2037/4832 1657/2039/4832
f 1749/2041/4833 2852/2037/4833 1725/2040/4833
f 488/357/4834 1655/2038/4834 2852/2037/4834
f 1725/2040/4835 2853/2044/4835 1677/2043/4835
f 464/363/4836 1681/369/4836 2853/2044/4836
f 1681/369/4837 463/375/4837 1726/368/4837
f 2853/2044/4838 1726/368/4838 459/366/4838
f 1726/368/4839 2854/2046/4839 1676/2045/4839
f 1726/368/4840 463/375/4840 1680/374/4840
f 1680/374/4841 462/381/4841 1727/2047/4841
f 2854/2046/4842 1727/2047/4842 458/2048/4842
f 1727/2047/4843 2855/378/4843 1675/2049/4843
f 462/381/4844 1679/380/4844 2855/378/4844
f 2855/378/4845 1679/380/4845 461/379/4845
f 1675/2049/4846 2855/378/4846 1728/377/4846
f 1729/2050/4847 2856/2051/4847 1671/1979/4847
f 1729/2050/4848 460/2042/4848 1677/2043/4848
f 1677/2043/4849 459/366/4849 1730/384/4849
f 2856/2051/4850 1730/384/4850 454/1980/4850
f 1730/384/4851 2857/2052/4851 1672/1984/4851
f 459/366/4852 1676/2045/4852 2857/2052/4852
f 1676/2045/4853 458/2048/4853 1731/2053/4853
f 2857/2052/4854 1731/2053/4854 455/1985/4854
f 455/1985/4855 1731/2053/4855 2858/2054/4855
f 458/2048/4856 1675/2049/4856 2858/2054/4856
f 2858/2054/4857 1675/2049/4857 457/389/4857
f 1673/1989/4858 2858/2054/4858 1732/388/4858
f 450/2055/4859 1664/2059/4859 2859/2056/4859
f 1733/2058/4860 2859/2056/4860 1664/2059/4860
f 1666/2057/4861 2859/2056/4861 1733/2058/4861
f 452/2061/4862 1733/2058/4862 2860/2062/4862
f 449/2060/4863 1661/3164/4863 2860/2062/4863
f 2860/2062/4864 1661/3164/4864 448/2064/4864
f 1742/2063/4865 2860/2062/4865 1737/2065/4865
f 445/354/4866 1655/2038/4866 2861/2067/4866
f 488/357/4867 1734/2068/4867 2861/2067/4867
f 1734/2068/4868 447/411/4868 1658/405/4868
f 2861/2067/4869 1658/405/4869 446/403/4869
f 1736/408/4870 2862/2069/4870 1751/407/4870
f 1736/408/4871 487/413/4871 1747/412/4871
f 2862/2069/4872 1747/412/4872 447/411/4872
f 2862/2069/4873 1734/2068/4873 488/357/4873
f 1736/408/4874 2863/2070/4874 1746/414/4874
f 1736/408/4875 489/409/4875 1745/418/4875
f 1745/418/4876 486/3154/4876 1735/417/4876
f 2863/2070/4877 1735/417/4877 448/415/4877
f 1686/1970/4878 2864/2071/4878 1674/419/4878
f 410/1972/4879 1586/1945/4879 2864/2071/4879
f 1586/1945/4880 1/145/4880 959/422/4880
f 2864/2071/4881 959/422/4881 91/420/4881
f 413/25/4882 1697/1968/4882 2865/2072/4882
f 1697/1968/4883 451/227/4883 1674/426/4883
f 2865/2072/4884 1674/426/4884 91/425/4884
f 1591/24/4885 2865/2072/4885 960/424/4885
f 1660/303/4886 2866/2073/4886 1746/427/4886
f 472/2012/4887 1748/2074/4887 2866/2073/4887
f 487/428/4888 1746/427/4888 2866/2073/4888
f 1668/431/4889 2867/434/4889 1744/1975/4889
f 444/433/4890 1743/432/4890 2867/434/4890
f 1744/1975/4891 2867/434/4891 1743/432/4891
f 1729/2050/4892 2868/3165/4892 1750/2075/4892
f 1752/2076/4893 2868/3165/4893 1729/2050/4893
f 1750/2075/4894 2868/3165/4894 1752/2076/4894
f 487/428/4895 1741/2078/4895 2869/2077/4895
f 468/2024/4896 1659/341/4896 2869/2077/4896
f 1747/440/4897 2869/2077/4897 1659/341/4897
f 1717/322/4898 2870/3166/4898 1748/2074/4898
f 1741/2078/4899 2870/3166/4899 1717/322/4899
f 1748/2074/4900 2870/3166/4900 1741/2078/4900
f 1749/2041/4901 2871/2079/4901 1751/441/4901
f 460/2042/4902 1750/2075/4902 2871/2079/4902
f 489/437/4903 1751/441/4903 2871/2079/4903
f 453/1978/4904 1670/1977/4904 2872/2080/4904
f 486/247/4905 1745/444/4905 2872/2080/4905
f 489/437/4906 1752/2076/4906 2872/2080/4906
f 490/445/4907 2161/2082/4907 2873/446/4907
f 1762/2081/4908 2873/446/4908 2161/2082/4908
f 1754/449/4909 2873/446/4909 1762/2081/4909
f 2159/1885/4910 2874/454/4910 1760/452/4910
f 412/451/4911 1589/2083/4911 2874/454/4911
f 494/453/4912 1760/452/4912 2874/454/4912
f 412/451/4913 2161/2082/4913 2875/2084/4913
f 490/445/4914 1761/457/4914 2875/2084/4914
f 1589/2083/4915 2875/2084/4915 1761/457/4915
f 1599/1884/4916 2876/2085/4916 1762/2081/4916
f 1755/459/4917 2876/2085/4917 1599/1884/4917
f 491/450/4918 1762/2081/4918 2876/2085/4918
f 493/120/4919 1758/461/4919 2877/2086/4919
f 1600/144/4920 2877/2086/4920 1758/461/4920
f 422/1933/4921 1763/118/4921 2877/2086/4921
f 433/64/4922 1609/1906/4922 2878/2087/4922
f 1757/465/4923 2878/2087/4923 1609/1906/4923
f 492/463/4924 1764/464/4924 2878/2087/4924
f 1806/2088/4925 2879/2092/4925 1868/2089/4925
f 1806/2088/1869 499/2127/1869 1866/2091/1869
f 2879/2092/1870 1866/2091/1870 536/2093/1870
f 2879/2092/1871 1864/2094/1871 550/2095/1871
f 1831/2096/1872 2880/2100/1872 1869/2097/1872
f 1831/2096/4926 510/2105/4926 1870/2099/4926
f 2880/2100/1874 1870/2099/1874 542/2101/1874
f 2880/2100/1875 1850/2102/1875 540/2103/1875
f 1826/2104/4927 2881/2107/4927 1870/2099/4927
f 1826/2104/1877 515/2111/1877 1871/2106/1877
f 2881/2107/1878 1871/2106/1878 544/2108/1878
f 2881/2107/1879 1853/2109/1879 542/2101/1879
f 1821/2110/1880 2882/2113/1880 1871/2106/1880
f 1821/2110/1881 520/2117/1881 1872/2112/1881
f 2882/2113/1882 1872/2112/1882 546/2114/1882
f 2882/2113/1883 1856/2115/1883 544/2108/1883
f 1816/2116/4928 2883/2119/4928 1872/2112/4928
f 1816/2116/1885 525/2123/1885 1873/2118/1885
f 2883/2119/1886 1873/2118/1886 548/2120/1886
f 2883/2119/1887 1859/2121/1887 546/2114/1887
f 1811/2122/1888 2884/2124/1888 1873/2118/1888
f 1811/2122/1889 530/2090/1889 1868/2089/1889
f 2884/2124/4929 1868/2089/4929 550/2095/4929
f 2884/2124/4930 1862/2125/4930 548/2120/4930
f 1841/2126/1892 2885/2129/1892 1866/2091/1892
f 1841/2126/1893 500/2133/1893 1867/2128/1893
f 2885/2129/1894 1867/2128/1894 538/2130/1894
f 2885/2129/1895 1843/2131/1895 536/2093/1895
f 1836/2132/1896 2886/2135/1896 1867/2128/1896
f 1836/2132/1897 505/2295/1897 1869/2134/1897
f 2886/2135/1898 1869/2134/1898 540/2136/1898
f 2886/2135/1899 1847/2137/1899 538/2130/1899
f 1755/510/4931 2887/2138/4931 1758/509/4931
f 491/524/4932 1754/525/4932 2887/2138/4932
f 490/522/4933 1761/523/4933 2887/2138/4933
f 494/520/4934 1760/521/4934 2887/2138/4934
f 432/518/4935 1757/519/4935 2887/2138/4935
f 492/517/4936 1756/514/4936 2887/2138/4936
f 1759/515/4937 2887/2138/4937 1756/514/4937
f 493/512/4938 1758/509/4938 2887/2138/4938
f 491/2139/4939 1755/2142/4939 2888/2140/4939
f 1755/2142/4940 421/2297/4940 1767/2143/4940
f 2888/2140/4941 1767/2143/4941 495/2144/4941
f 1766/2141/4942 2888/2140/4942 1802/2145/4942
f 534/2146/4943 1802/2145/4943 2889/2147/4943
f 1802/2145/4944 495/2144/4944 1770/2149/4944
f 1770/2149/4945 496/2302/4945 1803/2150/4945
f 1801/2148/4946 2889/2147/4946 1803/2150/4946
f 1803/2150/409 2890/2154/409 1800/2152/409
f 1803/2150/410 496/2302/410 1771/2153/410
f 2890/2154/410 1771/2153/410 497/2155/410
f 1800/2152/409 2890/2154/409 1804/2156/409
f 1804/2156/1916 2891/2160/1916 1799/2158/1916
f 1804/2156/1917 497/2155/1917 1772/2159/1917
f 2891/2160/4947 1772/2159/4947 498/2161/4947
f 2891/2160/4948 1805/2162/4948 531/2163/4948
f 1805/2162/1920 2892/2166/1920 1798/2164/1920
f 1805/2162/1921 498/2161/1921 1773/2165/1921
f 2892/2166/1922 1773/2165/1922 499/2127/1922
f 2892/2166/1923 1806/2088/1923 530/2090/1923
f 490/2167/4949 1754/2170/4949 2893/2168/4949
f 1754/2170/4950 491/2139/4950 1766/2141/4950
f 2893/2168/4951 1766/2141/4951 534/2146/4951
f 1974/2169/4952 2893/2168/4952 1807/2171/4952
f 529/2172/4953 1807/2171/4953 2894/2173/4953
f 1807/2171/4954 534/2146/4954 1801/2148/4954
f 2894/2173/4955 1801/2148/4955 533/2151/4955
f 1797/2174/4956 2894/2173/4956 1808/2175/4956
f 1808/2175/427 2895/2178/427 1796/2177/427
f 533/2151/428 1800/2152/428 2895/2178/428
f 2895/2178/428 1800/2152/428 532/2157/428
f 2895/2178/427 1809/2179/427 527/2180/427
f 1809/2179/1932 2896/2182/1932 1795/2181/1932
f 1809/2179/1933 532/2157/1933 1799/2158/1933
f 2896/2182/4957 1799/2158/4957 531/2163/4957
f 2896/2182/4958 1810/2183/4958 526/2184/4958
f 1810/2183/1936 2897/2186/1936 1794/2185/1936
f 1810/2183/1937 531/2163/1937 1798/2164/1937
f 2897/2186/1938 1798/2164/1938 530/2090/1938
f 2897/2186/1939 1811/2122/1939 525/2123/1939
f 1761/2187/4959 2898/2190/4959 1972/2188/4959
f 1761/2187/4960 490/2167/4960 1974/2169/4960
f 2898/2190/4961 1974/2169/4961 529/2172/4961
f 1972/2188/4962 2898/2190/4962 1812/2191/4962
f 524/2192/4963 1812/2191/4963 2899/2193/4963
f 1812/2191/4964 529/2172/4964 1797/2174/4964
f 2899/2193/4965 1797/2174/4965 528/2176/4965
f 1793/2194/4966 2899/2193/4966 1813/2195/4966
f 523/2196/445 1813/2195/445 2900/2197/445
f 1813/2195/446 528/2176/446 1796/2177/446
f 2900/2197/446 1796/2177/446 527/2180/446
f 2900/2197/445 1814/2199/445 522/2200/445
f 1814/2199/1948 2901/2202/1948 1791/2201/1948
f 1814/2199/1949 527/2180/1949 1795/2181/1949
f 2901/2202/4967 1795/2181/4967 526/2184/4967
f 2901/2202/4968 1815/2203/4968 521/2204/4968
f 1815/2203/1952 2902/2206/1952 1790/2205/1952
f 1815/2203/4969 526/2184/4969 1794/2185/4969
f 2902/2206/1954 1794/2185/1954 525/2123/1954
f 2902/2206/1955 1816/2116/1955 520/2117/1955
f 432/2207/4970 1760/2210/4970 2903/2208/4970
f 494/2189/4971 1972/2188/4971 2903/2208/4971
f 2903/2208/4972 1972/2188/4972 524/2192/4972
f 1973/2209/4973 2903/2208/4973 1817/2211/4973
f 519/2212/4974 1817/2211/4974 2904/2213/4974
f 1817/2211/4975 524/2192/4975 1793/2194/4975
f 2904/2213/4976 1793/2194/4976 523/2196/4976
f 1789/2214/4977 2904/2213/4977 1818/2215/4977
f 518/2216/463 1818/2215/463 2905/2217/463
f 1818/2215/464 523/2196/464 1792/2198/464
f 1792/2198/464 522/2200/464 1819/2219/464
f 2905/2217/463 1819/2219/463 517/2220/463
f 1819/2219/1964 2906/2222/1964 1787/2221/1964
f 1819/2219/1965 522/2200/1965 1791/2201/1965
f 2906/2222/4978 1791/2201/4978 521/2204/4978
f 2906/2222/1967 1820/2223/1967 516/2224/1967
f 1820/2223/1968 2907/2226/1968 1786/2225/1968
f 1820/2223/1969 521/2204/1969 1790/2205/1969
f 2907/2226/1970 1790/2205/1970 520/2117/1970
f 2907/2226/1971 1821/2110/1971 515/2111/1971
f 492/2227/4979 1757/2230/4979 2908/2228/4979
f 1757/2230/4980 432/2207/4980 1973/2209/4980
f 2908/2228/4981 1973/2209/4981 519/2212/4981
f 1765/2229/4982 2908/2228/4982 1822/2231/4982
f 514/2232/4983 1822/2231/4983 2909/2233/4983
f 1822/2231/4984 519/2212/4984 1789/2214/4984
f 2909/2233/4985 1789/2214/4985 518/2216/4985
f 1785/2234/4986 2909/2233/4986 1823/2235/4986
f 1823/2235/481 2910/2238/481 1784/2237/481
f 518/2216/482 1788/2218/482 2910/2238/482
f 2910/2238/482 1788/2218/482 517/2220/482
f 1784/2237/481 2910/2238/481 1824/2239/481
f 1824/2239/1980 2911/2242/1980 1783/2241/1980
f 1824/2239/1981 517/2220/1981 1787/2221/1981
f 2911/2242/4987 1787/2221/4987 516/2224/4987
f 2911/2242/4988 1825/2243/4988 511/2244/4988
f 1825/2243/1984 2912/2246/1984 1782/2245/1984
f 1825/2243/1985 516/2224/1985 1786/2225/1985
f 2912/2246/1986 1786/2225/1986 515/2111/1986
f 2912/2246/1987 1826/2104/1987 510/2105/1987
f 1756/2247/4989 2913/2250/4989 1768/2248/4989
f 1756/2247/4990 492/2227/4990 1765/2229/4990
f 2913/2250/4991 1765/2229/4991 514/2232/4991
f 2913/2250/4992 1827/2251/4992 509/2252/4992
f 1827/2251/4993 2914/2254/4993 1781/2253/4993
f 514/2232/4994 1785/2234/4994 2914/2254/4994
f 1785/2234/4995 513/2236/4995 1828/2255/4995
f 2914/2254/1995 1828/2255/1995 508/2256/1995
f 508/2256/499 1828/2255/499 2915/2257/499
f 513/2236/500 1784/2237/500 2915/2257/500
f 2915/2257/500 1784/2237/500 512/2240/500
f 2915/2257/499 1829/2259/499 507/2260/499
f 1829/2259/1996 2916/2262/1996 1779/2261/1996
f 1829/2259/1997 512/2240/1997 1783/2241/1997
f 2916/2262/4996 1783/2241/4996 511/2244/4996
f 2916/2262/4997 1830/2263/4997 506/2264/4997
f 1830/2263/4998 2917/2266/4998 1778/2265/4998
f 1830/2263/2001 511/2244/2001 1782/2245/2001
f 2917/2266/2002 1782/2245/2002 510/2105/2002
f 2917/2266/2003 1831/2096/2003 505/2098/2003
f 1759/2267/4999 2918/2271/4999 1769/2268/4999
f 427/2270/5000 1768/2272/5000 2918/2271/5000
f 1768/2272/5001 509/2276/5001 1832/2273/5001
f 2918/2271/5002 1832/2273/5002 504/2274/5002
f 1832/2273/5003 2919/2277/5003 1777/2275/5003
f 509/2276/5004 1781/2278/5004 2919/2277/5004
f 1781/2278/5005 508/3167/5005 1833/2279/5005
f 2919/2277/5006 1833/2279/5006 503/2280/5006
f 1833/2279/517 2920/2283/517 1776/2281/517
f 1833/2279/518 508/3167/518 1780/2282/518
f 1780/2282/518 507/3168/518 1834/2284/518
f 2920/2283/517 1834/2284/517 502/2285/517
f 1834/2284/2012 2921/2288/2012 1775/2286/2012
f 1834/2284/2013 507/3168/2013 1779/2287/2013
f 2921/2288/5007 1779/2287/5007 506/2289/5007
f 2921/2288/5008 1835/2290/5008 501/2291/5008
f 1835/2290/2016 2922/2294/2016 1774/2292/2016
f 1835/2290/2017 506/2289/2017 1778/2293/2017
f 2922/2294/2018 1778/2293/2018 505/2295/2018
f 2922/2294/2019 1836/2132/2019 500/2133/2019
f 1758/2296/5009 2923/2298/5009 1767/2143/5009
f 493/2269/5010 1769/2268/5010 2923/2298/5010
f 1769/2268/5011 504/2274/5011 1837/2299/5011
f 2923/2298/5012 1837/2299/5012 495/2144/5012
f 1837/2299/5013 2924/2300/5013 1770/2149/5013
f 504/2274/5014 1777/2275/5014 2924/2300/5014
f 1777/2275/5015 503/2280/5015 1838/2301/5015
f 2924/2300/5016 1838/2301/5016 496/2302/5016
f 496/2302/535 1838/2301/535 2925/2303/535
f 1838/2301/536 503/2280/536 1776/2281/536
f 1776/2281/536 502/2285/536 1839/2304/536
f 2925/2303/535 1839/2304/535 497/2155/535
f 1839/2304/2028 2926/2305/2028 1772/2159/2028
f 1839/2304/2029 502/2285/2029 1775/2286/2029
f 2926/2305/2030 1775/2286/2030 501/2291/2030
f 2926/2305/5017 1840/2306/5017 498/2161/5017
f 1840/2306/2032 2927/2307/2032 1773/2165/2032
f 1840/2306/2033 501/2291/2033 1774/2292/2033
f 2927/2307/2034 1774/2292/2034 500/2133/2034
f 2927/2307/2035 1841/2126/2035 499/2127/2035
f 538/2130/5018 1842/2309/5018 2928/2308/5018
f 1842/2309/5019 537/2316/5019 1845/2310/5019
f 2928/2308/5020 1845/2310/5020 535/2311/5020
f 1843/2131/5021 2928/2308/5021 1844/2312/5021
f 540/2136/5022 1846/2314/5022 2929/2313/5022
f 1846/2314/5023 539/3169/5023 1848/2315/5023
f 2929/2313/5024 1848/2315/5024 537/2316/5024
f 1847/2137/5025 2929/2313/5025 1842/2309/5025
f 542/2101/5026 1849/2318/5026 2930/2317/5026
f 1849/2318/5027 541/3170/5027 1851/2319/5027
f 2930/2317/5028 1851/2319/5028 539/2320/5028
f 1850/2102/5029 2930/2317/5029 1846/2321/5029
f 1852/2322/5030 2931/2324/5030 1853/2109/5030
f 543/2323/5031 1854/2325/5031 2931/2324/5031
f 1854/2325/5032 541/3170/5032 1849/2318/5032
f 1853/2109/5033 2931/2324/5033 1849/2318/5033
f 1855/2326/5034 2932/2328/5034 1856/2115/5034
f 545/2327/5035 1857/2329/5035 2932/2328/5035
f 1857/2329/5036 543/2323/5036 1852/2322/5036
f 2932/2328/5037 1852/2322/5037 544/2108/5037
f 1858/2330/5038 2933/2332/5038 1859/2121/5038
f 547/2331/5039 1860/2333/5039 2933/2332/5039
f 1860/2333/5040 545/2327/5040 1855/2326/5040
f 2933/2332/5041 1855/2326/5041 546/2114/5041
f 1861/2334/5042 2934/2336/5042 1862/2125/5042
f 549/2335/5043 1863/2337/5043 2934/2336/5043
f 1863/2337/5044 547/2331/5044 1858/2330/5044
f 2934/2336/5045 1858/2330/5045 548/2120/5045
f 536/2093/5046 1844/2312/5046 2935/2338/5046
f 1844/2312/5047 535/2311/5047 1865/2339/5047
f 1865/2339/5048 549/2335/5048 1861/2334/5048
f 2935/2338/5049 1861/2334/5049 550/2095/5049
f 1875/2340/5050 2936/742/5050 1876/738/5050
f 555/2341/5051 1892/744/5051 2936/742/5051
f 2936/742/5052 1892/744/5052 563/2342/5052
f 1876/738/5053 2936/742/5053 1890/2343/5053
f 1890/2343/5054 2937/2345/5054 1902/746/5054
f 1890/2343/5055 563/2342/5055 1877/2344/5055
f 2937/2345/5056 1877/2344/5056 543/750/5056
f 1902/746/5057 2937/2345/5057 1857/748/5057
f 563/2342/5058 1891/2347/5058 2938/2346/5058
f 1891/2347/5059 557/2351/5059 1894/2348/5059
f 2938/2346/5060 1894/2348/5060 541/755/5060
f 1877/2344/5061 2938/2346/5061 1854/754/5061
f 555/2341/5062 1874/2349/5062 2939/758/5062
f 1874/2349/5063 552/761/5063 1878/2350/5063
f 2939/758/5064 1878/2350/5064 557/2351/5064
f 1892/744/5065 2939/758/5065 1891/2347/5065
f 552/761/5066 1880/763/5066 2940/2352/5066
f 1880/763/5067 558/767/5067 1896/766/5067
f 2940/2352/5068 1896/766/5068 564/765/5068
f 1878/2350/5069 2940/2352/5069 1893/2353/5069
f 557/2351/5070 1893/2353/5070 2941/2354/5070
f 564/765/5071 1881/770/5071 2941/2354/5071
f 1881/770/5072 539/3157/5072 1851/769/5072
f 2941/2354/5073 1851/769/5073 541/755/5073
f 1895/2355/5074 2942/2357/5074 1881/771/5074
f 559/2356/5075 1898/2358/5075 2942/2357/5075
f 1898/2358/5076 537/789/5076 1848/776/5076
f 2942/2357/5077 1848/776/5077 539/774/5077
f 558/767/5078 1879/2360/5078 2943/2359/5078
f 1879/2360/5079 554/2362/5079 1882/2361/5079
f 2943/2359/5080 1882/2361/5080 559/2356/5080
f 1896/781/5081 2943/2359/5081 1895/2355/5081
f 554/2362/5082 1884/2364/5082 2944/2363/5082
f 1884/2364/5083 560/2372/5083 1900/2365/5083
f 1900/2365/5084 565/793/5084 1897/2366/5084
f 1882/2361/5085 2944/2363/5085 1897/2366/5085
f 1897/2366/5086 2945/2367/5086 1898/2358/5086
f 565/793/5087 1885/2368/5087 2945/2367/5087
f 1885/2368/5088 535/795/5088 1845/791/5088
f 2945/2367/5089 1845/791/5089 537/789/5089
f 1899/2369/5090 2946/796/5090 1885/2368/5090
f 1899/2369/5091 561/2378/5091 1889/798/5091
f 2946/796/5092 1889/798/5092 549/797/5092
f 2946/796/5093 1865/2370/5093 535/795/5093
f 1883/2371/5094 2947/801/5094 1900/2365/5094
f 553/803/5095 1886/2373/5095 2947/801/5095
f 1886/2373/5096 561/2378/5096 1899/2369/5096
f 2947/801/5097 1899/2369/5097 565/793/5097
f 1912/2374/5098 2948/2375/5098 1879/2360/5098
f 569/809/5099 1909/2409/5099 2948/2375/5099
f 2948/2375/5100 1909/2409/5100 568/2376/5100
f 1879/2360/5101 2948/2375/5101 1911/805/5101
f 1901/2377/5102 2949/2379/5102 1889/798/5102
f 1901/2377/5103 575/815/5103 1971/814/5103
f 2949/2379/5104 1971/814/5104 547/813/5104
f 1889/798/5105 2949/2379/5105 1863/811/5105
f 575/816/5106 1903/2381/5106 2950/2380/5106
f 1903/2381/5107 573/747/5107 1902/746/5107
f 2950/2380/5108 1902/746/5108 545/821/5108
f 1971/819/5109 2950/2380/5109 1860/820/5109
f 1926/2383/5110 2951/826/5110 1913/822/5110
f 577/2384/5111 1921/2385/5111 2951/826/5111
f 1921/2385/5112 576/2443/5112 1925/827/5112
f 2951/826/5113 1925/827/5113 551/825/5113
f 552/761/5114 1874/2349/5114 2952/2386/5114
f 555/2341/5115 1908/2387/5115 2952/2386/5115
f 1908/2387/5116 567/845/5116 1905/831/5116
f 2952/2386/5117 1905/831/5117 558/767/5117
f 1956/834/5118 2953/2389/5118 1962/2388/5118
f 1956/834/5119 595/840/5119 1964/839/5119
f 2953/2389/5120 1964/839/5120 571/838/5120
f 2953/2389/5121 1910/2390/5121 570/836/5121
f 1888/2391/5122 2954/2392/5122 1901/2377/5122
f 1888/2391/5123 570/836/5123 1910/2390/5123
f 2954/2392/5124 1910/2390/5124 571/838/5124
f 1901/2377/5125 2954/2392/5125 1906/842/5125
f 1875/2340/5126 2955/2393/5126 1908/2387/5126
f 572/740/5127 1887/2394/5127 2955/2393/5127
f 1887/2394/5128 574/901/5128 1907/847/5128
f 2955/2393/5129 1907/847/5129 567/845/5129
f 1911/805/5130 2956/3171/5130 1884/2364/5130
f 1965/2395/5131 2956/3171/5131 1911/805/5131
f 1948/850/5132 2956/3171/5132 1965/2395/5132
f 1963/849/5133 2956/3171/5133 1948/850/5133
f 1884/2364/5134 2956/3171/5134 1963/849/5134
f 1906/842/5135 2957/2397/5135 1904/2396/5135
f 1964/839/5136 2957/2397/5136 1906/842/5136
f 595/840/5137 1951/857/5137 2957/2397/5137
f 1967/2398/5138 2957/2397/5138 1951/857/5138
f 574/855/5139 1904/2396/5139 2957/2397/5139
f 553/803/5140 1961/861/5140 2958/2399/5140
f 1945/862/5141 2958/2399/5141 1961/861/5141
f 1962/2388/5142 2958/2399/5142 1945/862/5142
f 570/836/5143 1888/2391/5143 2958/2399/5143
f 1886/2373/5144 2958/2399/5144 1888/2391/5144
f 1963/849/5145 2959/2401/5145 1883/2371/5145
f 1947/870/5146 2959/2401/5146 1963/849/5146
f 1960/867/5147 2959/2401/5147 1947/870/5147
f 1946/2400/5148 2959/2401/5148 1960/867/5148
f 590/865/5149 1961/864/5149 2959/2401/5149
f 1883/2371/5150 2959/2401/5150 1961/864/5150
f 1967/873/5151 2960/879/5151 1907/872/5151
f 1949/2402/5152 2960/879/5152 1967/873/5152
f 594/2403/5153 1959/2405/5153 2960/879/5153
f 598/2404/5154 1954/2407/5154 2960/879/5154
f 1968/2406/5155 2960/879/5155 1954/2407/5155
f 1907/872/5156 2960/879/5156 1968/2406/5156
f 569/809/5157 1966/885/5157 2961/884/5157
f 597/887/5158 1958/886/5158 2961/884/5158
f 2961/884/5159 1958/886/5159 592/853/5159
f 2961/884/5160 1965/2395/5160 568/2376/5160
f 567/845/5161 1968/2406/5161 2962/2410/5161
f 1952/2411/5162 2962/2410/5162 1968/2406/5162
f 597/887/5163 1966/885/5163 2962/2410/5163
f 569/809/5164 1912/2374/5164 2962/2410/5164
f 1905/831/5165 2962/2410/5165 1912/2374/5165
f 551/890/5166 1917/892/5166 2963/891/5166
f 1917/892/5167 572/740/5167 1876/738/5167
f 1876/738/5168 573/747/5168 1918/2412/5168
f 2963/891/5169 1918/2412/5169 556/893/5169
f 562/896/5170 1919/898/5170 2964/2413/5170
f 574/901/5171 1887/2394/5171 2964/2413/5171
f 2964/2413/5172 1887/2394/5172 572/740/5172
f 1914/899/5173 2964/2413/5173 1917/900/5173
f 1918/2412/5174 2965/904/5174 1915/902/5174
f 573/747/5175 1903/2381/5175 2965/904/5175
f 1903/2381/5176 575/816/5176 1920/905/5176
f 2965/904/5177 1920/905/5177 566/903/5177
f 566/906/5178 1920/908/5178 2966/2415/5178
f 575/815/5179 1904/2396/5179 2966/2415/5179
f 1904/2396/5180 574/855/5180 1919/911/5180
f 2966/2415/5181 1919/911/5181 562/909/5181
f 562/909/5182 1928/913/5182 2967/912/5182
f 1928/913/5183 578/917/5183 1924/2417/5183
f 2967/912/5184 1924/2417/5184 579/2418/5184
f 1916/2416/5185 2967/912/5185 1927/2419/5185
f 551/918/5186 1925/920/5186 2968/919/5186
f 1925/920/5187 576/925/5187 1922/2420/5187
f 2968/919/5188 1922/2420/5188 578/923/5188
f 1914/921/5189 2968/919/5189 1928/922/5189
f 566/906/5190 1927/2419/5190 2969/2422/5190
f 1927/2419/5191 579/2418/5191 1923/2423/5191
f 1923/2423/5192 577/2384/5192 1926/2383/5192
f 2969/2422/5193 1926/2383/5193 556/824/5193
f 1942/929/5194 2970/2425/5194 1922/2420/5194
f 1942/929/5195 580/934/5195 1933/2424/5195
f 2970/2425/5196 1933/2424/5196 584/932/5196
f 1922/2420/5197 2970/2425/5197 1943/930/5197
f 579/2418/5198 1944/936/5198 2971/2426/5198
f 1944/936/5199 587/2429/5199 1938/2427/5199
f 2971/2426/5200 1938/2427/5200 583/938/5200
f 1923/2423/2219 2971/2426/2219 1941/2428/2219
f 578/917/2220 1943/942/2220 2972/941/2220
f 584/944/5201 1939/2440/5201 2972/941/5201
f 2972/941/5202 1939/2440/5202 587/2429/5202
f 1924/2417/2223 2972/941/2223 1944/936/2223
f 585/945/5203 1935/2432/5203 2973/2430/5203
f 581/952/5204 1930/2436/5204 2973/2430/5204
f 2973/2430/5205 1930/2436/5205 582/2433/5205
f 2973/2430/5206 1936/962/5206 586/2434/5206
f 581/952/5207 1929/954/5207 2974/2435/5207
f 580/957/5208 1932/2437/5208 2974/2435/5208
f 1932/2437/5209 583/938/5209 1931/2438/5209
f 2974/2435/5210 1931/2438/5210 582/2433/5210
f 580/934/5211 1929/959/5211 2975/2439/5211
f 581/952/5212 1935/2432/5212 2975/2439/5212
f 2975/2439/5213 1935/2432/5213 585/945/5213
f 1933/2424/5214 2975/2439/5214 1934/960/5214
f 582/2433/5215 1931/2438/5215 2976/961/5215
f 1931/2438/5216 583/938/5216 1938/2427/5216
f 1938/2427/5217 587/2429/5217 1937/963/5217
f 2976/961/5218 1937/963/5218 586/2434/5218
f 1934/964/5219 2977/2441/5219 1939/2440/5219
f 585/945/5220 1940/2431/5220 2977/2441/5220
f 2977/2441/5221 1940/2431/5221 586/2434/5221
f 1939/2440/5222 2977/2441/5222 1937/963/5222
f 1941/2428/5223 2978/2442/5223 1921/2385/5223
f 583/938/5224 1932/2437/5224 2978/2442/5224
f 1932/2437/5225 580/957/5225 1942/966/5225
f 1921/2385/5226 2978/2442/5226 1942/966/5226
f 551/968/5227 1925/970/5227 2979/969/5227
f 1950/977/5228 2979/969/5228 1925/970/5228
f 595/976/5229 1956/974/5229 2979/969/5229
f 1945/971/5230 2979/969/5230 1956/974/5230
f 1953/972/5231 2979/969/5231 1945/971/5231
f 598/2404/5232 1959/2405/5232 2980/2444/5232
f 594/2403/5233 1955/2449/5233 2980/2444/5233
f 2980/2444/5234 1955/2449/5234 589/982/5234
f 2980/2444/5235 1960/2446/5235 591/980/5235
f 1945/985/5236 2981/2447/5236 1969/984/5236
f 588/989/5237 1956/988/5237 2981/2447/5237
f 2981/2447/5238 1956/988/5238 595/840/5238
f 1969/984/5239 2981/2447/5239 1951/857/5239
f 589/982/5240 1955/2449/5240 2982/2448/5240
f 594/2403/5241 1949/2402/5241 2982/2448/5241
f 1949/2402/5242 596/883/5242 1969/992/5242
f 1946/991/5243 2982/2448/5243 1969/992/5243
f 1970/2451/5244 2983/2452/5244 1947/993/5244
f 599/2408/5245 1954/2407/5245 2983/2452/5245
f 1954/2407/5246 598/2404/5246 1957/2445/5246
f 2983/2452/5247 1957/2445/5247 591/980/5247
f 592/853/5248 1958/886/5248 2984/2453/5248
f 1958/886/5249 597/887/5249 1952/2411/5249
f 2984/2453/5250 1952/2411/5250 599/2408/5250
f 1948/850/5251 2984/2453/5251 1970/2451/5251
f 620/997/5252 2000/999/5252 2985/2454/5252
f 2000/999/5253 672/1003/5253 2001/2456/5253
f 2001/2456/5254 234/1372/5254 1224/1001/5254
f 1999/2455/5255 2985/2454/5255 1224/1001/5255
f 600/2457/5256 1987/2458/5256 2986/1005/5256
f 1987/2458/5257 612/2473/5257 2009/2459/5257
f 2986/1005/5258 2009/2459/5258 620/997/5258
f 1994/1007/5259 2986/1005/5259 2005/2460/5259
f 616/2461/5260 2005/2460/5260 2987/1012/5260
f 2005/2460/5261 620/997/5261 1999/2455/5261
f 2987/1012/5262 1999/2455/5262 232/1015/5262
f 1993/2462/5263 2987/1012/5263 1230/1014/5263
f 2006/2464/5264 2988/2465/5264 2004/1016/5264
f 611/1023/5265 1986/2496/5265 2988/2465/5265
f 2988/2465/5266 1986/2496/5266 220/1021/5266
f 2004/1016/5267 2988/2465/5267 1231/1019/5267
f 1990/2466/5268 2989/2468/5268 2007/1024/5268
f 602/1029/5269 1985/2469/5269 2989/2468/5269
f 1985/2469/5270 611/1023/5270 2006/2464/5270
f 2989/2468/5271 2006/2464/5271 673/1018/5271
f 1989/1031/5272 2990/2471/5272 2008/1030/5272
f 614/2467/5273 2007/1024/5273 2990/2471/5273
f 2007/1024/5274 673/1018/5274 2002/2472/5274
f 2008/1030/5275 2990/2471/5275 2002/2472/5275
f 612/2473/5276 1988/1036/5276 2991/2474/5276
f 613/2470/5277 2008/1030/5277 2991/2474/5277
f 2008/1030/5278 672/1379/5278 2000/1037/5278
f 2009/2459/5279 2991/2474/5279 2000/1037/5279
f 623/2475/5280 2012/2478/5280 2992/2476/5280
f 2012/2478/5281 240/1045/5281 1241/1044/5281
f 2992/2476/5282 1241/1044/5282 241/1043/5282
f 2010/2477/5283 2992/2476/5283 2013/2479/5283
f 2013/2479/5284 2993/2481/5284 2011/2480/5284
f 241/1043/5285 1242/1051/5285 2993/2481/5285
f 1242/1051/5286 242/1073/5286 2014/1050/5286
f 2993/2481/5287 2014/1050/5287 625/2482/5287
f 1992/2483/5288 2994/2486/5288 1984/2484/5288
f 615/1059/5289 2019/2487/5289 2994/2486/5289
f 2019/2487/5290 623/2475/5290 2015/1057/5290
f 2994/2486/5291 2015/1057/5291 610/2488/5291
f 610/2488/5292 2015/1057/5292 2995/2489/5292
f 2015/1057/5293 623/2475/5293 2010/2477/5293
f 2995/2489/5294 2010/2477/5294 624/1047/5294
f 1983/1061/5295 2995/2489/5295 2016/1062/5295
f 2016/1062/5296 2996/2491/5296 1982/2490/5296
f 624/1047/5297 2011/2480/5297 2996/2491/5297
f 2011/2480/5298 625/2482/5298 2017/2492/5298
f 2996/2491/5299 2017/2492/5299 608/1065/5299
f 2017/2492/5300 2997/2493/5300 1981/1068/5300
f 625/2482/5301 2018/2494/5301 2997/2493/5301
f 2018/2494/5302 611/1023/5302 1985/2469/5302
f 2997/2493/5303 1985/2469/5303 602/1029/5303
f 2014/1050/5304 2998/2495/5304 2018/2494/5304
f 242/1073/5305 1247/1072/5305 2998/2495/5305
f 1247/1072/5306 220/1021/5306 1986/2496/5306
f 2998/2495/5307 1986/2496/5307 611/1023/5307
f 1991/2497/5308 2999/2498/5308 2019/2487/5308
f 224/1077/5309 1248/1076/5309 2999/2498/5309
f 1248/1076/5310 240/1045/5310 2012/2478/5310
f 2999/2498/5311 2012/2478/5311 623/2475/5311
f 1401/1079/5312 3000/1082/5312 1976/1078/5312
f 40/1085/5313 2162/2499/5313 3000/1082/5313
f 2162/2499/5314 626/2502/5314 2020/1083/5314
f 3000/1082/5315 2020/1083/5315 604/2500/5315
f 2020/1083/5316 3001/2503/5316 1975/2501/5316
f 626/2502/5317 2021/1090/5317 3001/2503/5317
f 2021/1090/5318 619/2510/5318 1998/2504/5318
f 3001/2503/5319 1998/2504/5319 601/2505/5319
f 2163/2506/5320 3002/2507/5320 2021/1090/5320
f 412/1097/5321 2165/2508/5321 3002/2507/5321
f 2165/2508/5322 618/2514/5322 1997/2509/5322
f 3002/2507/5323 1997/2509/5323 619/2510/5323
f 2164/2511/5324 3003/1100/5324 2165/2508/5324
f 2164/2511/5325 627/2515/5325 2022/2512/5325
f 3003/1100/5326 2022/2512/5326 617/2513/5326
f 2165/2508/5327 3003/1100/5327 1996/1099/5327
f 627/2515/5328 2023/2517/5328 3004/2516/5328
f 2023/2517/5329 615/1059/5329 1992/2483/5329
f 3004/2516/5330 1992/2483/5330 603/2485/5330
f 2022/2512/5331 3004/2516/5331 1995/2518/5331
f 797/1108/5332 3005/2520/5332 1753/2519/5332
f 797/1108/5333 224/1077/5333 1991/2497/5333
f 3005/2520/5334 1991/2497/5334 615/1059/5334
f 1753/2519/5335 3005/2520/5335 2023/2517/5335
f 628/2521/5336 2027/2524/5336 3006/2522/5336
f 2027/2524/5337 631/1117/5337 2030/1116/5337
f 2030/1116/5338 664/3159/5338 2028/1115/5338
f 2025/2523/5339 3006/2522/5339 2028/1115/5339
f 631/1117/5340 2031/2525/5340 3007/1118/5340
f 2031/2525/5341 634/2546/5341 2034/2526/5341
f 3007/1118/5342 2034/2526/5342 635/1122/5342
f 2030/1120/5343 3007/1118/5343 2032/1121/5343
f 601/2505/5344 1998/2504/5344 3008/1125/5344
f 1998/2504/5345 619/2510/5345 2047/1128/5345
f 3008/1125/5346 2047/1128/5346 628/2521/5346
f 1980/2528/5347 3008/1125/5347 2036/2529/5347
f 607/1129/5348 2036/2529/5348 3009/2530/5348
f 2036/2529/5349 628/2521/5349 2025/2523/5349
f 3009/2530/5350 2025/2523/5350 629/1133/5350
f 1979/1131/5351 3009/2530/5351 2037/1132/5351
f 668/1134/5352 2080/2533/5352 3010/2532/5352
f 2080/2533/5353 644/1141/5353 2061/1140/5353
f 3010/2532/5354 2061/1140/5354 642/2534/5354
f 2106/1137/5355 3010/2532/5355 2067/2535/5355
f 2038/1143/5356 3011/2538/5356 1977/2536/5356
f 2038/1143/5357 630/1147/5357 2039/2537/5357
f 3011/2538/5358 2039/2537/5358 612/2473/5358
f 3011/2538/5359 1987/2458/5359 600/2457/5359
f 630/1147/5360 2029/1149/5360 3012/2539/5360
f 2029/1149/5361 665/1151/5361 2040/2540/5361
f 2040/2540/5362 613/2470/5362 1988/1036/5362
f 2039/2537/5363 3012/2539/5363 1988/1036/5363
f 2033/1152/5364 3013/2542/5364 2040/2540/5364
f 636/2541/5365 2041/2543/5365 3013/2542/5365
f 2041/2543/5366 614/2467/5366 1989/1031/5366
f 3013/2542/5367 1989/1031/5367 613/2470/5367
f 2042/1156/5368 3014/2544/5368 2041/2543/5368
f 608/1065/5369 1981/1068/5369 3014/2544/5369
f 3014/2544/5370 1981/1068/5370 602/1029/5370
f 3014/2544/5371 1990/2466/5371 614/2467/5371
f 635/1122/5372 2043/1159/5372 3015/2545/5372
f 609/1064/5373 1982/2490/5373 3015/2545/5373
f 1982/2490/5374 608/1065/5374 2042/1156/5374
f 3015/2545/5375 2042/1156/5375 636/2541/5375
f 634/2546/5376 2044/2548/5376 3016/2547/5376
f 2044/2548/5377 610/2488/5377 1983/1061/5377
f 3016/2547/5378 1983/1061/5378 609/1064/5378
f 2034/2526/5379 3016/2547/5379 2043/1159/5379
f 617/2513/5380 1995/2518/5380 3017/1163/5380
f 603/2485/5381 1984/2484/5381 3017/1163/5381
f 3017/1163/5382 1984/2484/5382 610/2488/5382
f 2045/2549/5383 3017/1163/5383 2044/2548/5383
f 618/2514/5384 1996/1099/5384 3018/2550/5384
f 1996/1099/5385 617/2513/5385 2045/2549/5385
f 3018/2550/5386 2045/2549/5386 634/2546/5386
f 2046/1167/5387 3018/2550/5387 2031/2525/5387
f 619/2510/5388 1997/2509/5388 3019/2551/5388
f 1997/2509/5389 618/2514/5389 2046/1167/5389
f 3019/2551/5390 2046/1167/5390 631/1117/5390
f 2047/1128/5391 3019/2551/5391 2027/2524/5391
f 254/1169/5392 2048/2553/5392 3020/2552/5392
f 2048/2553/5393 637/2562/5393 2051/2554/5393
f 3020/2552/5394 2051/2554/5394 638/2555/5394
f 1278/1172/5395 3020/2552/5395 2049/1173/5395
f 255/1177/5396 2049/1173/5396 3021/2556/5396
f 638/2555/5397 2052/2557/5397 3021/2556/5397
f 2052/2557/5398 639/1186/5398 2050/2558/5398
f 3021/2556/5399 2050/2558/5399 256/1179/5399
f 256/1179/5400 2050/2558/5400 3022/2559/5400
f 639/1186/5401 2053/1185/5401 3022/2559/5401
f 2053/1185/5402 616/2461/5402 1993/2462/5402
f 1285/1184/5403 3022/2559/5403 1993/2462/5403
f 2054/1187/5404 3023/1188/5404 2053/1185/5404
f 605/1144/5405 1977/2536/5405 3023/1188/5405
f 3023/1188/5406 1977/2536/5406 600/2457/5406
f 3023/1188/5407 1994/1007/5407 616/2461/5407
f 2055/2560/5408 3024/2561/5408 2052/2557/5408
f 606/1193/5409 1978/1192/5409 3024/2561/5409
f 1978/1192/5410 605/3160/5410 2054/1191/5410
f 3024/2561/5411 2054/1191/5411 639/1186/5411
f 637/2562/5412 2056/1195/5412 3025/2563/5412
f 2056/1195/5413 607/1129/5413 1979/1196/5413
f 3025/2563/5414 1979/1196/5414 606/1193/5414
f 2051/2554/5415 3025/2563/5415 2055/2560/5415
f 604/2500/5416 1975/2501/5416 3026/2564/5416
f 1975/2501/5417 601/2505/5417 1980/2528/5417
f 3026/2564/5418 1980/2528/5418 607/1129/5418
f 2057/2565/5419 3026/2564/5419 2056/1195/5419
f 212/1080/5420 1976/1078/5420 3027/2566/5420
f 1976/1078/5421 604/2500/5421 2057/2565/5421
f 3027/2566/5422 2057/2565/5422 637/2562/5422
f 1291/1200/5423 3027/2566/5423 2048/2553/5423
f 2058/1201/5424 3028/2567/5424 2033/1152/5424
f 2058/1201/5425 664/1204/5425 2032/1203/5425
f 2032/1203/5426 635/1122/5426 2035/1160/5426
f 3028/2567/5427 2035/1160/5427 636/2541/5427
f 649/1205/5428 2074/1207/5428 3029/2568/5428
f 641/1212/5429 2059/2569/5429 3029/2568/5429
f 2059/2569/5430 640/1235/5430 2026/1210/5430
f 3029/2568/5431 2026/1210/5431 648/1208/5431
f 2063/2570/5432 3030/2571/5432 2059/2569/5432
f 642/2534/5433 2060/2576/5433 3030/2571/5433
f 3030/2571/5434 2060/2576/5434 643/2572/5434
f 2059/2569/5435 3030/2571/5435 2064/2573/5435
f 643/2572/5436 2060/2576/5436 3031/2574/5436
f 2060/2576/5437 642/2534/5437 2061/1140/5437
f 3031/2574/5438 2061/1140/5438 644/1141/5438
f 2062/2575/5439 3031/2574/5439 2065/2577/5439
f 654/1221/5440 2067/2535/5440 3032/2579/5440
f 2067/2535/5441 642/2534/5441 2063/2570/5441
f 3032/2579/5442 2063/2570/5442 641/1212/5442
f 2100/1223/5443 3032/2579/5443 2074/1207/5443
f 2083/1225/5444 3033/2581/5444 2097/2580/5444
f 645/2578/5445 2065/2577/5445 3033/2581/5445
f 3033/2581/5446 2065/2577/5446 644/1141/5446
f 2097/2580/5447 3033/2581/5447 2080/2533/5447
f 2086/1230/5448 3034/2584/5448 2094/2582/5448
f 643/2572/5449 2062/2575/5449 3034/2584/5449
f 3034/2584/5450 2062/2575/5450 645/2578/5450
f 2094/2582/5451 3034/2584/5451 2083/1225/5451
f 2026/1210/5452 3035/2585/5452 2091/1233/5452
f 640/1235/5453 2064/2573/5453 3035/2585/5453
f 2064/2573/5454 643/2572/5454 2086/1230/5454
f 3035/2585/5455 2086/1230/5455 661/2583/5455
f 2071/1237/5456 3036/1240/5456 2038/1236/5456
f 646/2586/5457 2089/2587/5457 3036/1240/5457
f 2089/2587/5458 663/2592/5458 2070/2588/5458
f 3036/1240/5459 2070/2588/5459 630/1239/5459
f 2072/1244/5460 3037/2589/5460 2089/2587/5460
f 647/1249/5461 2090/2590/5461 3037/2589/5461
f 2090/2590/5462 662/2596/5462 2088/2591/5462
f 3037/2589/5463 2088/2591/5463 663/2592/5463
f 2073/2593/5464 3038/2594/5464 2090/2590/5464
f 648/1208/5465 2091/1233/5465 3038/2594/5465
f 2091/1233/5466 661/2583/5466 2087/2595/5466
f 3038/2594/5467 2087/2595/5467 662/2596/5467
f 2070/2588/5468 3039/2597/5468 2029/1254/5468
f 663/2592/5469 2092/2600/5469 3039/2597/5469
f 3039/2597/5470 2092/2600/5470 667/2598/5470
f 2029/1254/5471 3039/2597/5471 2069/2599/5471
f 2088/2591/5472 3040/2601/5472 2092/2600/5472
f 662/2596/5473 2093/2602/5473 3040/2601/5473
f 2093/2602/5474 671/1262/5474 2085/2603/5474
f 2092/2600/5475 3040/2601/5475 2085/2603/5475
f 2087/2595/5476 3041/1263/5476 2093/2602/5476
f 661/2583/5477 2094/2582/5477 3041/1263/5477
f 2094/2582/5478 670/1226/5478 2084/1264/5478
f 3041/1263/5479 2084/1264/5479 671/1262/5479
f 2109/2604/5480 3042/2608/5480 2107/2605/5480
f 660/2607/5481 2095/2609/5481 3042/2608/5481
f 2095/2609/5482 657/2617/5482 2108/2610/5482
f 3042/2608/5483 2108/2610/5483 632/2611/5483
f 2113/2612/5484 3043/2614/5484 2095/2609/5484
f 659/2613/5485 2096/2615/5485 3043/2614/5485
f 2096/2615/5486 656/2623/5486 2111/2616/5486
f 3043/2614/5487 2111/2616/5487 657/2617/5487
f 2112/2618/5488 3044/2620/5488 2096/2615/5488
f 2112/2618/5489 658/3172/5489 2114/2619/5489
f 3044/2620/5490 2114/2619/5490 655/2621/5490
f 2096/2615/5491 3044/2620/5491 2110/2622/5491
f 629/1285/5492 2077/1287/5492 3045/2624/5492
f 2077/1287/5493 652/2627/5493 2098/2625/5493
f 3045/2624/5494 2098/2625/5494 651/1290/5494
f 2037/1288/5495 3045/2624/5495 2066/2626/5495
f 652/2627/5496 2078/2629/5496 3046/2628/5496
f 2078/2629/5497 653/2631/5497 2099/1297/5497
f 3046/2628/5498 2099/1297/5498 650/1296/5498
f 2098/2625/5499 3046/2628/5499 2076/2630/5499
f 653/2631/5500 2079/2633/5500 3047/2632/5500
f 2079/2633/5501 654/1304/5501 2100/1303/5501
f 3047/2632/5502 2100/1303/5502 649/1302/5502
f 2099/1297/5503 3047/2632/5503 2075/1301/5503
f 2066/2626/5504 3048/2634/5504 1978/1305/5504
f 651/1290/5505 2101/1308/5505 3048/2634/5505
f 2101/1308/5506 646/2586/5506 2071/1237/5506
f 3048/2634/5507 2071/1237/5507 605/1238/5507
f 651/1290/5508 2076/2630/5508 3049/1309/5508
f 2076/2630/5509 650/1296/5509 2102/1310/5509
f 2102/1310/5510 647/1249/5510 2072/1244/5510
f 3049/1309/5511 2072/1244/5511 646/2586/5511
f 650/1296/5512 2075/1312/5512 3050/1311/5512
f 649/1205/5513 2103/1209/5513 3050/1311/5513
f 2103/1209/5514 648/1208/5514 2073/2593/5514
f 3050/1311/5515 2073/2593/5515 647/1249/5515
f 2068/2635/5516 3051/2637/5516 2028/1313/5516
f 666/2636/5517 2104/2638/5517 3051/2637/5517
f 3051/2637/5518 2104/2638/5518 652/2627/5518
f 3051/2637/5519 2077/1287/5519 629/1285/5519
f 666/2636/5520 2082/2639/5520 3052/1319/5520
f 2082/2639/5521 669/2641/5521 2105/2640/5521
f 3052/1319/5522 2105/2640/5522 653/2631/5522
f 2104/2638/5523 3052/1319/5523 2078/2629/5523
f 669/2641/5524 2081/2642/5524 3053/1323/5524
f 2081/2642/5525 668/1326/5525 2106/1325/5525
f 3053/1323/5526 2106/1325/5526 654/1304/5526
f 2105/2640/5527 3053/1323/5527 2079/2633/5527
f 632/1327/5528 2115/1329/5528 3054/2643/5528
f 2115/1329/5529 664/1334/5529 2058/1333/5529
f 2058/1333/5530 665/1344/5530 2116/2644/5530
f 3054/2643/5531 2116/2644/5531 633/1330/5531
f 2117/2645/5532 3055/2646/5532 2108/1335/5532
f 666/2636/5533 2068/2635/5533 3055/2646/5533
f 2068/2635/5534 664/1315/5534 2115/1340/5534
f 3055/2646/5535 2115/1340/5535 632/1338/5535
f 633/1330/5536 2116/2644/5536 3056/2647/5536
f 2116/2644/5537 665/1344/5537 2069/2599/5537
f 3056/2647/5538 2069/2599/5538 667/2598/5538
f 2109/1342/5539 3056/2647/5539 2118/2648/5539
f 655/1345/5540 2119/1347/5540 3057/2649/5540
f 2119/1347/5541 668/1326/5541 2081/2642/5541
f 2081/2642/5542 669/2641/5542 2120/2650/5542
f 2110/1348/5543 3057/2649/5543 2120/2650/5543
f 656/1350/5544 2120/2650/5544 3058/2651/5544
f 669/2641/5545 2082/2639/5545 3058/2651/5545
f 2082/2639/5546 666/2636/5546 2117/2645/5546
f 3058/2651/5547 2117/2645/5547 657/1337/5547
f 659/1353/5548 2121/1355/5548 3059/2652/5548
f 2121/1355/5549 671/1262/5549 2084/1264/5549
f 3059/2652/5550 2084/1264/5550 670/1226/5550
f 2112/1356/5551 3059/2652/5551 2122/1357/5551
f 660/1358/5552 2118/2648/5552 3060/2654/5552
f 2118/2648/5553 667/2598/5553 2085/2603/5553
f 3060/2654/5554 2085/2603/5554 671/1262/5554
f 2113/1360/5555 3060/2654/5555 2121/1355/5555
f 658/1361/5556 2122/1363/5556 3061/2655/5556
f 2122/1363/5557 670/1226/5557 2097/2580/5557
f 3061/2655/5558 2097/2580/5558 668/1134/5558
f 2114/1364/5559 3061/2655/5559 2119/1365/5559
f 674/1366/5560 2124/2659/5560 3062/2657/5560
f 2149/2658/5561 3062/2657/5561 2124/2659/5561
f 2146/1370/5562 3062/2657/5562 2149/2658/5562
f 2125/1374/5563 3063/1377/5563 2123/1373/5563
f 2125/1374/5564 672/1379/5564 2002/2472/5564
f 2002/2472/5565 673/1018/5565 2126/1378/5565
f 3063/1377/5566 2126/1378/5566 622/1376/5566
f 2126/1381/5567 3064/1384/5567 2148/1380/5567
f 673/1018/5568 2133/2660/5568 3064/1384/5568
f 685/1383/5569 2148/1380/5569 3064/1384/5569
f 676/2661/5570 2139/2665/5570 3065/2662/5570
f 677/2664/5571 2129/2666/5571 3065/2662/5571
f 2128/2663/5572 3065/2662/5572 2129/2666/5572
f 677/2664/5573 2140/2670/5573 3066/2668/5573
f 678/2669/5574 2130/2671/5574 3066/2668/5574
f 2129/2666/5575 3066/2668/5575 2130/2671/5575
f 678/2669/5576 2141/2675/5576 3067/2672/5576
f 679/2674/5577 2132/2676/5577 3067/2672/5577
f 2130/2673/5578 3067/2672/5578 2132/2676/5578
f 679/2678/5579 2142/2682/5579 3068/2679/5579
f 680/2681/5580 2134/2683/5580 3068/2679/5580
f 2152/2680/5581 3068/2679/5581 2134/2683/5581
f 684/1410/2603 2146/1412/2603 3069/2685/2603
f 674/1421/2605 2003/1422/2605 3069/2685/2605
f 675/1419/5582 2155/1420/5582 3069/2685/5582
f 685/1417/5583 2148/1418/5583 3069/2685/5583
f 622/1415/2608 2123/1416/2608 3069/2685/2608
f 621/1413/5584 2156/1414/5584 3069/2685/5584
f 2143/2686/5585 3070/2689/5585 2134/2687/5585
f 2143/2686/5586 681/2694/5586 2136/2688/5586
f 3070/2689/5587 2136/2688/5587 686/2690/5587
f 2134/2687/5588 3070/2689/5588 2151/2691/5588
f 2144/2693/5589 3071/2695/5589 2136/2688/5589
f 676/2661/5590 2128/2663/5590 3071/2695/5590
f 2128/2663/5591 682/2667/5591 2150/2696/5591
f 3071/2695/5592 2150/2696/5592 686/2690/5592
f 2145/2697/5593 3072/2699/5593 2139/2665/5593
f 684/2698/5594 2156/2700/5594 3072/2699/5594
f 2156/2700/5595 621/3173/5595 2153/2701/5595
f 3072/2699/5596 2153/2701/5596 677/2664/5596
f 2153/2701/5597 3073/2703/5597 2140/2670/5597
f 2153/2701/5598 621/3173/5598 2123/2702/5598
f 2123/2702/5599 622/2705/5599 2154/2704/5599
f 3073/2703/5600 2154/2704/5600 678/2669/5600
f 2154/2704/5601 3074/2706/5601 2141/2675/5601
f 622/2705/5602 2148/3174/5602 3074/2706/5602
f 3074/2706/5603 2148/3174/5603 685/2707/5603
f 2141/2675/5604 3074/2706/5604 2147/2708/5604
f 2147/2709/5605 3075/2711/5605 2142/2682/5605
f 685/2710/5606 2155/3175/5606 3075/2711/5606
f 3075/2711/5607 2155/3175/5607 675/2712/5607
f 2142/2682/5608 3075/2711/5608 2157/2713/5608
f 680/2681/5609 2157/2713/5609 3076/2714/5609
f 2157/2713/5610 675/2712/5610 2003/2715/5610
f 3076/2714/5611 2003/2715/5611 674/2716/5611
f 2143/2686/5612 3076/2714/5612 2131/2717/5612
f 681/2694/5613 2131/2717/5613 3077/2718/5613
f 2131/2717/5614 674/2716/5614 2146/2719/5614
f 3077/2718/5615 2146/2719/5615 684/2698/5615
f 2144/2693/5616 3077/2718/5616 2145/2697/5616
f 2150/2696/5617 3078/2720/5617 2151/2691/5617
f 682/2667/5618 2138/2721/5618 3078/2720/5618
f 683/2692/5619 2151/2691/5619 3078/2720/5619
f 683/2684/5620 2138/2724/5620 3079/2722/5620
f 682/2723/5621 2132/2725/5621 3079/2722/5621
f 2152/2680/5622 3079/2722/5622 2132/2725/5622
f 2001/2456/5623 3080/2726/5623 2149/2658/5623
f 2137/1467/5624 3080/2726/5624 2001/2456/5624
f 684/1371/5625 2149/2658/5625 3080/2726/5625
f 672/1003/5626 2125/1469/5626 3081/2727/5626
f 621/1471/5627 2156/1470/5627 3081/2727/5627
f 2137/1467/5628 3081/2727/5628 2156/1470/5628
f 2004/1016/5629 3082/1480/5629 2133/2660/5629
f 236/1478/5630 1389/1474/5630 3082/1480/5630
f 3082/1480/5631 1389/1474/5631 307/1472/5631
f 2133/2660/5632 3082/1480/5632 2135/1479/5632
f 2127/2728/5633 3083/2729/5633 2135/1479/5633
f 675/1483/5634 2155/1484/5634 3083/2729/5634
f 685/1383/5635 2135/1479/5635 3083/2729/5635
f 2163/2506/5636 3084/2730/5636 1588/1485/5636
f 626/2502/5637 2158/2731/5637 3084/2730/5637
f 1588/1485/5638 3084/2730/5638 2158/2731/5638
f 1753/2519/5639 3085/2732/5639 1592/1489/5639
f 627/2515/5640 2024/1492/5640 3085/2732/5640
f 414/1490/5641 1592/1489/5641 3085/2732/5641
f 2164/2511/5642 3086/1493/5642 2024/1492/5642
f 2160/2733/5643 3086/1493/5643 2164/2511/5643
f 414/1490/5644 2024/1492/5644 3086/1493/5644
f 626/2502/5645 2162/2499/5645 3087/2734/5645
f 1650/1496/5646 3087/2734/5646 2162/2499/5646
f 411/1487/5647 2158/2731/5647 3087/2734/5647
f 321/1497/5648 2178/2736/5648 3088/2735/5648
f 2178/2736/5649 691/2742/5649 2168/2737/5649
f 3088/2735/5650 2168/2737/5650 690/2738/5650
f 1417/1500/5651 3088/2735/5651 2167/2739/5651
f 313/1505/5652 2166/2741/5652 3089/1506/5652
f 689/1510/5653 2169/2744/5653 3089/1506/5653
f 3089/1506/5654 2169/2744/5654 691/2742/5654
f 1419/1508/5655 3089/1506/5655 2178/2736/5655
f 689/1510/5656 2171/2745/5656 3090/2743/5656
f 2171/2745/5657 697/2773/5657 2182/2746/5657
f 2182/2746/5658 699/2752/5658 2179/2747/5658
f 2169/2744/5659 3090/2743/5659 2179/2747/5659
f 691/2742/5660 2179/2747/5660 3091/2748/5660
f 2179/2747/5661 699/2752/5661 2180/2749/5661
f 2180/2749/5662 693/2756/5662 2172/2750/5662
f 3091/2748/5663 2172/2750/5663 690/2738/5663
f 2181/2751/5664 3092/2754/5664 2180/2749/5664
f 2181/2751/5665 698/1525/5665 2174/2753/5665
f 3092/2754/5666 2174/2753/5666 688/2755/5666
f 3092/2754/5667 2173/1556/5667 693/2756/5667
f 706/2757/5668 2204/2760/5668 3093/2758/5668
f 2204/2760/5669 703/1533/5669 2196/1532/5669
f 3093/2758/5670 2196/1532/5670 702/1531/5670
f 3093/2758/5671 2198/2761/5671 705/1529/5671
f 2176/2762/5672 3094/2765/5672 2175/2763/5672
f 319/1541/5673 1426/1540/5673 3094/2765/5673
f 3094/2765/5674 1426/1540/5674 323/1539/5674
f 2175/2763/5675 3094/2765/5675 2183/2766/5675
f 2183/2766/5676 3095/2767/5676 2174/2753/5676
f 323/1539/5677 1425/1544/5677 3095/2767/5677
f 1425/1544/5678 320/3162/5678 2177/2768/5678
f 3095/2767/5679 2177/2768/5679 688/2755/5679
f 1427/1545/5680 3096/2769/5680 2166/2741/5680
f 324/1548/5681 2184/2770/5681 3096/2769/5681
f 2184/2770/5682 697/2773/5682 2171/2745/5682
f 3096/2769/5683 2171/2745/5683 689/1510/5683
f 324/1548/5684 1429/1550/5684 3097/2771/5684
f 1429/1550/5685 319/1541/5685 2176/2762/5685
f 3097/2771/5686 2176/2762/5686 696/2764/5686
f 2184/2770/5687 3097/2771/5687 2170/2772/5687
f 690/2738/5688 2172/2750/5688 3098/2774/5688
f 2172/2750/5689 693/2756/5689 2185/2775/5689
f 3098/2774/5690 2185/2775/5690 325/1554/5690
f 2167/2739/5691 3098/2774/5691 1430/1553/5691
f 2173/1556/5692 3099/2776/5692 2185/2775/5692
f 688/2755/5693 2177/2768/5693 3099/2776/5693
f 2177/2768/5694 320/3162/5694 1431/1558/5694
f 3099/2776/5695 1431/1558/5695 325/1554/5695
f 2190/2777/5696 3100/2778/5696 2186/1559/5696
f 697/2773/5697 2170/2772/5697 3100/2778/5697
f 2170/2772/5698 696/2764/5698 2191/1564/5698
f 3100/2778/5699 2191/1564/5699 687/1562/5699
f 2191/1564/5700 3101/2779/5700 2187/1565/5700
f 696/2764/5701 2175/2763/5701 3101/2779/5701
f 3101/2779/5702 2175/2763/5702 698/1525/5702
f 2187/1565/5703 3101/2779/5703 2192/2780/5703
f 694/1568/5704 2192/2780/5704 3102/1569/5704
f 2192/2780/5705 698/1525/5705 2181/2751/5705
f 3102/1569/5706 2181/2751/5706 699/2752/5706
f 2188/1570/5707 3102/1569/5707 2193/2781/5707
f 695/1572/5708 2193/2781/5708 3103/2782/5708
f 2193/2781/5709 699/2752/5709 2182/2746/5709
f 2182/2746/5710 697/2773/5710 2190/2777/5710
f 3103/2782/5711 2190/2777/5711 692/1561/5711
f 2194/1576/5712 3104/2784/5712 2197/2783/5712
f 700/1581/5713 2195/1580/5713 3104/2784/5713
f 2195/1580/5714 702/3163/5714 2196/1579/5714
f 3104/2784/5715 2196/1579/5715 703/1533/5715
f 710/2785/5716 2208/2788/5716 3105/2786/5716
f 2208/2788/5717 700/1588/5717 2194/1587/5717
f 3105/2786/5718 2194/1587/5718 701/1577/5718
f 3105/2786/5719 2200/2789/5719 709/2790/5719
f 2200/2789/5720 3106/1591/5720 2213/1589/5720
f 701/1577/5721 2197/2783/5721 3106/1591/5721
f 3106/1591/5722 2197/2783/5722 703/1533/5722
f 2213/1589/5723 3106/1591/5723 2204/2760/5723
f 2198/1593/5724 3107/2792/5724 2211/2791/5724
f 702/1597/5725 2195/1596/5725 3107/2792/5725
f 3107/2792/5726 2195/1596/5726 700/1588/5726
f 2211/2791/5727 3107/2792/5727 2208/2788/5727
f 694/1598/5728 2202/1600/5728 3108/2793/5728
f 2202/1600/5729 704/1605/5729 2210/2794/5729
f 2210/2794/5730 711/2798/5730 2201/2795/5730
f 3108/2793/5731 2201/2795/5731 687/1601/5731
f 2203/1606/5732 3109/2796/5732 2210/2794/5732
f 705/1594/5733 2211/2791/5733 3109/2796/5733
f 3109/2796/5734 2211/2791/5734 710/2785/5734
f 3109/2796/5735 2209/2797/5735 711/2798/5735
f 692/1609/5736 2206/2800/5736 3110/2799/5736
f 2206/2800/5737 708/2804/5737 2212/2801/5737
f 3110/2799/5738 2212/2801/5738 707/1614/5738
f 2189/1612/5739 3110/2799/5739 2199/2802/5739
f 2207/2803/5740 3111/2805/5740 2212/2801/5740
f 709/2790/5741 2213/1589/5741 3111/2805/5741
f 3111/2805/5742 2213/1589/5742 706/2757/5742
f 2212/2801/5743 3111/2805/5743 2205/2806/5743
f 2201/2795/5744 3112/2807/5744 2186/1620/5744
f 711/2798/5745 2214/2808/5745 3112/2807/5745
f 2214/2808/5746 708/2804/5746 2206/2800/5746
f 3112/2807/5747 2206/2800/5747 692/1609/5747
f 2209/2797/5748 3113/2809/5748 2214/2808/5748
f 2209/2797/5749 710/2785/5749 2215/2787/5749
f 2215/2787/5750 709/2790/5750 2207/2803/5750
f 3113/2809/5751 2207/2803/5751 708/2804/5751
f 695/1625/5752 2199/2802/5752 3114/2810/5752
f 2199/2802/5753 707/1614/5753 2216/2811/5753
f 3114/2810/5754 2216/2811/5754 704/1629/5754
f 2188/1627/5755 3114/2810/5755 2202/1628/5755
f 707/1614/5756 2205/2806/5756 3115/1631/5756
f 2205/2806/5757 706/2757/5757 2217/2759/5757
f 2217/2759/5758 705/1529/5758 2203/1632/5758
f 2216/2811/5759 3115/1631/5759 2203/1632/5759
f 712/2813/5760 2218/2815/5760 3116/2814/5760
f 2218/2815/5761 713/1640/5761 2221/1639/5761
f 3116/2814/5762 2221/1639/5762 722/2816/5762
f 2219/1636/5763 3116/2814/5763 2220/1637/5763
f 713/1640/5764 2222/2818/5764 3117/2817/5764
f 2222/2818/5765 714/2822/5765 2224/2819/5765
f 3117/2817/5766 2224/2819/5766 723/2820/5766
f 2221/1639/5767 3117/2817/5767 2223/2821/5767
f 714/2822/5768 2225/2824/5768 3118/2823/5768
f 2225/2824/5769 715/2828/5769 2227/2825/5769
f 3118/2823/5770 2227/2825/5770 724/2826/5770
f 2224/2819/5771 3118/2823/5771 2226/2827/5771
f 715/2828/5772 2228/1654/5772 3119/2829/5772
f 2228/1654/5773 716/1658/5773 2230/1657/5773
f 3119/2829/5774 2230/1657/5774 725/1656/5774
f 2227/2825/5775 3119/2829/5775 2229/2830/5775
f 2232/1660/5776 3120/1663/5776 2231/1659/5776
f 718/2831/5777 2234/2832/5777 3120/1663/5777
f 2234/2832/5778 727/2835/5778 2233/1664/5778
f 3120/1663/5779 2233/1664/5779 726/1662/5779
f 2235/2833/5780 3121/1669/5780 2234/2832/5780
f 719/1672/5781 2237/1671/5781 3121/1669/5781
f 2237/1671/5782 728/2839/5782 2236/2834/5782
f 3121/1669/5783 2236/2834/5783 727/2835/5783
f 2238/2836/5784 3122/2837/5784 2237/1671/5784
f 720/1678/5785 2240/2838/5785 3122/2837/5785
f 2240/2838/5786 729/1680/5786 2239/1676/5786
f 3122/2837/5787 2239/1676/5787 728/2839/5787
f 2241/2840/5788 3123/2841/5788 2240/2838/5788
f 712/2813/5789 2219/1636/5789 3123/2841/5789
f 2219/1636/5790 721/1683/5790 2242/2842/5790
f 3123/2841/5791 2242/2842/5791 729/1680/5791
f 721/1683/5792 2220/1637/5792 3124/2843/5792
f 2220/1637/5793 722/2816/5793 2245/2845/5793
f 3124/2843/5794 2245/2845/5794 731/2846/5794
f 2243/2844/5795 3124/2843/5795 2244/2847/5795
f 722/2816/5796 2223/2821/5796 3125/1689/5796
f 2223/2821/5797 723/2820/5797 2247/2848/5797
f 3125/1689/5798 2247/2848/5798 732/2849/5798
f 2245/2845/5799 3125/1689/5799 2246/2850/5799
f 723/2820/5800 2226/2827/5800 3126/2851/5800
f 2226/2827/5801 724/2826/5801 2249/2852/5801
f 3126/2851/5802 2249/2852/5802 733/2853/5802
f 2247/2848/5803 3126/2851/5803 2248/2854/5803
f 724/2826/5804 2229/2830/5804 3127/2855/5804
f 2229/2830/5805 725/1656/5805 2251/1700/5805
f 3127/2855/5806 2251/1700/5806 734/1699/5806
f 2249/2852/5807 3127/2855/5807 2250/2856/5807
f 2233/1664/5808 3128/2857/5808 2252/1701/5808
f 727/2835/5809 2254/1705/5809 3128/2857/5809
f 2254/1705/5810 736/1706/5810 2253/2858/5810
f 3128/2857/5811 2253/2858/5811 735/1702/5811
f 2236/2834/5812 3129/2859/5812 2254/1705/5812
f 728/2839/5813 2256/1709/5813 3129/2859/5813
f 2256/1709/5814 737/2862/5814 2255/1708/5814
f 3129/2859/5815 2255/1708/5815 736/1706/5815
f 2239/1676/5816 3130/2860/5816 2256/1709/5816
f 729/1680/5817 2258/1713/5817 3130/2860/5817
f 2258/1713/5818 738/2865/5818 2257/2861/5818
f 3130/2860/5819 2257/2861/5819 737/2862/5819
f 2242/2842/5820 3131/2863/5820 2258/1713/5820
f 721/1683/5821 2243/2844/5821 3131/2863/5821
f 2243/2844/5822 730/1718/5822 2259/2864/5822
f 3131/2863/5823 2259/2864/5823 738/2865/5823
f 2244/2847/5824 3132/2867/5824 2260/2866/5824
f 731/2846/5825 2261/1722/5825 3132/2867/5825
f 2261/1722/5826 370/1723/5826 1508/1721/5826
f 3132/2867/5827 1508/1721/5827 369/1719/5827
f 2246/2850/5828 3133/2868/5828 2261/1722/5828
f 732/2849/5829 2262/2869/5829 3133/2868/5829
f 2262/2869/5830 371/1727/5830 1510/1725/5830
f 3133/2868/5831 1510/1725/5831 370/1723/5831
f 2248/2854/5832 3134/2871/5832 2262/2869/5832
f 2248/2854/5833 733/2853/5833 2263/2870/5833
f 2263/2870/5834 372/2873/5834 1512/1729/5834
f 3134/2871/5835 1512/1729/5835 371/1727/5835
f 733/2853/5836 2250/2856/5836 3135/2872/5836
f 2250/2856/5837 734/1699/5837 2264/1734/5837
f 3135/2872/5838 2264/1734/5838 373/1733/5838
f 2263/2870/5839 3135/2872/5839 1514/1732/5839
f 2253/2858/5840 3136/2874/5840 2265/1735/5840
f 736/1706/5841 2266/2875/5841 3136/2874/5841
f 2266/2875/5842 375/2877/5842 1517/1738/5842
f 3136/2874/5843 1517/1738/5843 374/1736/5843
f 2255/1708/5844 3137/1741/5844 2266/2875/5844
f 2255/1708/5845 737/2862/5845 2267/2876/5845
f 3137/1741/5846 2267/2876/5846 376/1742/5846
f 2266/2875/5847 3137/1741/5847 1519/1740/5847
f 737/2862/5848 2257/2861/5848 3138/1744/5848
f 2257/2861/5849 738/2865/5849 2268/2878/5849
f 3138/1744/5850 2268/2878/5850 377/1746/5850
f 2267/2876/5851 3138/1744/5851 1521/1745/5851
f 738/2865/5852 2259/2864/5852 3139/2879/5852
f 2259/2864/5853 730/1718/5853 2260/2866/5853
f 3139/2879/5854 2260/2866/5854 369/1719/5854
f 2268/2878/5855 3139/2879/5855 1523/1749/5855
f 378/1750/5856 1524/1752/5856 3140/2880/5856
f 1524/1752/5857 379/1757/5857 2271/2881/5857
f 3140/2880/5858 2271/2881/5858 740/2882/5858
f 2269/1753/5859 3140/2880/5859 2270/2883/5859
f 379/1757/5860 1525/1759/5860 3141/2884/5860
f 1525/1759/5861 380/1763/5861 2273/2885/5861
f 3141/2884/5862 2273/2885/5862 741/1761/5862
f 2271/2881/5863 3141/2884/5863 2272/2886/5863
f 380/1763/5864 1526/1765/5864 3142/2887/5864
f 1526/1765/5865 381/1768/5865 2275/2888/5865
f 2275/2888/5866 742/2890/5866 2274/1766/5866
f 2273/2885/5867 3142/2887/5867 2274/1766/5867
f 1527/1769/5868 3143/1771/5868 2275/2888/5868
f 382/1774/5869 2277/1773/5869 3143/1771/5869
f 2277/1773/5870 743/1816/5870 2276/2889/5870
f 3143/1771/5871 2276/2889/5871 742/2890/5871
f 383/1775/5872 1528/1777/5872 3144/2891/5872
f 1528/1777/5873 384/1782/5873 2280/2892/5873
f 3144/2891/5874 2280/2892/5874 745/2893/5874
f 2278/1778/5875 3144/2891/5875 2279/2894/5875
f 1529/1783/5876 3145/2895/5876 2280/2892/5876
f 385/1787/5877 2282/2896/5877 3145/2895/5877
f 2282/2896/5878 746/2899/5878 2281/1784/5878
f 2280/2892/5879 3145/2895/5879 2281/1784/5879
f 1530/1788/5880 3146/2897/5880 2282/2896/5880
f 386/1793/5881 2284/2898/5881 3146/2897/5881
f 2284/2898/5882 747/2902/5882 2283/1791/5882
f 3146/2897/5883 2283/1791/5883 746/2899/5883
f 1531/1794/5884 3147/2900/5884 2284/2898/5884
f 378/1750/5885 2269/1753/5885 3147/2900/5885
f 2269/1753/5886 739/1799/5886 2285/2901/5886
f 3147/2900/5887 2285/2901/5887 747/2902/5887
f 2270/2883/5888 3148/2903/5888 2286/1798/5888
f 740/2882/5889 2288/2904/5889 3148/2903/5889
f 2288/2904/5890 749/1804/5890 2287/2905/5890
f 3148/2903/5891 2287/2905/5891 748/1800/5891
f 2272/2886/5892 3149/2906/5892 2288/2904/5892
f 741/1761/5893 2290/2907/5893 3149/2906/5893
f 2290/2907/5894 750/1808/5894 2289/2908/5894
f 3149/2906/5895 2289/2908/5895 749/1804/5895
f 2274/1766/5896 3150/2909/5896 2290/2907/5896
f 742/2890/5897 2292/2910/5897 3150/2909/5897
f 2292/2910/5898 751/1812/5898 2291/2911/5898
f 3150/2909/5899 2291/2911/5899 750/1808/5899
f 2276/2889/5900 3151/2912/5900 2292/2910/5900
f 743/1816/5901 2294/1815/5901 3151/2912/5901
f 2294/1815/5902 752/1842/5902 2293/2913/5902
f 3151/2912/5903 2293/2913/5903 751/1812/5903
f 744/1817/5904 2279/2894/5904 3152/2914/5904
f 2279/2894/5905 745/2893/5905 2297/2915/5905
f 3152/2914/5906 2297/2915/5906 754/2916/5906
f 2295/1819/5907 3152/2914/5907 2296/2917/5907
f 745/2893/5908 2281/1784/5908 3153/2918/5908
f 2281/1784/5909 746/2899/5909 2299/2919/5909
f 3153/2918/5910 2299/2919/5910 755/2920/5910
f 2297/2915/5911 3153/2918/5911 2298/2921/5911
f 746/2899/5912 2283/1791/5912 3154/2922/5912
f 2283/1791/5913 747/2902/5913 2301/2923/5913
f 3154/2922/5914 2301/2923/5914 756/2924/5914
f 2299/2919/5915 3154/2922/5915 2300/2925/5915
f 747/2902/5916 2285/2901/5916 3155/2926/5916
f 2285/2901/5917 739/1799/5917 2286/1798/5917
f 3155/2926/5918 2286/1798/5918 748/1800/5918
f 2301/2923/5919 3155/2926/5919 2302/1832/5919
f 2287/2905/5920 3156/2928/5920 2303/2927/5920
f 749/1804/5921 2304/1835/5921 3156/2928/5921
f 2304/1835/5922 713/1640/5922 2218/2815/5922
f 3156/2928/5923 2218/2815/5923 712/2813/5923
f 2289/2908/5924 3157/2929/5924 2304/1835/5924
f 750/1808/5925 2305/1837/5925 3157/2929/5925
f 2305/1837/5926 714/2822/5926 2222/2818/5926
f 3157/2929/5927 2222/2818/5927 713/1640/5927
f 2291/2911/5928 3158/2930/5928 2305/1837/5928
f 751/1812/5929 2306/2931/5929 3158/2930/5929
f 2306/2931/5930 715/2828/5930 2225/2824/5930
f 3158/2930/5931 2225/2824/5931 714/2822/5931
f 2293/2913/5932 3159/2932/5932 2306/2931/5932
f 752/1842/5933 2307/1841/5933 3159/2932/5933
f 2307/1841/5934 716/1658/5934 2228/1654/5934
f 3159/2932/5935 2228/1654/5935 715/2828/5935
f 753/1843/5936 2296/2917/5936 3160/1844/5936
f 2296/2917/5937 754/2916/5937 2309/1846/5937
f 3160/1844/5938 2309/1846/5938 718/2831/5938
f 2308/1845/5939 3160/1844/5939 2232/1660/5939
f 754/2916/5940 2298/2921/5940 3161/2933/5940
f 2298/2921/5941 755/2920/5941 2310/2934/5941
f 3161/2933/5942 2310/2934/5942 719/1672/5942
f 2309/1846/5943 3161/2933/5943 2235/2833/5943
f 755/2920/5944 2300/2925/5944 3162/2935/5944
f 2300/2925/5945 756/2924/5945 2311/2936/5945
f 3162/2935/5946 2311/2936/5946 720/1678/5946
f 2310/2934/5947 3162/2935/5947 2238/2836/5947
f 756/2924/5948 2302/1832/5948 3163/2937/5948
f 2302/1832/5949 748/1800/5949 2303/2927/5949
f 3163/2937/5950 2303/2927/5950 712/2813/5950
f 2311/2936/5951 3163/2937/5951 2241/2840/5951
f 405/1852/5952 2312/1854/5952 3164/1853/5952
f 2312/1854/5953 675/1483/5953 2127/2728/5953
f 3164/1853/5954 2127/2728/5954 307/1472/5954
f 1390/1855/5955 3164/1853/5955 1391/1476/5955
f 406/1856/5956 1576/1858/5956 3165/2938/5956
f 234/1372/5957 2124/2659/5957 3165/2938/5957
f 2313/2939/5958 3165/2938/5958 2124/2659/5958
f 2313/2939/5959 3166/2940/5959 2321/1862/5959
f 674/1366/5960 2003/1861/5960 3166/2940/5960
f 2321/1862/5961 3166/2940/5961 2003/1861/5961
f 2316/1864/5962 3167/2941/5962 2315/1960/5962
f 2314/1866/5963 3167/2941/5963 2316/1864/5963
f 757/189/5964 2315/1960/5964 3167/2941/5964
f 1646/1948/5965 3168/2942/5965 2316/1868/5965
f 46/159/5966 873/1871/5966 3168/2942/5966
f 408/1869/5967 2316/1868/5967 3168/2942/5967
f 420/126/5968 1598/1935/5968 3169/1872/5968
f 419/130/5969 2320/2943/5969 3169/1872/5969
f 2319/1874/5970 3169/1872/5970 2320/2943/5970
f 1645/1876/5971 3170/2944/5971 2320/2943/5971
f 757/1878/5972 2317/2945/5972 3170/2944/5972
f 758/1875/5973 2320/2943/5973 3170/2944/5973
f 2318/2946/5974 3171/2950/5974 2354/2947/5974
f 2318/2946/5975 758/3082/5975 2339/2949/5975
f 2339/2949/5976 774/3085/5976 2344/2951/5976
f 3171/2950/5977 2344/2951/5977 765/2952/5977
f 2324/2953/5978 3172/2957/5978 2395/2954/5978
f 759/2956/5979 2326/2958/5979 3172/2957/5979
f 2326/2958/5980 766/2962/5980 2362/2959/5980
f 3172/2957/5981 2362/2959/5981 781/2960/5981
f 2362/2959/5982 3173/2963/5982 2370/2961/5982
f 766/2962/5983 2327/3059/5983 3173/2963/5983
f 3173/2963/5984 2327/3059/5984 761/2964/5984
f 3173/2963/5985 2360/2965/5985 779/2966/5985
f 2344/2967/5986 3174/2971/5986 2325/2968/5986
f 774/2970/5987 2343/2972/5987 3174/2971/5987
f 2343/2972/5988 767/2977/5988 2329/2973/5988
f 3174/2971/5989 2329/2973/5989 760/2974/5989
f 760/2974/5990 2329/2973/5990 3175/2975/5990
f 767/2977/5991 2345/3076/5991 3175/2975/5991
f 3175/2975/5992 2345/3076/5992 775/2978/5992
f 2331/2976/5993 3175/2975/5993 2348/2979/5993
f 2360/2965/5994 3176/2982/5994 2369/2981/5994
f 761/2964/5995 2332/2983/5995 3176/2982/5995
f 2332/2983/5996 769/3056/5996 2363/2984/5996
f 3176/2982/5997 2363/2984/5997 782/2985/5997
f 782/2986/5998 2363/2989/5998 3177/2987/5998
f 2363/2989/5999 769/3052/5999 2333/2990/5999
f 3177/2987/6000 2333/2990/6000 764/2991/6000
f 2368/2988/6001 3177/2987/6001 2361/2992/6001
f 2348/2994/6002 3178/2998/6002 2330/2995/6002
f 775/2997/6003 2347/3073/6003 3178/2998/6003
f 3178/2998/6004 2347/3073/6004 770/2999/6004
f 3178/2998/6005 2335/3000/6005 763/3001/6005
f 763/3001/6006 2335/3000/6006 3179/3002/6006
f 2335/3000/6007 770/2999/6007 2349/3004/6007
f 3179/3002/6008 2349/3004/6008 776/3005/6008
f 2336/3003/6009 3179/3002/6009 2351/3006/6009
f 780/2993/6010 2361/2992/6010 3180/3008/6010
f 764/2991/6011 2337/3051/6011 3180/3008/6011
f 3180/3008/6012 2337/3051/6012 772/3010/6012
f 2367/3009/6013 3180/3008/6013 2364/3011/6013
f 783/3012/6014 2364/3011/6014 3181/3013/6014
f 2364/3011/6015 772/3010/6015 2338/3015/6015
f 3181/3013/6016 2338/3015/6016 762/3016/6016
f 2396/3014/6017 3181/3013/6017 2397/3017/6017
f 771/3019/6018 2351/3023/6018 3182/3020/6018
f 776/3022/6019 2322/3024/6019 3182/3020/6019
f 2323/3021/6020 3182/3020/6020 2322/3024/6020
f 2397/3017/6021 3183/3027/6021 1578/3026/6021
f 762/3016/6022 2340/3028/6022 3183/3027/6022
f 2340/3028/6023 773/3064/6023 2365/3029/6023
f 3183/3027/6024 2365/3029/6024 408/3030/6024
f 408/3030/6025 2365/3029/6025 3184/3031/6025
f 2365/3029/6026 773/3064/6026 2341/3033/6026
f 3184/3031/6027 2341/3033/6027 759/2956/6027
f 2314/3032/6028 3184/3031/6028 2324/2953/6028
f 760/2974/6029 2331/2976/6029 3185/3034/6029
f 2331/2976/6030 768/2980/6030 2352/3035/6030
f 2352/3035/6031 777/3176/6031 2355/3036/6031
f 3185/3034/6032 2355/3036/6032 765/2969/6032
f 2330/2995/6033 3186/3038/6033 2352/3037/6033
f 763/3001/6034 2336/3003/6034 3186/3038/6034
f 2336/3003/6035 771/3007/6035 2353/3039/6035
f 3186/3038/6036 2353/3039/6036 777/3040/6036
f 2353/3041/6037 3187/3044/6037 2366/3042/6037
f 771/3019/6038 2323/3021/6038 3187/3044/6038
f 2323/3021/6039 409/3025/6039 1582/3045/6039
f 3187/3044/6040 1582/3045/6040 8/3046/6040
f 765/2952/6041 2355/3049/6041 3188/3047/6041
f 777/3048/6042 2366/3050/6042 3188/3047/6042
f 2354/2947/6043 3188/3047/6043 2366/3050/6043
f 2333/2990/6044 3189/3053/6044 2337/3051/6044
f 769/3052/6045 2356/3054/6045 3189/3053/6045
f 2356/3054/6046 778/3061/6046 2359/3055/6046
f 3189/3053/6047 2359/3055/6047 772/3010/6047
f 769/3056/6048 2332/2983/6048 3190/3057/6048
f 2332/2983/6049 761/2964/6049 2327/3059/6049
f 3190/3057/6050 2327/3059/6050 766/2962/6050
f 2356/3058/6051 3190/3057/6051 2357/3060/6051
f 2357/3060/6052 3191/3063/6052 2358/3062/6052
f 766/2962/6053 2326/2958/6053 3191/3063/6053
f 2326/2958/6054 759/2956/6054 2341/3033/6054
f 3191/3063/6055 2341/3033/6055 773/3064/6055
f 772/3010/6056 2359/3055/6056 3192/3065/6056
f 2359/3055/6057 778/3061/6057 2358/3062/6057
f 3192/3065/6058 2358/3062/6058 773/3064/6058
f 2338/3015/6059 3192/3065/6059 2340/3028/6059
f 776/3022/6060 2350/3067/6060 3193/3066/6060
f 2350/3067/6061 783/3012/6061 2396/3014/6061
f 3193/3066/6062 2396/3014/6062 407/3018/6062
f 2322/3024/6063 3193/3066/6063 1581/3068/6063
f 770/2999/6064 2334/3070/6064 3194/3069/6064
f 2334/3070/6065 780/2993/6065 2367/3009/6065
f 3194/3069/6066 2367/3009/6066 783/3012/6066
f 2349/3004/6067 3194/3069/6067 2350/3071/6067
f 775/2997/6068 2346/3074/6068 3195/3072/6068
f 2346/3074/6069 782/2986/6069 2368/2988/6069
f 3195/3072/6070 2368/2988/6070 780/2993/6070
f 2347/3073/6071 3195/3072/6071 2334/3070/6071
f 2328/3075/6072 3196/3077/6072 2345/3076/6072
f 779/2966/6073 2369/2981/6073 3196/3077/6073
f 2369/2981/6074 782/2985/6074 2346/3078/6074
f 3196/3077/6075 2346/3078/6075 775/2978/6075
f 2342/3079/6076 3197/3080/6076 2343/2972/6076
f 781/2960/6077 2370/2961/6077 3197/3080/6077
f 2370/2961/6078 779/2966/6078 2328/3075/6078
f 3197/3080/6079 2328/3075/6079 767/2977/6079
f 2317/3081/6080 3198/3083/6080 2339/2949/6080
f 757/2955/6081 2395/2954/6081 3198/3083/6081
f 2395/2954/6082 781/2960/6082 2342/3084/6082
f 3198/3083/6083 2342/3084/6083 774/3085/6083
f 2393/3086/6084 3199/3090/6084 1585/3087/6084
f 786/3089/6085 2379/3121/6085 3199/3090/6085
f 3199/3090/6086 2379/3121/6086 788/3091/6086
f 1585/3087/6087 3199/3090/6087 2394/3092/6087
f 295/3093/6088 2394/3092/6088 3200/3094/6088
f 2394/3092/6089 788/3091/6089 2377/3096/6089
f 3200/3094/6090 2377/3096/6090 785/3097/6090
f 1575/3095/6091 3200/3094/6091 2372/3098/6091
f 2393/3086/6092 3201/3101/6092 2383/3100/6092
f 406/3088/6093 2392/3103/6093 3201/3101/6093
f 791/3102/6094 2383/3100/6094 3201/3101/6094
f 2391/3104/6095 3202/3108/6095 2312/3105/6095
f 2391/3104/6096 789/3139/6096 2382/3107/6096
f 2382/3107/6097 790/3177/6097 2371/3109/6097
f 2312/3105/6098 3202/3108/6098 2371/3109/6098
f 785/3097/6099 2377/3096/6099 3203/3111/6099
f 788/3091/6100 2376/3114/6100 3203/3111/6100
f 784/3113/6101 2374/3112/6101 3203/3111/6101
f 2378/3115/6102 3204/3118/6102 2373/3116/6102
f 787/3117/6103 2375/3119/6103 3204/3118/6103
f 784/3113/6104 2373/3116/6104 3204/3118/6104
f 788/3091/6105 2379/3121/6105 3205/3120/6105
f 786/3089/6106 2373/3116/6106 3205/3120/6106
f 2376/3114/6107 3205/3120/6107 2373/3116/6107
f 787/3122/6108 2380/3125/6108 3206/3123/6108
f 2374/3112/6109 3206/3123/6109 2380/3125/6109
f 784/3113/6110 2375/3124/6110 3206/3123/6110
f 2371/3126/6111 3207/3130/6111 2321/3127/6111
f 790/3129/6112 2381/3131/6112 3207/3130/6112
f 2381/3131/6113 791/3102/6113 2392/3103/6113
f 2321/3127/6114 3207/3130/6114 2392/3103/6114
f 786/3089/6115 2383/3100/6115 3208/3132/6115
f 791/3102/6116 2388/3134/6116 3208/3132/6116
f 2385/3133/6117 3208/3132/6117 2388/3134/6117
f 405/3106/6118 2372/3138/6118 3209/3136/6118
f 2384/3137/6119 3209/3136/6119 2372/3138/6119
f 789/3139/6120 2391/3104/6120 3209/3136/6120
f 789/3139/6121 2384/3137/6121 3210/3140/6121
f 785/3097/6122 2386/3142/6122 3210/3140/6122
f 2387/3141/6123 3210/3140/6123 2386/3142/6123
f 791/3102/6124 2381/3145/6124 3211/3143/6124
f 790/3144/6125 2389/3146/6125 3211/3143/6125
f 792/3135/6126 2388/3134/6126 3211/3143/6126
f 2380/3125/6127 3212/3147/6127 2386/3142/6127
f 787/3122/6128 2390/3148/6128 3212/3147/6128
f 2386/3142/6129 3212/3147/6129 2390/3148/6129
f 787/3117/6130 2378/3115/6130 3213/3149/6130
f 2385/3133/6131 3213/3149/6131 2378/3115/6131
f 2390/3150/6132 3213/3149/6132 2385/3133/6132
f 790/3144/6133 2382/3152/6133 3214/3151/6133
f 789/3139/6134 2387/3141/6134 3214/3151/6134
f 2389/3146/6135 3214/3151/6135 2387/3141/6135
